:020000040800F2
:1000000000400220C94C0108594D0108E93101089E
:1000100000000000000000000000000000000000E0
:100020000000000000000000000000004F8D0108EB
:100030000000000000000000618E0108D5310108B9
:10004000594D0108594D0108594D0108594D0108F4
:10005000594D0108594D0108594D0108594D0108E4
:10006000594D01084936010869360108BD360108B5
:10007000594D0108594D0108594D0108594D0108C4
:10008000594D0108594D0108594D0108594D0108B4
:10009000594D0108594D0108594D0108594D0108A4
:1000A000594D0108594D0108594D01089D3201086B
:0C00B00049330108F5330108594D0108DF
:1000C00010B5064C2378002B07D1054B002B02D02E
:1000D000044800E000BF0123237010BD3009002058
:1000E00000000000BC830208044B10B5002B03D0B5
:1000F0000349044800E000BF10BDC04600000000F6
:1001000034090020BC83020802780B78002A03D04F
:10011000013001319A42F7D0D01A70470023C25CF7
:100120000133002AFBD1581E7047000002B471460B
:1001300049084900095C49008E4402BC7047C0462A
:1001400003B47146490840004900095A49008E44E9
:1001500003BC7047002243088B4274D303098B42CF
:100160005FD3030A8B4244D3030B8B4228D3030C87
:100170008B420DD3FF22090212BA030C8B4202D329
:100180001212090265D0030B8B4219D300E0090A51
:10019000C30B8B4201D3CB03C01A5241830B8B425A
:1001A00001D38B03C01A5241430B8B4201D34B0343
:1001B000C01A5241030B8B4201D30B03C01A5241A8
:1001C000C30A8B4201D3CB02C01A5241830A8B422D
:1001D00001D38B02C01A5241430A8B4201D34B0216
:1001E000C01A5241030A8B4201D30B02C01A52417A
:1001F000CDD2C3098B4201D3CB01C01A524183092E
:100200008B4201D38B01C01A524143098B4201D367
:100210004B01C01A524103098B4201D30B01C01A92
:100220005241C3088B4201D3CB00C01A524183080C
:100230008B4201D38B00C01A524143088B4201D339
:100240004B00C01A5241411A00D201465241104699
:100250007047FFE701B5002000F0F0F802BDC0468E
:100260000029F7D076E7704703460B437FD400227E
:1002700043088B4274D303098B425FD3030A8B423A
:1002800044D3030B8B4228D3030C8B420DD3FF22A4
:10029000090212BA030C8B4202D31212090265D072
:1002A000030B8B4219D300E0090AC30B8B4201D325
:1002B000CB03C01A5241830B8B4201D38B03C01A6C
:1002C0005241430B8B4201D34B03C01A5241030BE3
:1002D0008B4201D30B03C01A5241C30A8B4201D394
:1002E000CB02C01A5241830A8B4201D38B02C01A3F
:1002F0005241430A8B4201D34B02C01A5241030AB6
:100300008B4201D30B02C01A5241CDD2C3098B429A
:1003100001D3CB01C01A524183098B4201D38B0117
:10032000C01A524143098B4201D34B01C01A5241BA
:1003300003098B4201D30B01C01A5241C3088B42FF
:1003400001D3CB00C01A524183088B4201D38B00EA
:10035000C01A524143088B4201D34B00C01A52418C
:10036000411A00D201465241104670475DE0CA0F63
:1003700000D04942031000D34042534000229C4623
:1003800003098B422DD3030A8B4212D3FC2289012D
:1003900012BA030A8B420CD3890192118B4208D303
:1003A000890192118B4204D389013AD0921100E065
:1003B0008909C3098B4201D3CB01C01A5241830979
:1003C0008B4201D38B01C01A524143098B4201D3A6
:1003D0004B01C01A524103098B4201D30B01C01AD1
:1003E0005241C3088B4201D3CB00C01A524183084B
:1003F0008B4201D38B00C01A5241D9D243088B42A1
:1004000001D34B00C01A5241411A00D20146634643
:1004100052415B10104601D34042002B00D54942A7
:10042000704763465B1000D3404201B5002000F0E6
:1004300005F802BD0029F8D016E770477047C0469E
:100440008446100062468C461900634600E0C046B0
:100450001FB501F02FFB002801D40021C8421FBDA9
:1004600010B501F06FFA4042013010BD10B501F037
:1004700021FB002801DB002010BD012010BDC0467B
:1004800010B501F017FB002801DD002010BD012090
:1004900010BDC04610B501F099FA002801DC00201B
:1004A00010BD012010BDC04610B501F08FFA002824
:1004B00001DA002010BD012010BDC04684460800AE
:1004C0006146FFE71FB500F033FA002801D4002190
:1004D000C8421FBD10B500F0B3F94042013010BD55
:1004E00010B500F025FA002801DB002010BD012026
:1004F00010BDC04610B500F01BFA002801DD002039
:1005000010BD012010BDC04610B500F0C1F9002893
:1005100001DC002010BD012010BDC04610B500F068
:10052000B7F9002801DA002010BD012010BDC04637
:10053000002B11D1002A0FD1002900D1002802D0B0
:100540000021C943080007B4024802A140180290E4
:1005500003BDC046E9FEFFFF03B4684601B502983B
:1005600000F0A2F8019B9E4602B00CBC7047C0464A
:10057000F0B5CE469946030C9C46130447461B0C27
:100580001D000E0061460404240C80B50700100C09
:100590004B436543414360432C0CC01824188C46E0
:1005A000A34203D980235B029846C4444946794359
:1005B0005643230C2D042D0C89196344240460191F
:1005C000C918C0BCB946B046F0BDC04670B50022DF
:1005D0000C4B04000D00FFF767FF002804D120003A
:1005E000290002F05FF970BD064B002220002900AF
:1005F00001F09AFD02F056F980231B069C466044E8
:10060000F1E7C0460000E04170B50022002304007D
:100610000D00FFF72BFF002808D12000290000F073
:100620000FF802000B001000190070BD80231B069C
:10063000E918200000F004F8002342428B41F2E761
:1006400070B500220B4B0D00040001F0A5FAFFF776
:10065000BDFF060002F090F90022074B01F09CFA62
:1006600002000B002000290001F05EFDFFF7AEFF45
:10067000310070BD0000F03D0000F04170B5060093
:10068000080002F04BF90022064B01F085FA0D003C
:100690000400300002F070F92B00220000F0D4FAC0
:1006A00070BDC0460000F041F0B557464E46454685
:1006B000DE46E0B504000D009246994683B08B42B9
:1006C00030D82DD04946504602F064FA2900060081
:1006D000200002F05FFA331A9846203B34D49B4640
:1006E00053465A46934042461F00534693401E00CD
:1006F000AF423BD8AF4200D179E05B46A41BBD417D
:10070000002B00DA76E000220023009201930123FF
:100710005A4693400193012342469340009329E0B7
:100720008242CFD900220023009201930C9B002B20
:1007300001D01C605D600098019903B0F0BCBB461D
:10074000B246A946A046F0BD42469B4620239B1ACE
:100750005246DA40414613004A468A401700424654
:100760001F43534693401E00AF42C3D900220023CB
:10077000009201934346002BD8D0FB0772081A431E
:1007800046467B080EE0AB4201D1A2420CD8A41A27
:100790009D41012024196D410021013E24184D4145
:1007A000002E06D0AB42EED9013E24196D41002E39
:1007B000F8D1009801995B4600196941002B24DBB0
:1007C0002B005A464446D3402A00E2401C005B46B8
:1007D0001500002B2ADB26009E40330026004746EA
:1007E000BE403200801A9941009001919EE7A342D9
:1007F000BCD882E74246202300219B1A00220091A8
:1008000001920122DA40019285E7424620239B1A99
:100810002A0046469A402300F340444613432A00E8
:10082000E2401C005B461500002BD4DA42462F0044
:100830002023260097409B1ADE403B003343CDE740
:1008400070B542004E024C0045026D0A120EC30FF5
:10085000760A240EC90FFF2A10D0FF2C0CD00120DD
:10086000A2420AD1B54208D18B420FD0002A04D14E
:100870002800431E984100E0012070BD0120FF2C9C
:10088000FBD13543F9D14B401800F6E70020F4E7DF
:1008900030B5420044024D02C30F4800640A120EF4
:1008A0006D0A000EC90FFF2A19D0FF280BD0002AAD
:1008B0001ED100280BD1002D27D0002C34D10029C7
:1008C0002FD0080030BD002D28D1002A01D1002CE6
:1008D000F5D08B4207D1002B23D01800F2E7002C73
:1008E0001CD1FF2814D0581E022318400138E9E714
:1008F0000028F8D08B42F6D18242F4DCEBDBAC422C
:10090000F1D80020AC42DDD2E5E7002CDAD0EAE7EE
:10091000002D03D18B42E6D10020D3E702204042D4
:10092000D0E701204042CDE78B42E8D0DBE7C0466C
:1009300030B5420044024D02C30F4800640A120E53
:100940006D0A000EC90FFF2A1AD0FF280ED0002A08
:100950001ED100280ED1002D2AD0002C0CD08B42A5
:100960001DD0581E02231840013810E0002D0DD173
:10097000002A20D1002C1ED1002923D0080006E037
:10098000002C03D1FF28ECD1002D17D0022030BD60
:100990000028E6D08B42E4D18242E2DC04DBAC42A8
:1009A000DFD80020AC42F2D2002B0BD01800EEE7CB
:1009B000002CECD0D5E78B42D3D1F5E700208B4259
:1009C000E5D0CEE701204042E1E7C046F0B54F4612
:1009D0004646D64643025B0A4500C0B599460F1C01
:1009E0002D0EC60F002D00D188E0FF2D00D18DE027
:1009F0008022DB00D2041A430023914698469A468F
:100A00007F3D7C027B00640A1B0EFF0F002B68D029
:100A1000FF2B21D08022E400D204144342467F3BC6
:100A20005B1900215D1C0A2A2EDC7E404246022A08
:100A300023DC013A012A00D9BDE002296ED0012948
:100A40002CD100200022C005F60710433043E0BC43
:100A5000BA46B146A846F0BD2B00FF33002C65D046
:100A60000322414611433200013588467A40FF3562
:100A70000A2900DDD8E01600032140460122824009
:100A8000A620C000024220D05346022B46D0032BA2
:100A900000D1BBE051464C460129D2D02B007F3318
:100AA000002B70DD620704D00F222240042A00D000
:100AB0000434220103D5634B1C402B008033FE2BF2
:100AC0002CDCA201520AD8B2BDE79020800002427D
:100AD00027D1B938FF3810426DD03E00A1468A4672
:100AE000D2E7002C41D1012342461A4390462B0005
:100AF000424601215D1C0A2A97DDC5E7002B26D15D
:100B000004239846033B00259A467AE7002B18D128
:100B100008239846063BFF259A4672E7FF200022ED
:100B200091E780220026FF20D2038CE74146022273
:100B3000013511438846FF350A29A5DC02217E4094
:100B400074E70C239846093BFF259A4659E718009D
:100B500002F002F84A46431F76259A4000236D4270
:100B6000914698469A462D1A4BE7200001F0F4FF73
:100B70004246431F9C402B1A763B00215D1C0A2AEB
:100B800000DC52E780E70122D31A1B2B00DD58E777
:100B90009E352200AC40DA40631E9C41224353073D
:100BA00004D00F231340042B00D00432530137D557
:100BB0000120002247E7210C4A462404240C270088
:100BC000100C1204120C44435743484351433A0C4F
:100BD00009195218944203D9802149028C46604475
:100BE0003F0411043F0CC9198C01671EBC41120C53
:100BF000890E12180C439201144312010ED50123E1
:100C000062081C40144349E73E00A14680224B463F
:100C1000D2031A435202FF20520A14E71D003DE797
:100C200092010020520A0EE70F29EDD180224B4697
:100C3000D2031342EAD01442E8D13E00FF202243FF
:100C400001E7C046FFFFFFF7F0B557464E46454661
:100C5000DE46E0B583B0009001910C034F00CE0F4B
:100C6000610A009C1D03640F0C43009900920193DC
:100C7000C80059004B0D9946009A019B6D0AD90F87
:100C8000530F2B439A46009B7F0DDA0094464A4649
:100C9000B046BA1A8E4200D1B0E0002A00DC78E0FB
:100CA0004946002900D1E9E0C9498F4200D195E1C8
:100CB0000125382A16DC8021534609040B439A4645
:100CC0001F2A00DDE7E1202155468B1A61469D4031
:100CD000D1400D43614699404B1E99415346D34044
:100CE0000D43E41A451BA84280414042241A2302C6
:100CF00000D40FE16402640A002C00D139E1200025
:100D000001F02AFF0300083B20212800CA1AD04026
:100D10009C4002009D4022439F4200DD73E1D81BAE
:100D20000130091A2C008D40C4406B1E9D411300F8
:100D3000C2408B402543002714001D436B0709D098
:100D40000F232B40042B05D02B1DAB42AD416D4230
:100D500064191D00230200D42DE19D4A01379742FA
:100D600000D1D3E046469B49ED0821404A072A437B
:100D70007C054D022D0B640D24052C43F6073443EE
:100D80001000210003B0F0BCBB46B246A946A04605
:100D9000F0BD002A00D184E04A46D21B002F00D0CB
:100DA0006DE12500054300D127E1561E012A00D13F
:100DB0003BE2874DAA4200D16AE20125382E12DCBF
:100DC00032001F2A00DDF8E120262500B61A0700B0
:100DD0005346B040D440B540D740461EB0411B1BDF
:100DE0009A463D4305436246551BAC4592415346E6
:100DF00052420E004F4688469C1A78E7002A00DCD3
:100E00008EE04946002975D161465346194300D109
:100E1000F6E0511E012A00D191E16D4DAA4200D1A8
:100E2000DCE00125382914DC0A001F2A00DDA2E1DC
:100E300020215346891A8B401D006346D3401D4331
:100E400063468B4019004B1E99415346D3400D43D6
:100E5000E4182D188542804140422418230259D5B8
:100E60005B4B01379F4251D001215A4B6A081C400D
:100E700029400A43E507154364085FE76146534686
:100E8000194300D1BCE0511E012A00D164E1504D4C
:100E9000AA4200D16AE10125382900DD22E70A00D3
:100EA0000EE74D4A7D1C154200D0D0E02500624679
:100EB000534605431A43002F00D037E1002D00D1DF
:100EC000A8E1002A00D16AE16346C51A5346E21A36
:100ED000A8429B415B42D31A1A0200D403E2634644
:100EE0001D1AAC459241534652421C1B0E008846C7
:100EF000A41A23E736498F4270D00125382AA8DC8E
:100F00008021534609040B439A468EE73C00002596
:100F1000002231E707232B40002B00D010E793E09D
:100F2000002A74D04A46D21B002F00D1C7E02849BE
:100F3000894500D185E10125382A12DC8021090488
:100F40000C431F2A00DDABE120212500891A070090
:100F500088408D40D740411E8841D4403D430543E1
:100F6000A2446544654592415242524414004F46A2
:100F700074E7280001F0F0FD030018331F2B00DC9C
:100F8000C2E62A00083882409F4200DDA9E0DB1B50
:100F9000581C1F2800DCACE115001F3BDD40202859
:100FA00005D040231B1A9A40531E9A41154307232C
:100FB00000272B40B0E7ED08054B62072A43E40801
:100FC0009F420FD02403250B7C05640DD4E6C04658
:100FD000FF070000FFFF7FFFFE070000C008620759
:100FE0000243E4081300234300D186E180252D034A
:100FF00025432D03C34C2D0BBEE6604654460E0020
:101000001700C508D8E7C04CFF1A144096E6BF4A3F
:10101000791C11426BD122000243002F00D0DBE08B
:10102000002A00D12DE1624653461A4300D1B6E0B2
:101030006346C51885428041544440422418230227
:1010400002D50F00B04B1C403A002800D8E762469A
:10105000851AA8429241534652429146E31A1A0019
:101060004B46D21A130091461A0254D44A464C46B3
:101070002A4300D040E60026002400257CE6A14D4E
:10108000A94500D190E00125382A00DDABE6802596
:101090002D042C4395E6110055462039CD40A94634
:1010A000202A06D0402153468A1A934062461A43AA
:1010B000944665466B1E9D414B461D4312E621003A
:1010C000014300D1C4E0511E012A00D1FBE08D4D47
:1010D000AA4200D1B5E00125382900DD41E70A0028
:1010E0002FE7894CFF1A14406207E4086AE7854A33
:1010F000914200D1E3E06346C2188242804123005E
:10110000404253441B18DD075C080723520815436F
:101110000F002B4000E763461D1AAC459241534631
:1011200052421C1B0E008846A41AE5E5002D00D093
:1011300091E0002A38D180240026240356E7634634
:10114000C518854280415444404224180127230297
:1011500000D4DFE6022787E66346C51AA84280412D
:1011600053464042E41A0127241AC0E56207C0082A
:101170000243E40836E7110053462039CB40994634
:10118000202A06D0402153468A1A934062461A43C9
:10119000944665466B1E9D414B461D4359E66207CA
:1011A000C0080243E4080DE753465A076346D808CF
:1011B00053460E000243DC0814E715002600203DCC
:1011C000EE40202A03D04025AA1A94402043421E14
:1011D00090410500354306E6002A7CD0624653461E
:1011E000C0081A4300D1FAE6620710438022E408DF
:1011F0001203144208D0D908114205D16346D80819
:1012000053460C005B071843420FC000C00852074A
:101210000243E7E6002A00D12DE76346D80853468B
:101220005A070E000243DC08CCE663461D1AAC45A3
:101230009241534652421C1B0E008846A41A0137A5
:1012400055E56346D90853465A070A43DC08C9E600
:1012500060465446D4E6C008002A00D1BFE66207C3
:1012600010438022E40812031442CDD0DD08154259
:10127000CAD16346D80853465B070E002C001843BA
:10128000C2E76346D90853465A070A43DC0899E681
:101290006346D80853465A070E000243DC08A1E60D
:1012A000110027002039CF40202A03D040218A1A7C
:1012B00094402043421E904105003D4351E60C00FE
:1012C0000025002258E56044604592415444524252
:1012D0000500A4183AE753465A076346D90853460F
:1012E0000A43DC087EE61A001C002A4300D0ABE665
:1012F000C1E620210025091A19E500220025014C2C
:101300003AE5C046FF070000FFFF7FFFFE07000031
:10131000F0B5DE46454657464E46E0B587B00092EA
:1013200001930B031B0B9B46CA0F4B000400804626
:101330005B0D029200D16AE1D44A934200D18CE164
:101340005946420FC9000A43802109041143C200D3
:101350009046CF4A894692469A440023002403933C
:10136000009E019F3B031B0B9B467B0030005B0DE7
:10137000FD0F002B00D128E1C44A934200D177E150
:101380005946720FC9000A438021090411438B4654
:10139000BF49F2008C4651466344CB1A9A4600235B
:1013A000029E6E400F2C27D8BA49A40009598F46D7
:1013B000CB464246029E039B022B16D0032B00D144
:1013C000A6E2012B00D0DFE000220023002490469B
:1013D0001B052343F60733434046190007B0F0BC12
:1013E000BB46B246A946A046F0BD00220024904666
:1013F000A64BEDE72E00DFE7CB4500D2D4E100D1CC
:10140000CFE101235B429C46444648460027E24424
:101410005B46150E1B021D43190C2B04120200958E
:101420001D0C914602910395FEF71AFF02006A43D4
:101430000B04210C804619438A4209D9009D0123DF
:10144000AC465B4261449C46E0448D4200D8FBE1DF
:10145000881A0299FEF704FF039A24044243090400
:10146000240C03000C43A24206D90099013B8C4690
:101470006444A14200D8E1E1A01A424612041A4392
:1014800093464B4659461B0C1D0004930B044946DA
:101490000904090C0C001B0C5C43120C6B438846BE
:1014A00051436A43250CAC465B186344994203D907
:1014B000802149028C466244190C24041B04240C2C
:1014C0008A181C19904202D316D1A74214D25B4647
:1014D000009D013B4F4405934F459B41AC465B4209
:1014E0006344C018854200D3A1E1824200D9F6E1ED
:1014F00000D1F1E1059B9B463C1BA742BF41009DEB
:10150000801A7F42C01B854200D1D0E10299FEF7CC
:10151000A7FE039A0B044243210C070019438A4299
:1015200000D978E1881A0299FEF79AFE039A2404FA
:1015300042430904240C03000C43A24200D95DE19C
:101540004146A41A3A041A43049D13041B0C594340
:1015500047466B439C46100C47430B0CBC4463440A
:1015600068439F4203D980256D02AC4660441F0C3E
:1015700009041B04090C3F185B18BC4200D202E1AD
:1015800000D1FDE001231A43434B5344002B00DC00
:10159000AEE0510700D098E15946C90106D5594639
:1015A0003E4B194080238B46DB0053443C498B4221
:1015B00000DD1AE75946D208490711435A465B0530
:1015C00054028846240B5B0D02E75A46009B1A43DF
:1015D00000D17EE05B46002B00D100E1584601F0CF
:1015E000BBFA020003000B3A1D27009EBA1A19002D
:1015F0005846D64008398840320002439346009A44
:101600008A40284953448A469A440023C8E65B46E8
:101610000343994656D05B46002B00D1CDE0584697
:1016200001F09AFA0B235B429C4602008444664612
:101630001D239B1B260011005846DE4008398840B8
:1016400033000343994623008B409846164B0024F1
:101650009B1A9A460023039382E65A460243914618
:101660002AD100229A46022390460824039377E663
:101670005A46009B1A430D4B9C46E244002A17D160
:1016800002231C4300239B46023389E6FF07000028
:1016900001FCFFFF94B20208FF030000FFFFFFFE02
:1016A000FE070000F30300000DFCFFFF01F8FFFF41
:1016B000032332001C4373E69A460323D9460C24C5
:1016C00003934DE6002398469A460133042403937E
:1016D00046E601231C4300239B46013360E60023BA
:1016E000802498460026924B240371E60122524240
:1016F0000121C91A382900DD66E61F2900DCABE0AC
:101700001F204042C31A5846D8400300202904D065
:1017100058468849514488400243511E8A411A4321
:10172000072319000024114013420CD00F2313404B
:10173000042B00D1F9E0111D91429B410A005B424C
:1017400059075B021C0BD2080A43904600233FE670
:1017500080244B462403234209D05B46234206D112
:101760001C4324032E009046714B240B30E680244A
:101770004B4624031C432403029E6D4B240B27E697
:10178000002B00D100E70098511E84466444844237
:1017900000D284E0BC4200D2AEE000D1C1E00A0039
:1017A000F0E6424500D92CE64B46DC075808434694
:1017B0005B081C434346DF072AE601F0CDF91523F9
:1017C0009C4684440200634620321C2B00DC2EE73A
:1017D00023000838834099460023984636E701F0F5
:1017E000BBF902000300153220331C2A00DCFBE6A3
:1017F00000990838814000228B4602E70099013B9E
:101800008C466444A14200D99AE6A24200D897E6E9
:10181000831E644494E6AC466144013F8D4200D986
:1018200080E68A4200D87DE6871E61447AE68542DA
:1018300000D05FE6B94500D95CE656E6A24200D882
:101840001AE6831E644417E68A4200D800E6AC46D6
:10185000831E98466144FBE537481400504482409B
:101860005B4617008340CC407A1E974123433B439D
:101870001A005B46CB40510709D00F2111400429C3
:1018800005D0111D9142924152429B180A00190243
:1018900000D455E7002201230024904698E50A0071
:1018A000BC4200D06EE64B4500D06BE66CE6234BA5
:1018B000234A5344924500DA18E7012149420A1DA0
:1018C0008A42894149428B4466E60F21114004292E
:1018D00000D161E61100F2E7BC4200D80AE602231B
:1018E0005B429C4600994F444F459B41E3448C46E4
:1018F0005B426344C018FFE54946009D48004845E7
:101900008941AC46494261448146023A6418C7E7BE
:1019100080245B4624031C4324039046044B240B81
:1019200056E59945E8D30A00BDE7002308E7C0461D
:10193000FF0700003E0400001E040000FF0300003B
:1019400002FCFFFFF0B55746DE464E464546E0B581
:101950000D000400E80F83460903D80F090B8246E7
:1019600019488C461F0369005E00490D3F0B760D38
:10197000814218D086420FD00120B1420DD1BC4522
:101980000BD1944209D1D3451CD0002905D1604622
:101990002043431E984100E00120F0BCBB46B24604
:1019A000A946A046F0BD01208E42F6D161463943DA
:1019B0000F0017432743F0D15B465246981A431E47
:1019C0009841EAE70020E8E7FF070000F0B5574636
:1019D0004E464546DE46E0B50D000F03390B83B099
:1019E0000400804601915800E90F314F400D8C46AC
:1019F0006E00190382469146760D090BD80FBE4240
:101A00001FD0BA450FD0002E2FD15546019E34432A
:101A1000002D27D10A433AD0002C45D100281AD1F5
:101A20000120404217E011433BD1002E02D1019F1B
:101A30002743F3D0844509D16346002BF0D060469C
:101A400009E0019F27432CD1B24524D063460220F0
:101A5000013B1840013803B0F0BCBB46B246A94672
:101A6000A046F0BD002CD9D0E4E75446002CEDD0C0
:101A70008445EBD15645E9DCDEDB019B8B42E5D8A2
:101A8000DAD1C845E2D80020C845E4D2D4E7002026
:101A9000002CE0D0DAE7114303D18445D6D10020F1
:101AA000D9E702204042D6E78445E6D0CEE7C046DB
:101AB000FF070000F0B557464E464546DE46E0B506
:101AC0000D000F0304008046E80F390B844683B0F5
:101AD0005800304F400D01911E0369008246914627
:101AE000490D360BD80FB94220D0BA450FD0002986
:101AF0002BD101990C435146002937D1324338D0BC
:101B0000002C44D1002819D10120404216E0164390
:101B100013D1002902D1019F2743F3D0844520D05F
:101B200063460220013B1840013807E0019F27432C
:101B300003D18A45F4D116431FD0022003B0F0BC74
:101B4000BB46B246A946A046F0BD5446002CE7D09D
:101B50008445E5D15145E3DC03DB019BB342DFD88B
:101B60000FD06346002BCFD06046E7E7002CC9D0EA
:101B7000D4E70020002CE1D0D2E78445D0D100206A
:101B8000DCE7C845CCD80020C845D7D2E9E7844572
:101B9000E3D0C5E7FF070000F0B55746DE464E46E6
:101BA0004546E0B51F000B031B0B16009A46CA0FF3
:101BB0004B000400934687B05B0D00D1D5E0BB4AD3
:101BC000934200D1F8E05146420FC9000A438021F8
:101BD00009041143C2009146B54A8A469D18002364
:101BE000984602933C037B00FA0F3000240B5B0DF8
:101BF000009200D196E0AD4A934231D0720FE400DA
:101C00002243802424041443A94AF00094466344E8
:101C10005B195A1C0192424600260A2A42DC5A46A7
:101C200000994A4093464246022A32DC013A012A90
:101C300000D949E1022E00D1CAE0012E3DD1002396
:101C40000024002210005A461B052343D2071343E9
:101C5000190007B0F0BCBB46B246A946A046F0BD8D
:101C6000924B2643EB18002E00D1BBE003224146E5
:101C700011435A46884600994A40802109018C4602
:101C800029006144019141460A2900DD33E293466F
:101C90000326424601279740A6213A00C9000A4080
:101CA0000F4231D0029E022E00D135E2032E00D128
:101CB000D2E154464846012EC1D0019A7D4B94464C
:101CC0006344002B00DCC0E0420709D00F22024031
:101CD000042A05D0021D824280414042241810008F
:101CE000E20106D5744B019A1C4080239446DB0028
:101CF0006344724A93426BDC6207C00864025B056E
:101D00000243240B5B0D9DE7902189000F4263D1B4
:101D100088223A4200D1D7E0009BA2469B468146EA
:101D20000296BFE72300334300D17FE0002C00D1AF
:101D3000ADE1200000F010FF020003000B3A1D206F
:101D40001900821A30000839D0408C40044330001A
:101D500088405B4AEB1A944663445A1C01924246FF
:101D600000260A2A00DC5AE79CE7534603439946BB
:101D700054D05346002B00D177E1504600F0ECFEE2
:101D80000B235B429C4602008444110050460839F4
:101D900088401D23804660461B1A2000D84003005F
:101DA000404603439A4623008B4099460023444D06
:101DB0009846AD1A029315E752460243914626D142
:101DC00000221D000223924608329046029309E742
:101DD00000240022354B35E7002380249B46240352
:101DE000324B2FE7022241461143802212019446D2
:101DF0002A006244884601920A2900DD52E75A46C9
:101E00000020009904004A40934602260BE70C226A
:101E10001D000323814690460293E3E600239A4681
:101E200004339846033B00250293DBE64246013328
:101E30001A432B0090465A1C01924246002400206F
:101E400001260A2A00DCEAE62CE70122D21A382A07
:101E500000DDF4E61F2A00DC2AE11F214942CB1AEB
:101E60002100D9400B00202A05D0164A019D944636
:101E70006544AC402043421E90411843072319009B
:101E80000024014003420CD00F230340042B00D157
:101E900040E1031D8342A4411800644261076402CB
:101EA000240BC20800230A43CCE6C046FF0700000B
:101EB00001FCFFFFFF030000FFFFFFFEFE07000025
:101EC0000DFCFFFF3E04000049464A460904090C88
:101ED0000D00160C020C0004000C4543AC46050036
:101EE0007543A84615000F007543009202952A001D
:101EF000009D6F4365462D0CA94647444F44B845A5
:101F000005D91500802252029046454402953D0CA9
:101F1000039565462D043F042D0CAC463D006544F9
:101F20000495250C2404240CAC4625007543A846D2
:101F300065460F006943414489466743390C49446B
:101F40006E43884503D980225202904646440D0CC8
:101F5000A846350045440595039D3F04A8463F0C1F
:101F60000904C91988444546039555462E04360C84
:101F70002F0C35004543784381463800A8462D0C88
:101F8000AA46009A504372434A445244914503D9A9
:101F900080256D02A9464844150CA94645462D04E6
:101FA0002D0CA84665467D43120448449044A9463A
:101FB0003200654662436E437C43170C3619BF19E5
:101FC000BC4203D980246402A446E144029C039EDF
:101FD000A446059D66448E428941AC4612043C04E9
:101FE000120CA2186244494254184644A44646457D
:101FF000A44182466442A046AA4292418C4589414E
:10200000E244D044494252420A43A045A441824599
:102010008941644249420C4341463F0CD21912198E
:10202000CC0D049970020843411E884141464A4440
:10203000F60D52023043490214430843D20135D50C
:102040000122430802401343E0071843640834E6C2
:10205000009BA2469B4681468024534624031C4392
:1020600024034A462E4B240BECE500F075FD1523A6
:102070009C4684440200634620321C2B00DC84E62C
:10208000002399462300083883409A468EE600F0E4
:1020900063FD02000300153220331C2A00DC4EE6EB
:1020A00002003400083A0020944052E6019304E60E
:1020B0001C4B21009C460300019DD3406544A94070
:1020C00019430300AB40581E834119430800D44014
:1020D0004B0709D00F230B40042B05D00B1D8B425F
:1020E0008041404224181800230200D4D6E6012380
:1020F00000240022A6E50F29AAD1802352461B0303
:102100001A42A9D01C42A7D11C43009B02009B4647
:10211000034B97E50024C1E60024014B220091E522
:10212000FF0700001E040000F0B54E464546DE469F
:102130005746E0B585B0009001910C034F00CE0FDB
:10214000610A009CB046640F0C4300997F0DC800E3
:1021500011001A001B039C460091019251004B0D87
:102160009946019B009DD90F63466A0F5B0A134392
:10217000EA0094469346C14A03900293914500D1E8
:10218000CDE0012569404D467D1BAA468E4200D117
:1021900080E0002D00DC35E34946002900D1DFE076
:1021A000974200D194E152460125382A19DC802259
:1021B000029B12041343029352461F2A00DDE3E1FF
:1021C000534620226146029DD21A9540D9400D43C4
:1021D000614691400A00511E8A411543029ADA4035
:1021E000A41A451BA84280414042241A230200D46D
:1021F0003DE16402640A002C00D147E1200000F0B8
:10220000ABFC0300083B20212800CA1AD0409C40A8
:1022100002009D4022439F4200DD77E1D81B013040
:10222000091A2C008D40C4406B1E9D411300C24012
:102230008B402543002714001D436B0709D00F2353
:102240002B40042B05D02B1DAB42AD416D426419D0
:102250001D00230200D440E1884A0137974200D193
:1022600001E1012643468649ED0821404A072A43F9
:102270007C054D022D0B640D1E4024052C43F607F2
:1022800034431000210005B0F0BCBB46B246A9465D
:10229000A046F0BD002D00DCD0E24946002900D068
:1022A000D4E06146029B194300D12BE1691E012D48
:1022B00000D1D9E1954200D10AE10125382917DC86
:1022C0008A4653461F2B00DDE7E12022D21A029BEB
:1022D000614693401D005346D940634693401A001F
:1022E0000D43511E8A4153461543029ADA40A41801
:1022F0002D188542804140422418230200D4B6E0C4
:102300005E4B01379F4200D1ADE001215C4B6A0872
:102310001C4029400A43E507154364088DE7594AE4
:10232000029B92466246BA441A432CD08E422ED06B
:102330005246002A60D0002F00D1DBE063460E0039
:10234000029CD80862070243E4081300234300D12B
:1023500054E280252D0325432D03484C2D0B8CE79B
:102360006146029B194300D1CCE029000139012DBF
:1023700000D188E1954200D1AAE00125382900DD8D
:102380002FE78A4618E7012251408E42D0D15346AA
:10239000002B00D1BEE0002F00D038E1CA46220059
:1023A000024300D1E2E15346591E012B00D10DE258
:1023B000324A924500D1D2E10127382913DC1F2986
:1023C00000DDEEE12022029B521A250007009A460A
:1023D000CC4090409540CF40A244421E904153468D
:1023E0002F43074302933D00654465459241029B9C
:1023F00052424F46D41880E7234A7D1C154200D034
:10240000AAE062462500029B05431A43002F00D034
:10241000F5E0002D00D16BE1002A00D152E16346C6
:10242000C51A029BE21AA8429B415B42D31A1A02C8
:1024300000D4D5E163461D1AAC4592410126029BAA
:1024400052421C1B8846A41A0E40F6E697423FD023
:1024500052460125382A00DD4AE78022029B1204F9
:10246000134302932DE73C000025002205E70723D4
:102470002B40002B00D0E2E66BE0C046FF070000D7
:10248000FFFF7FFF01F8FFFFFE070000280000F0BC
:1024900063FB030018331F2B00DCB4E62A00083866
:1024A00082409F4200DDB9E0DB1B581C1F2800DC86
:1024B000A0E115001F3BDD40202805D040231B1A5A
:1024C0009A40531E9A411543072300272B40D0E71B
:1024D000C00862070243E40837E7EA0863071A43C3
:1024E000D34BE4089F4200D12FE72403250B7C0542
:1024F000640DC2E6CA462200024358D163460E006C
:10250000029C0393039B5746DA08E7E7C94CFF1A7E
:10251000144092E6C84D7A1C2A4200D084E0220082
:102520000243002F00D0EFE0002A00D1E5E0624630
:1025300002990A4300D1C5E06346C5188C4685421E
:102540008041644440422418230202D5B94B01372C
:102550001C40BA460395D5E76246851AA8429241C7
:1025600052429146029BE31A1A004B46D21A1300BC
:1025700091461A026CD44A464C462A4300D03AE6A9
:1025800000260024002578E6029953460D00203AE3
:10259000D540202B06D04022D21A0B009340624631
:1025A0001A4393465B465A1E93411D4319E6534610
:1025B0005A1E012B00D1C6E09D4EB24500D1BDE6AA
:1025C00088460E000125382A10DC1F2A7FDC2021D6
:1025D0002500891A070088408D40D740D440411E0D
:1025E0008841029B3D431B1B054302936246551BDA
:1025F000AC459241029B52424F469C1AF6E5002D93
:1026000000D0B7E0002A00D1F0E001260E4063467A
:102610000298D90842070A43C40896E6854CFF1A77
:1026200014406207E40860E781498A4200D1C9E0AA
:102630006346C11881428041029B4042E3181B1847
:10264000DD075C08072349080D4317002B4010E7FE
:1026500063461D1AAC4592410126029B52421C1B47
:102660008846A41A0E40C6E56346C518029B8542FB
:1026700080419C464042644424180127230200D430
:10268000F5E6022741E66346C51AA8428041029B4F
:102690004042E41A0127241AA8E5029D52462B0065
:1026A000203AD34019005346202B06D04022D21A9C
:1026B0002B00934062461A4393465D466B1E9D4134
:1026C0000D4315E66207C0080243E4080DE7110058
:1026D00027002039CF40202A05D040218A1A944073
:1026E000250005430395039D6A1E95413D437DE703
:1026F000002A00D144E701260E406346D908029B18
:102700005A070A43DC08F0E6002A28D06246029FF6
:10271000C0083A4300D1DCE6620710438022E40897
:102720001203144209D0FD08154206D16346012662
:102730002C00D8087B0718430E40420FC000C00889
:102740005207024301E663461D1AAC459241029BC3
:1027500052421C1B0E0088460127A41A46E5634618
:10276000D908029B5A070A43DC08EEE56346029C3F
:102770000393C7E6C008002A00D1AAE66207104307
:102780008022E40812031442D7D0029FFD081542AC
:10279000D3D163460126D8087B072C0018430E408E
:1027A000CBE70A002700203AD740202905D0402255
:1027B000521A9440250005430395039D6A1E9541D6
:1027C0002F4310E614000025002256E5029B6044CA
:1027D0009946604592414C4452420500A4184CE78A
:1027E0001A001C002A4300D0B3E6C9E68024002664
:1027F0002403AEE520210025091A17E50022002553
:102800000B4C3AE5002D00D1F6E54B46DA1B92461B
:10281000002F00D16FE6382A05DC802636043443C9
:1028200088460E00D1E688460E000125DEE6C04649
:10283000FF070000FFFF7FFFFE070000002D00D113
:1028400068E64B46D91B002F01D18A46A7E5012730
:10285000382900DDC7E5802212041443AFE5C046E5
:10286000F0B5C6461E03360BB0460D4E0C034D00A8
:102870005F0000B5240B6D0D7F0DB5420BD00849EC
:1028800000208F4204D1464616433000431E984133
:1028900080BCB846F0BD04430120002CF8D1EEE71F
:1028A000FF0700000B00020070B5164D0C0382B04C
:1028B0004900002000920193240B490DDE0FA9422C
:1028C00004DD1148814203DD104BF01802B070BDE9
:1028D0008020400320430E4C641A1F2C08DD0D4B52
:1028E0005B1AD84003005842002EEFD11800EDE7E4
:1028F000094B009A9C46030061448B40E24013431D
:10290000F1E7C046FE0300001D040000FFFFFF7F4B
:102910003304000013040000EDFBFFFF70B5002836
:1029200016D0C317C5185D40C40F280000F014F975
:10293000104B1B1A5B055B0D0A2814DC02002E00ED
:10294000153296400B22121AD5402D032D0B03E0B1
:1029500000240023002500261B052B43E407234306
:102960003000190070BD0B3885402D0300262D0B5B
:10297000F2E7C0461E04000010B5041E10D000F09F
:10298000EBF80E4B1B1A5B055B0D0A280FDC0B22C4
:102990002100121AD14015300A038440120B01E0C5
:1029A000002300221B0513432000190010BD220044
:1029B0000B38824012030024120BF3E71E040000C0
:1029C00070B542024300C40FFE201B0E591C550A6D
:1029D00008420CD0E02189008C466D07120B63443D
:1029E0001B051343E40723432800190070BD002B87
:1029F00014D1002D1BD0280000F0AEF80A281CDCF2
:102A00000B232A001B1ADA40030015339D400E4B9E
:102A100012031B1A5B05120B5B0DE1E7002D09D0B9
:102A2000130B802212031A436D07084BD8E70023CB
:102A30000022D5E70022054BD2E703002A000B3B1A
:102A40009A400025E3E7C04689030000FF07000025
:102A5000F0B54B000F035B0D3B4C450F83B07F0A75
:102A60005E1C2F4300900191CA0FC50026420BD077
:102A700036495C18FE2C13DDFF200023C0051843E7
:102A8000D207104303B0F0BD002B02D10020002379
:102A9000F4E73D43F0D08023DB03FF203B43EDE729
:102AA000002C14DD009BFF009B01581E8341690F21
:102AB0003B430B43590741D00F211940042928D02B
:102AC0000433590125D501340023E0B2D6E72100B3
:102AD0001731DBDB80211E2009043943001B1F282E
:102AE0001BDD02267642341B0E00E640340020280F
:102AF00004D017488446634499400D432B00591E67
:102B00008B412343590715D00F2100241940042974
:102B100017D19B015B0AE0B2B0E70E4C1C192B00E9
:102B2000A540C340A140681E854129430B430024B2
:102B30005907C1D19B0100205B0A9FE7DB08E0B287
:102B40009CE70433E5E7C046FE07000080FCFFFF7A
:102B5000A2FCFFFF82FCFFFF1C2101231B04984203
:102B600001D3000C10391B0A984201D3000A08391E
:102B70001B09984201D30009043902A2105C4018D5
:102B80007047C04604030202010101010000000079
:102B90000000000010B5002903D1FFF7DDFF203051
:102BA00002E00800FFF7D8FF10BDC04680B500AFB7
:102BB000BFF34F8FC046044B044ADA60BFF34F8F18
:102BC000C046C046FDE7C04600ED00E00400FA053F
:102BD00080B500AF00F012F800F08EF800F0C0F8F9
:102BE00000F02AF900F0B8F900F0CAFA00F03AFC57
:102BF00000F0CAFCC046BD4680BD000090B583B061
:102C000000AF3B1D00221A70BB1D08221A80BB1C9E
:102C100000221A80334ABB1C12881A80BB1C1B88F6
:102C2000314A934207D1314B01221A70304B0022B6
:102C30001A70FA2351E0BB1C1B881B0A9BB2DAB244
:102C40002A4B1A70294B1B78002B02D1274B0122EB
:102C50001A70BB1C1B88DAB2254B1A707B1D01222F
:102C60001A7032E07B1C00221A7024E0BB1D1B8806
:102C70001C4A9446634419007B1D1B785A1E7B1C1A
:102C80001B78DBB21C000B8898B21A4913009B001A
:102C90009B185B009B181B195B00021C5A52BB1D42
:102CA000BA1D128808321A807B1C1B78DBB20133F4
:102CB000DAB27B1C1A707B1C1B78DBB20A2BD5D9CD
:102CC0007B1D1A787B1D01321A70084B1B787A1D08
:102CD00012789A42C6D93B1D1B781800BD4603B036
:102CE00090BDC04600A80708FFFF00007C00002040
:102CF000E4120020DC0E002080B582B000AFFB1D86
:102D000000221A70BB1D01221A7019E0BB1D1B782E
:102D10009BB2013398B2BB1D1B78013B5A000E4B8E
:102D2000D31819000EF00DFFBB1D1B78192B02D90B
:102D3000FB1D0A221A70BB1D1A78BB1D01321A70C6
:102D4000064B1B78BA1D12789A42DFD9FB1D1B78FF
:102D50001800BD4602B080BDB01200207C000020EB
:102D600090B583B000AFFB1C00221A70BB1D00227F
:102D70001A803B0000221A807B1D00221A704BE053
:102D80003B1D01221A7033E0BB1D1B881C339BB214
:102D90003A00110018000EF0D4FE3B0018887B1D8D
:102DA0001A783B1D1978C4B2214813009B009B1868
:102DB0005B00C318221C5A543B001B881B0A98B2A4
:102DC0007B1D1A783B1D1B78591EC4B2184813008E
:102DD0009B009B185B00C318221C5A54BB1D1A8809
:102DE000BB1D01321A803B1D3A1D127802321A7047
:102DF0003B1D1B78092BC7D97B1D1A780C49130082
:102E00009B009B185B00CB18093300221A707B1DB6
:102E10001A787B1D01321A70064B1B787A1D1278C6
:102E20009A42ADD9FB1C1B781800BD4603B090BD7B
:102E3000501100207C00002090B583B000AFFB1C37
:102E400000221A70BB1D00221A803B0000221A804B
:102E50007B1D00221A707B1D00221A7015E0BB1D1D
:102E60001B88CB3398B27B1D1B785A00374BD31885
:102E700019000EF066FEBB1D1A88BB1D01321A80B8
:102E80007B1D1A787B1D01321A70314B1B787A1D1D
:102E900012789A42E3D37B1D00221A704BE03B1D4F
:102EA00001221A7033E0BB1D1B8899339BB23A0094
:102EB000110018000EF045FE3B0018887B1D1A78A3
:102EC0003B1D1978C4B2234813009B009B185B007C
:102ED000C318221C5A543B001B881B0A98B27B1D46
:102EE0001A783B1D1B78591EC4B21A4813009B0068
:102EF0009B185B00C318221C5A54BB1D1A88BB1DAB
:102F000001321A803B1D3A1D127802321A703B1DA5
:102F10001B78092BC7D97B1D1A780E4913009B001B
:102F20009B185B00CB18093300221A707B1D1A789E
:102F30007B1D01321A707B1D1B78092BAFD9FB1C3E
:102F40001B781800BD4603B090BDC0467C1200201F
:102F50007C000020A4090020B0B588B002AF0B238C
:102F6000FB1800221A703B1D00221A80BB1C002295
:102F70001A8008243B1900221A80BB1D00221A80E7
:102F800017257B1900221A7000233B610023FB6088
:102F90003B1D1900E4200EF0D4FD03001A003B197C
:102FA0001A803B191B88002B03D13B1D1A887B1903
:102FB0001A703B1D1900E5200EF0C3FD03001A0036
:102FC00008243B191A80BB1C1900E6200EF0B9FD3D
:102FD00003001A00BB1D1A803B191B88002B0AD165
:102FE000BB1D1B88002B06D13B1D1B881B04BA1C74
:102FF00012889B183B613B1D1900E7200EF0A1FDD4
:1030000003001A0008243B191A80BB1C1900E82091
:103010000EF097FD03001A00BB1D1A803B191B8898
:10302000002B0AD1BB1D1B88002B06D13B1D1B8822
:103030001B04BA1C12889B18FB603B1D1900E92079
:103040000EF07FFD03001A0008217B181A807B1800
:103050001B88002B0BD13B1D1B881B0A9BB2DAB2CD
:10306000414B1A703B1D1B88DAB2404B1A703B1D56
:103070001900EA200EF065FD03001A0008217B18F4
:103080001A807B181B88002B0BD13B1D1B881B0A49
:103090009BB2DAB2364B1A703B1D1B88DAB2354B45
:1030A0001A703B1D1900EB200EF04BFD03001A00B7
:1030B00008217B181A807B181B88002B0BD13B1D25
:1030C0001B881B0A9BB2DAB22B4B1A703B1D1B8864
:1030D000DAB22A4B1A70244B1B78002B11D0234BE9
:1030E0001B78002B0DD0204B1D78204B1B78FC68E3
:1030F00039691722BA18107800932B00220007F0C4
:10310000D1F91B4B1B78002B11D01A4B1B78002BCD
:103110000DD0174B1D78174B1B78FC6839691722A7
:10312000BA18107800932B00220007F0BBF9124B5D
:103130001B78002B11D0114B1B78002B0DD00E4BA0
:103140001D780E4B1B78FC6839691722BA18107865
:1031500000932B00220007F0A5F90B23FB181B7826
:103160001800BD4606B0B0BD0B1300200C130020A4
:103170000D1300200E1300200F1300201013002049
:10318000B0B584B000AF0F23FB1800221A700824DA
:103190003A198A235B00110018000EF0D2FC0300DC
:1031A0001A000C217B181A807B181B88002B24D155
:1031B0003B191B881A1C03231340DAB2A44B0321CA
:1031C0000A4050011A7860218A43111C021C0A43EC
:1031D0001A703B191B881B0A9BB21A1C012313404F
:1031E000DAB29B4B01210A4090001A7804218A43ED
:1031F000111C021C0A431A701FE0964B1B785B06D9
:103200009B0FDAB2924B03210A4050011A786021D9
:103210008A43111C021C0A431A708E4B1B785B07F1
:10322000DB0FDAB28A4B01210A4090001A780421A0
:103230008A43111C021C0A431A7008243A198E236F
:103240005B00110018000EF07CFC03001A000C213A
:103250007B181A807B181B88002B11D13B191B8807
:103260001BB29BB2DB0BDAB2794B01210A40D000D2
:103270001A7808218A43111C021C0A431A700FE0B5
:10328000744B1B781B07DB0FDAB2714B01210A402C
:10329000D0001A7808218A43111C021C0A431A70B4
:1032A00008243A191623FF33110018000EF049FCC8
:1032B00003001A000C217B181A807B181B88002B36
:1032C00004D13B191A88644B1A8003E0634B1A88B7
:1032D000614B1A8008243A198B235B0011001800F7
:1032E0000EF02FFC03001A000C217B181A807B18AB
:1032F0001B88002B04D13B191A88574B5A8003E0D6
:10330000564B5A88544B5A8008243A191823FF33D5
:10331000110018000EF015FC03001A000C217B1898
:103320001A807B181B88002B0CD13B191B88DAB242
:10333000494B1A713B191B881B0A9BB2DAB2464BE8
:103340005A7107E0454B1A79434B1A71434B5A792E
:10335000414B5A7108243A198C235B001100180064
:103360000EF0EFFB03001A000C257B191A80BA1D22
:103370001A23FF33110018000EF0E3FB03001A00BC
:103380000A217B181A807B191B88002B0DD17B1812
:103390001B88002B09D13B191B881A00BB1D1B88F9
:1033A0001B041A432C4B9A600CE02D4B1B78002B0E
:1033B00004D0294BE12252029A6003E0274B9A681D
:1033C000254B9A6008243A198D235B0011001800E0
:1033D0000EF0B7FB03001A000C217B181A807B1833
:1033E0001B88002B0CD13B191B88DAB21A4B1A73BD
:1033F0003B191B881B0A9BB2DAB2174B5A7305E0C4
:10340000154B18225A73144B00221A7308243A19C8
:103410001C23FF33110018000EF093FB03001A0069
:103420000C217B181A807B181B88002B05D13B19B7
:103430001B88DAB2084B9A7603E0084B9A7E064B5B
:103440009A760F23FB181B781800BD4604B0B0BD58
:103450000413002008130020E81200208000002040
:103460000A13002080B582B000AFBB1D00221A7085
:103470003B0000221A803B1D00221A80FB1C002208
:103480001A70FB1D00221A7071E0FB1D1B783B3384
:103490009BB29B009BB23A00110018000EF051FB4A
:1034A00003001A003B1D1A803B1D1B88002B59D1BD
:1034B0003B001B881B0A9AB2FB1C1A70FB1C1B7872
:1034C0001B09DBB21A00FB1D1B7801339A4249D15C
:1034D000FB1C1B780F22134044D0FB1D1B785A1C89
:1034E000FB1C1B780F210B40D8B2264913005B0050
:1034F0009B18CB180133021C1A703B001988FB1D66
:103500001B785A1CC8B21F4913005B009B18CB18CC
:103510000233021C1A70FB1D1B785A1C1949130038
:103520005B009B18CB1801331A78FB1D1B78013305
:10353000DBB2190010000FF04BF9FB1D1B780133B3
:10354000D8B2FB1D1B785A1C0E4913005B009B1858
:10355000CB1802331B7801221340DBB20022190082
:103560000FF038FBFB1D1A78FB1D01321A70FB1D92
:103570001B78062B89D9BB1D1B781800BD4602B0ED
:1035800080BDC046502A002090B585B000AF0F2303
:10359000FB1800221A706F4BBB6032201EF0A4FC97
:1035A00003003B603B68002B01D1FB23CEE0BB68EE
:1035B0001B78FE2B01D0FF23C8E0FB1D00221A70F0
:1035C000B8E00F23FB1800221A7010E0BB685A1CE9
:1035D000BA6019000F203B181B783A68D3180A7894
:1035E000D2B21A703B181A783B1801321A700F24A5
:1035F0003B191B78132BE9D9FB1D1A7813009B008C
:103600009B189B00544A98183B68013314221900F8
:1036100020F085F93B6814220021180020F057F8AB
:103620003B1900221A70BB681433BB600FE0BA6804
:103630000F203B181B783968CB1812781A70BB68BA
:103640000133BB603B183A18127801321A70BB681C
:103650001B78FE2B08D0BB681B78FF2B04D00F23F0
:10366000FB181B78312BE2D90F217B181B78013B0B
:103670003A68D3181B78002B04D07B187A1812787C
:1036800001321A700F23FB181A78FB1D1C781000EA
:103690001EF02AFC030019002F4A23009B001B196F
:1036A0009B00D3180C331960FB1D1A782A491300AC
:1036B0009B009B189B00CB180C331B68002B12D16E
:1036C000FB1D1A7813009B009B189B00224A9B1835
:1036D0001422002118001FF0FAFF3B6818001EF0AA
:1036E0000DFC0E2332E0FB1D1A781B4913009B00D2
:1036F0009B189B00CB180C3318680F243B191A78C1
:103700003B68190020F00BF9144B1B780133DAB237
:10371000124B1A703B191A783B68002118001FF0F1
:10372000D6FFBB681B78FE2B0AD1FB1D1A78FB1D48
:1037300001321A70FB1D1B78042B00D841E700E012
:10374000C0463B6818001EF0D9FB00231800BD4698
:1037500005B090BD00B0070898130020450A00206E
:1037600080B582B000AFFB1D00221A70BB1D012284
:103770001A7021E0BB1D1B785A1E154B5200D35AFC
:10378000002B0DD0BB1D1B789BB2013398B2BB1D23
:103790001B785A1E0E4B5200D35A19000EF0F2F944
:1037A000BB1D1B78192B02D9FB1D0A221A70BB1DE9
:1037B0001A78BB1D01321A70064B1B78BA1D12789D
:1037C0009A42D7D9FB1D1B781800BD4602B080BDB8
:1037D000B01200207C00002090B583B000AFFB1C2D
:1037E00000221A70BB1D00221A803B0000221A80A2
:1037F0007B1D00221A7047E07B1D1A7828491300B0
:103800009B009B185B005B5C002B38D03B1D0122AA
:103810001A7030E07B1D1A783B1D1B78591E20481A
:1038200013009B009B185B00C3185B5C1B0299B2E2
:103830007B1D1A783B1D1878194C13009B009B18B0
:103840005B00E3181B5C1A003B008A181A80BB1D42
:103850001B881C339AB23B001B88190010000EF025
:1038600091F9BB1D1A88BB1D01321A803B1D3A1D00
:10387000127802321A703B1D1B78092BCAD97B1DA6
:103880001A787B1D01321A70064B1B787A1D12784C
:103890009A42B1D9FB1C1B781800BD4603B090BDFD
:1038A000501100207C000020F0B587B000AFB96057
:1038B0007A6019000F243B19021C1A700E257B191F
:1038C0000A1C1A701726BB1900221A703B191B78A4
:1038D0009BB21900E4200EF055F9BB681B0A9BB29D
:1038E0001900E5200EF04EF9BB689BB21900E620E6
:1038F0000EF048F97B681B0A9BB21900E7200EF016
:1039000041F97B689BB21900E8200EF03BF97B1966
:103910001B789BB21B029AB2202310241B19DB19BF
:103920001B789BB2D3189BB21900E9200EF02AF93C
:1039300024231B19DB191B789BB21B029AB2282384
:103940001B19DB191B789BB2D3189BB21900EA2014
:103950000EF018F92C231B19DB191B789BB21B02E4
:103960009AB230231B19DB191B789BB2D3189BB278
:103970001900EB200EF006F9BB191B781800BD46A4
:1039800007B0F0BD80B582B000AFFB1D00221A70F9
:10399000284B1A881623FF33110018000EF0F2F896
:1039A000244B5A888B235B00110018000EF0EAF8B4
:1039B000204B5B791B021AB21E4B1B7B1BB21343BD
:1039C0001BB29AB21823FF33110018000EF0DAF878
:1039D000184B9B689AB28C235B00110018000EF004
:1039E000D1F8144B9B681B0C9AB21A23FF331100B9
:1039F00018000EF0C7F80F4B5B7B1B021AB20D4B81
:103A00001B791BB213431BB29AB28D235B001100CA
:103A100018000EF0B7F8074B9B7E1A001C23FF33EB
:103A2000110018000EF0AEF8FB1D1B781800BD4603
:103A300002B080BDE812002080B582B000AFFB1D4F
:103A400000221A701B4B3422002118001FF03FFE89
:103A5000BB1D01221A7021E0BB1D1B785A1E154B9D
:103A60005200D35A002B0DD0BB1D1B789BB20133E3
:103A700098B2BB1D1B785A1E0E4B5200D35A190028
:103A80000EF080F8BB1D1B78192B02D9FB1D0A22F2
:103A90001A70BB1D1A78BB1D01321A70064B1B78B9
:103AA000BA1D12789A42D7D9FB1D1B781800BD4663
:103AB00002B080BDB01200207C000020B0B58EB0F6
:103AC00002AF1423F8180A257A191823F9180823C5
:103AD000FB180093030001200EF0D2F90C23F81814
:103AE000BA1D1023F9183B1D0093030002200EF0AD
:103AF000C7F91C217B1801225A607B1800229A60AA
:103B00007B191B881A007B181A60BB691A000C000D
:103B10007B18190010001AF067F821007B180022AA
:103B20005A607B1802229A603B1D1B881A007B1882
:103B30001A60FB681A007B18190010001AF054F87C
:103B4000BB6918007B191B88002219001AF0D5F9EF
:103B5000052010F02BFAFB681A003B1D1B8819008A
:103B600010001AF0ADF9031E17D1BB6918007B19BC
:103B70001B88012219001AF0C0F9052010F016FA6E
:103B8000FB681A003B1D1B88190010001AF098F9F9
:103B90000300012B01D1012300E000231800BD46E2
:103BA0000CB0B0BD90B585B000AF78600F23FB18A6
:103BB00000221A701CE00F243B191A7811491300D7
:103BC0005B009B189B00CB1808331A687B681100B8
:103BD0001800FCF799FA031E04D13B191B78013336
:103BE000DBB20BE00F217B181A787B1801321A70B8
:103BF0000F23FB181B78002BDDD000231800BD46D7
:103C000005B090BD2429002080B584B000AF786055
:103C10000F23FB1800221A7041E0264A7B6811002E
:103C20001800FCF771FA031E01D101233DE0224A7E
:103C30007B6811001800FCF767FA031E01D102230C
:103C400033E01E4A7B6811001800FCF75DFA031E82
:103C500001D1032329E01A4A7B6811001800FCF700
:103C600053FA031E01D104231FE0164A7B6811009A
:103C70001800FCF749FA031E01D1052315E0124A8A
:103C80007B6811001800FCF73FFA031E01D10623E0
:103C90000BE00F217B181A787B1801321A700F2362
:103CA000FB181B78052BB8D900231800BD4604B0BB
:103CB00080BDC046C0890208C4890208C8890208BC
:103CC000CC890208D0890208D489020880B582B064
:103CD00000AF0FF031FE10F02BF80DF007FF0DF0E4
:103CE000BDFF0DF0BFFB10F0C7F80DF009FE10F09E
:103CF000FDF80EF017F8031E03D00DF099FFFEF744
:103D000055FFFFF7DBFE031E21D03A4B01221A704C
:103D1000322010F04BF90DF073FA374BE1225202CA
:103D20009A60FB1D01221A700CE0334B9A68FB1D50
:103D30001B781100180010F017FEFB1D1A78FB1DF0
:103D400001321A70FB1D1B78062BEED904E03220DD
:103D500010F02CF90DF054FAFEF73AFF10F072FF54
:103D60000DF0BAFB254B1B78002B13D18023DB0110
:103D70002348012219001AF0C0F8FA235B0018004A
:103D800010F014F98023DB011D48002219001AF0FD
:103D9000B4F826E08023DB011948012219001AF04B
:103DA000ACF8FA235B00180010F000F98023DB0167
:103DB0001348002219001AF0A0F8642010F0F6F859
:103DC0008023DB010E48012219001AF096F86420C6
:103DD00010F0ECF88023DB010948002219001AF0EA
:103DE0008CF806F01DF9074B01221A70C046BD463B
:103DF00002B080BD0A130020E8120020E412002067
:103E000000040050430A002080B500AF17F0B4FE54
:103E10000CF0E3FDFFF75AFF06F02CF914F0E8FB75
:103E2000C046BD4680BD0000F0B587B002AF0F238D
:103E3000FB1800221A700E23FB1800221A700D23A3
:103E4000FB1800221A70BB1D00221A707B1D002275
:103E50001A700C23FB1800221A700B23FB18002287
:103E60001A700A23FB1800221A700923FB1800227B
:103E70001A70BB1C00221A80D24B01221A70D24B3E
:103E80001A78D24B1A700823FB1801221A7016E018
:103E9000CE4B1B7808217A1812789A4209D07B18E9
:103EA0001B78180010F080FD03000121180010F0AD
:103EB000A9FD08217B181A787B1801321A70082393
:103EC000FB181B78062BE3D9C04B1B78180000F0B9
:103ED00083FCBF4B02221A70322014F091FB0E2398
:103EE000FB1801221A700923FB1801221A7041E005
:103EF00009217B181B785A1EB64B9200D35A002B0F
:103F000032D00E243B193A19127801321A70B24B92
:103F10003A1912785A70B14B3A1912781A70AE4B9E
:103F200000221A700D007B181878032300931023C9
:103F30000022002106F0DEFE3B191B789BB21B021B
:103F40009BB27A191278511EA24A89008A5AD2B2BB
:103F500011007A191278013A5B1899B29D4B9200C0
:103F6000D152322014F04CFB09217B181A787B18AF
:103F700001321A7009217B181B78062BB8D9984B8F
:103F80001A88984B1A807B1801221A705CE0092469
:103F90003B191B785A1E8F4B9200D35A002B4DD0E1
:103FA0003B191B78591EBB1C8A4A89008A5A1A8001
:103FB000BB1C1B881B0A9AB2BB1D1A703B191B78CD
:103FC0005A1E844B9200D25A7B1D1A70BB1D1B785F
:103FD000DB001AB27B1D1B781BB2134319B23B19CD
:103FE0001A7889B27F4B5200D1523B191B78013BA2
:103FF000BA1D1278013A77499B00CB180233188812
:10400000784B16214A43011CD1526E4B1B78DB00C2
:104010001AB23B191B781BB2134319B2BB1D1B7894
:104020005A1E7B1D18788CB26E4913009B009B189A
:104030005B009B181B185B00221C5A5209217B183D
:104040001A787B1801321A700923FB181B78062B8B
:104050009DD90C23FB1802221A7017E00E23FB18BF
:104060001B789BB21622534399B25E4A0C243B192B
:1040700018780B00112106F0B7FD0A2014F0C0FAE1
:1040800021007B181A787B1801321A700C23FA1859
:104090000E23FB1812781B789A42DFD979E10C23A2
:1040A000FB1802221A7066E1FB1D01221A700AE059
:1040B000FB1D1B78013B484A0121D154FB1D1A7896
:1040C000FB1D01321A70FB1D1B780A2BF0D9424BE5
:1040D00000229A720C243B191B780B220E21180027
:1040E00006F030FD322014F08BFA3B191B780022C9
:1040F0000C21180006F026FD96235B00180014F032
:104100007FFA0B23FB1801221A7051E00B203B1899
:104110001B78591EBB1C344A89008A5A1A80BB1C62
:104120001B881B0A9AB2BB1D1A70BB1C1B88002B74
:1041300038D0BB1D1B78002B34D10E217B187A1888
:10414000127801321A70244B7A1812785A70234B65
:104150007A1812781A707B181B789BB21B029BB2DC
:104160003A181278511E204A89008A5AD2B2110098
:104170003A181278013A5B1899B21B4B9200D1524F
:10418000154B01221A70144B3A1812789A700C23AE
:10419000FB181B7803221021180006F0D3FC3220F4
:1041A00014F02EFA0B217B181A787B1801321A7042
:1041B0000B22BB181B780A2BA8D9BB1801221A7036
:1041C000A3E0C046E412002009130020400A0020AA
:1041D000420A0020D80D0020A80B00207C000020FF
:1041E0007A000020DC0E0020F00D00200B243B198B
:1041F0001B785A1EE04B9200D35A002B00D17EE070
:104200003B191B78591EBB1CDB4A89008A5A1A804D
:10421000BB1C1B881B0A9AB2BB1D1A703B191B786A
:104220005A1ED54B9200D25A7B1D1A70BB1D1B78AB
:10423000012B64D00C257B191B785A1E3B1918786A
:10424000CE4913009B009B185B009B181B185B005A
:104250005B5A002B18D1BB1D1B78DB001AB27B1DEB
:104260001B781BB2134319B27B191B785A1E3B19DA
:1042700018788CB2C14913009B009B185B009B18F7
:104280001B185B00221C5A52BB1D1B785A1E7B1D3B
:104290001878BA4913009B009B185B009B181B18E9
:1042A0005B005B5A002B2AD10B243B191B78013B86
:1042B000BA1D1278013AB0499B00CB180233188816
:1042C000AE4B16214A43011CD1520C23FB181B781C
:1042D000DB001AB23B191B781BB2134319B2BB1D8A
:1042E0001B785A1E7B1D18788CB2A44913009B00C2
:1042F0009B185B009B181B185B00221C5A520B2159
:104300007B181A787B1801321A700B243B191B7822
:104310000A2B00D86AE7984B1822002118001FF0DA
:10432000D6F93B1902221A7017E00E23FB181B78EE
:104330009BB21622534399B2904A0B243B1918782A
:104340000B00112106F050FC642014F059F92100F3
:104350007B181A787B1801321A700B23FA180E2377
:10436000FB1812781B789A42DFD90C217B181A7837
:104370007B1801321A700C23FA180E217B18127860
:104380001B789A4200D88FE60D23FB187A18127812
:104390001A700D23FA180E23FB1812781B789A4214
:1043A00000D07CE6764B1A78764B1A70754B1B78EA
:1043B000180000F011FA322014F022F90C23FB1837
:1043C00001221A7020E00C23FB181B78591EBB1C1D
:1043D0006D4A89008A5A1A80BB1C1B881B0A9AB234
:1043E000BB1D1A70BB1C1B88002B07D0BB1D1B7884
:1043F000002B03D10F23FB1805221A700C217B1808
:104400001A787B1801321A700C22BB181B78062B05
:10441000D9D9BB1802221A703DE00C23FB181B7877
:1044200000220C21180006F08DFB96235B0018007B
:1044300014F0E6F80B23FB1801221A7020E00B237E
:10444000FB181B78591EBB1C4B4A89008A5A1A80DC
:10445000BB1C1B881B0A9AB2BB1D1A70BB1C1B8895
:10446000002B07D0BB1D1B78002B03D10F23FB189B
:1044700005221A700B217B181A787B1801321A70EA
:104480000B23FB181B780A2BD9D90C217B181A781F
:104490007B1801321A700C23FA180E23FB181278BD
:1044A0001B789A42B9D90F23FB181B78002B00D038
:1044B00052E10923FB1801221A7017E0334B1B88C5
:1044C0001BB209203A181278013A802109021141E1
:1044D0000A0012B2D24312B213401BB29AB22B4B53
:1044E0001A803B181A783B1801321A700923FB18FE
:1044F0001B78062BE2D90C23FB180E22BA1812786F
:104500001A7002E10A23FB1801221A70B8E00C2489
:104510003B191B785A1E0A257B1918781749130076
:104520009B009B185B009B181B185B005B5A002BC1
:1045300030D17B191B78013B154A0021D154200052
:104540003B181B785A1E114B5200D35A1BB27A19D2
:104550001278013A8021090211410A0012B2D243B5
:1045600012B2134019B23B181B785A1E89B2074B7E
:104570005200D1527EE0C046F00D0020DC0E00203B
:1045800009130020400A0020D80D0020B01200209E
:10459000A80B00200C257B191B785A1E0A26BB1974
:1045A0001C78B91C854813009B009B185B009B1866
:1045B0001B195B001B5A0B80BB1C1B88DB089AB2C3
:1045C000BB1D1A70BB1C1B88DAB27B1D07210A4079
:1045D0001A70BB1D1B785A1E794B5200D35A190012
:1045E0007B1D1B78013B802212021A4113000B40F5
:1045F0001ED1BB191B78013B724A0121D1547B1992
:104600001B785A1E6E4B5200D35A1AB2BB191B7834
:10461000013B8021090219410B001BB2134319B25F
:104620007B191B785A1E89B2654B5200D15221E08A
:104630000A203B181B78013B624A0021D1540C240C
:104640003B191B785A1E5E4B5200D35A1BB23A18C4
:104650001278013A8021090211410A0012B2D243B4
:1046600012B2134019B23B191B785A1E89B2544B2F
:104670005200D1520A217B181A787B1801321A7025
:104680000A23FB181B780A2B00D840E70C243B199F
:104690001B781900012000F0BFFA20003B181B789E
:1046A000013B494AD35C5A1EBB1D48498A5C1A70BB
:1046B0007C1DBB1D1A7805003B181B7811001800E3
:1046C00000F0AAFA03002370BA1D7B1912781B7838
:1046D0009A4206D07B1D1B78013B3A4AD35C012BE2
:1046E00002D1384B01229A720C243B191B780B2201
:1046F0000E21180006F026FA0A2013F081FF21008F
:104700007B181A787B18013A1A700C23FB181B7857
:10471000012B00D9F6E60923FB1801221A7016E0D6
:104720002B4B1B7809217A1812789A4209D07B18F2
:104730001B78180010F038F903000021180010F061
:1047400061F909217B181A787B1801321A70092344
:10475000FB181B78062BE3D90F23FB181B78002BC3
:1047600025D10C23FB1802221A7019E00C243B19E6
:104770001B7800220121180006F0E4F93B191B7890
:10478000013B114AD35C1A0013009B009B185B008D
:10479000180013F035FF3B191A783B1901321A70D3
:1047A0000C4B1B780C22BA1812789A42DED90F23D0
:1047B000FB181B781800BD4605B0F0BDDC0E0020CC
:1047C000B0120020A80B0020181100203C1C002073
:1047D000400A00207C00002080B586B002AF0200B5
:1047E000FB1D1A700E23FB1800221A700F23FB18F2
:1047F00001221A7028E00F217A18FB1D12781B780D
:104800009A421BD0164B1B881B0A9BB2DAB2154B7F
:104810001A70134B1B88DAB2124B5A70114B7A186C
:1048200012789A707B181878032300930A230022C9
:10483000002106F05FFA052013F0E2FE0F217B183D
:104840001A787B1801321A700F23FB181B78062B7D
:10485000D1D90E23FB181B781800BD4604B080BDCB
:104860007A000020A80B0020F0B58DB000AF1F2308
:10487000F918087069460E0013211823CB18D919AE
:104880000020087017211823CB18D91900200870B0
:1048900016211823CB18D9190020087015201823C9
:1048A000C318D9190020087014201823C318D91967
:1048B00000200870D549097808000138786239610C
:1048C000002078613A697B691000400F3A617B6192
:1048D000DD0005433B69DC003960002078603C68FE
:1048E0007D682300580F2B00DB00FB60FB6803434F
:1048F000FB602300DB00BB600B000733DB08DB0041
:104900006A46D31A9D466B4600333B621621182334
:10491000CB18DB1900221A7018E016201823C318D0
:10492000DB191B783A6A0021D1541823C318DB190C
:104930001A78B74B52000021D1521823C318DB1943
:104940001A781823C318DB1901321A70AF4B1B7881
:10495000162218215218D21912789A42DDD3152145
:104960001823CB18DB1918228A18D21912780132B1
:104970001A701F23FB181B78013B3A6A08001824A1
:104980000919C9190978D1541823C318DB19182239
:104990008218D219127801321A70172318229B1824
:1049A000DB1901221A7054E01F23FB181B785A1ED2
:1049B00017241823E318DB191878964913009B0075
:1049C0009B185B009B181B185B005B5A002B36D0B2
:1049D0001F23FB181B785A1E8D4B5200D35A1AB254
:1049E00020001823C318DB191B78013B01219940D3
:1049F0000B001BB2134319B21F23FB181B785A1E5E
:104A000089B2834B5200D1521F23FB181B785A1EC8
:104A10001823C318DB1918787E4913009B009B18D4
:104A20005B009B181B185B005B5ADB089BB2013BC9
:104A30003A6A152118200918C9190978D154172183
:104A40001823CB18DB191A781823CB18DB1901327D
:104A50001A70172318229B18DB191B78062BA3D971
:104A6000142318229B18DB1900221A701522182310
:104A7000D318DB1918215218D219127801321A7082
:104A8000162318229B18DB1900221A70A2E01623A5
:104A900018229B18DB191B783A6AD35C1A0015237D
:104AA00018215B18DB191B78013B9A4200D087E084
:104AB000172318229B18DB1901221A7078E016249C
:104AC0001823E318DB191A7817251823EB18DB19BC
:104AD0001878504913009B009B185B009B181B180B
:104AE0005B005B5A002B59D01823E318DB191A78A6
:104AF0001823EB18DB191878464913009B009B1804
:104B00005B009B181B185B005B5ADB089BB2013BE8
:104B10003A6AD35C002B41D120001823C318DB195B
:104B20001A783B4B5200D35A1AB22C001823E318C0
:104B3000DB191B78013B012199400B001BB2134389
:104B400019B21823C318DB191A7889B2304B5200F6
:104B5000D1521823C318DB191A781823E318DB196C
:104B600018782C4913009B009B185B009B181B189E
:104B70005B005B5ADB089BB2013B3A6A15211820A7
:104B80000918C9190978D15414221823D318DB192C
:104B900018215218D219127801321A7017211823CD
:104BA000CB18DB191A781823CB18DB1901321A70CD
:104BB000172318229B18DB191B78062B00D87EE7D9
:104BC00016211823CB18DB191A781823CB18DB19F8
:104BD00001321A700D4B1B78162218215218D21967
:104BE00012789A4200D252E7142318229B18DB193C
:104BF0001B78002B00D033E7132318229B18DB19F6
:104C00001B78B5461800BD460DB0F0BD7C000020F5
:104C1000080E0020DC0E0020B0B594B000AF0200FA
:104C2000FB1D1A70BB1D0A1C1A700823FB180022FA
:104C30001A6004332E22002118001EF048FD3B2389
:104C4000FB1800221A704F23FB1800221A703A2317
:104C5000FB1800221A704E23FB1800221A709F4B7B
:104C60001A22002118001EF032FDFB1D1B78013BAB
:104C70009B4A0021D154FB1D1B78013B994A00211E
:104C8000D1540123BB6432E0FB1D1B785A1E9649A8
:104C900013009B009B185B009B18BA6C9B185B0071
:104CA0005B5A002B20D0FB1D1B785A1E8E49130027
:104CB0009B009B185B009B18BA6C9B185B005B5AAF
:104CC000DB089AB2BB1D1B789BB29A420CD1BB1D6C
:104CD0001B78013B824A0121D154804BBA1D1278C6
:104CE0001A70BB6CDBB2F5E0BB6C0133BB64BB6C10
:104CF000062BC9DD01237B6411E0FB1D1B787A6C58
:104D00009A4209D07B6C013B754AFF21D1547B6CE0
:104D1000013B744A0021D1547B6C01337B64734B9B
:104D20001B781A007B6C9342E7DD77E008243A1980
:104D30006B4B1100180000F0DBF803001A004F2144
:104D40007B1801321A707A18BB1D12781B789A42B0
:104D50006DD07B181B78013B3A190121D1544323B4
:104D6000FB1801221A7054E04F243B191B785A1E7D
:104D700043257B1918785C4913009B009B185B0046
:104D80009B181B185B005B5A002B3CD03B191B780F
:104D90005A1E7B191878544913009B009B185B001E
:104DA0009B181B185B005B5ADB089AB23A217B18F0
:104DB0001A707B181B78013B0822BA18D35C002BB1
:104DC00021D13B191B78013B454AD25C3B203B1863
:104DD00001321A707B181B78013B414AD35C0500F5
:104DE0003A1812789A420ED208007B181B78013BC1
:104DF0003B4A79190978D1543B181B78013B394A51
:104E000039190978D15443217B181A787B1801325B
:104E10001A704323FB181B78062BA5D90823FB180F
:104E2000180000F0A9F8031E00D17FE700E0C0469B
:104E300013E04E22BB181B78BA18591C11701900C8
:104E4000264B4F203A1812785A5401007B181B78D1
:104E50005A1E7B1823498A5C1A704F23FB181B7853
:104E6000013B204AD35C002BE3D10123FB632DE0FF
:104E7000FB1D1B785A1E1C4913009B009B185B00EE
:104E80009B18FA6B9B185B005B5A002B1BD0FB1D19
:104E90001B785A1E144913009B009B185B009B183B
:104EA000FA6B9B185B005B5ADB089BB2BA1D127849
:104EB000013A0B498A5C013A08498A5C934202D163
:104EC000FB6BDBB206E0FB6B0133FB63FB6B062B7A
:104ED000CEDD00231800BD4614B0B0BD3C1C002040
:104EE0001811002034110020DC0E00207C0000206E
:104EF00080B584B000AF786039600F217B18FF2245
:104F00001A700E23FB1800221A703B681B78002BC6
:104F100003D17B187A6812781A700023BB601BE0FB
:104F2000BB687A68D3181B780F217A1812789A42D6
:104F30000FD9BB683A68D3181B78002B09D1BB681E
:104F40007A68D2187B1812781A700E23FB18BA6888
:104F50001A70BB680133BB60064B1B781A00BB6834
:104F60009342DDDB0E23FB181B781800BD4604B00E
:104F700080BDC0467C00002080B584B000AF786062
:104F80000F23FB1801221A700023BB600CE0BB68E2
:104F90007A68D3181A780F217B18791809780A4093
:104FA0001A70BB680133BB60064B1B781A00BB68E4
:104FB0009342ECDB0F23FB181B781800BD4604B0AE
:104FC00080BDC0467C000020F0B587B002AF020073
:104FD000FB1D1A70854A864B110018001EF0F8FA66
:104FE000834B1800FBF79AF803009AB28049FB1D27
:104FF000187801235B42009332230FF01FFC0F232C
:10500000FB1801221A701BE00F243B191A7879490A
:10501000774B18001EF0DCFA754B1800FBF77EF892
:1050200003009AB27249FB1D187801235B4200937A
:1050300032230FF003FC3B191A783B1901321A7026
:105040000F23FB181B78062BDED96B49FB1D187844
:1050500001235B420093322303220FF0EFFB0E2368
:10506000FB1800221A70ABE00E243B191B785A1C67
:1050700062495F4B18001EF0ABFA5D4B1800FBF75E
:105080004DF803009AB25A49FB1D187801235B4280
:10509000009332230FF0D2FB3B191A78584B16219C
:1050A0004A43D35A1A0013005B009B185B00554A11
:1050B00099184F4B052218001EF03DFB4C49FB1D73
:1050C000187801235B420093322305220FF0B6FBD0
:1050D0004D49FB1D187801235B42009332230122C6
:1050E0000FF0ACFB0D23FB1801221A7053E00E23C6
:1050F000FB181A780D23FB181878414913009B0000
:105100009B185B009B181B185B005B5A002B06D199
:105110003E49374B002218001EF05AFA26E00E25B1
:105120007B191A780D26BB191878354913009B0096
:105130009B185B009B181B185B005B5ADB089BB23B
:105140001C007B191A78BB1918782D4913009B0095
:105150009B185B009B181B185B005B5A1A00072307
:1051600013402B49224822001EF032FA204B18002F
:10517000FAF7D4FF03009AB21D49FB1D18780123EA
:105180005B42009332230FF059FB0D217B181A78F4
:105190007B1801321A700D23FB181B78062BA6D939
:1051A0001C49FB1D187801235B4200933223022225
:1051B0000FF044FB0E217B181A787B1801321A700D
:1051C000154B1B780E22BA1812789A4200D24BE780
:1051D0001249FB1D187801235B4200933223012200
:1051E0000FF02CFBC046BD4605B0F0BDD8890208C3
:1051F00050090020EC890208F4890208F8890208A5
:10520000DC0E0020F0830208048A0208088A0208E3
:105210000C8A0208148A02087C000020188A0208FE
:1052200090B587B002AF0200FB1D1A703C4A3D4B9F
:10523000110018001EF0CCF93A4B1800FAF76EFF77
:1052400003009AB23749FB1D187801235B42009393
:1052500032230FF0F3FA0F23FB1801221A703EE0FD
:105260000E23FB1801221A702EE00F203B181B782A
:105270005A1E2D4B5200D35A19000E243B191B788D
:10528000013B802212021A4113000B4016D03B183A
:105290001A783B191B78254922481EF099F9214BB1
:1052A0001800FAF73BFF03009AB21E49FB1D18785D
:1052B00001235B42009332230FF0C0FA0E217B18CA
:1052C0001A787B1801321A700E23FB181B780A2BF0
:1052D000CBD90F217B181A787B1801321A70144B26
:1052E0001B780F22BA1812789A42B9D9114A0D4B7D
:1052F000110018001EF06CF90A4B1800FAF70EFFA7
:1053000003009AB20749FB1D187801235B42009302
:1053100032230FF093FAC046BD4605B090BDC0469B
:105320001C8A020850090020B0120020388A0208A6
:105330007C0000204C8A0208F0B589B002AF020060
:10534000FB1D1A701223FB1800221A8013F0D0FAEA
:105350000300FB60FB6800221A70C74B1B781A0021
:10536000C649C74B18001EF033F9C54AFB68110047
:1053700018001EF0B4F9C34B1B781A00C249C04B89
:1053800018001EF025F9BE4AFB68110018001EF037
:10539000A6F9BE49BA4800230093042300221EF058
:1053A00017F9B74AFB68110018001EF098F9B84ABF
:1053B000B849B34B18001EF00BF9B14AFB68110055
:1053C00018001EF08CF9B44AB449AD4B18001EF019
:1053D000FFF8AB4AFB68110018001EF080F9B04AD4
:1053E000A74B110018001EF0F3F8A54AFB68110046
:1053F00018001EF074F91723FB1801221A7048E0F8
:1054000017243B191A78A7499D4B18001EF0E0F8A5
:105410009B4AFB68110018001EF061F93B191B78CC
:10542000A14AD35C042B27D89A00A04BD3181B6841
:105430009F469F4A924B110018001EF0C9F81CE0CD
:105440009C4A8F4B110018001EF0C2F815E09A4AD2
:105450008B4B110018001EF0BBF80EE0974A884BEA
:10546000110018001EF0B4F807E0954A844B1100B3
:1054700018001EF0ADF800E0C046814AFB6811003C
:1054800018001EF02CF917217B181A787B180132AE
:105490001A701723FB181B78062BB1D9894A784B51
:1054A000110018001EF094F8754AFB6811001800EE
:1054B0001EF015F91623FB1801221A7043E016217D
:1054C0007B181B785A1E804B9200D3581B68002B08
:1054D0000DD17B181A787D49694B18001EF078F8B9
:1054E000674AFB68110018001EF0F9F825E016263F
:1054F000BB191C78BB191B785A1E734B9200D358EA
:105500009B6A18000BF054FF03001D00BB191B78A9
:105510005A1E6F4B9200D35818000BF049FF03003E
:105520006C49574800932B0022001EF051F8544A52
:10553000FB68110018001EF0D2F816217B181A78AB
:105540007B1801321A701623FB181B78062BB6D96C
:10555000FB681800FAF7E2FD03001A00FB689A18CE
:105560005D4B1000190003231A001EF0D8F9FB68E8
:105570001800FAF7D3FD03001A00FB689A18574B7E
:10558000100019001D231A001EF0C9F9FB6818004D
:10559000FAF7C4FD02001223FB181A801523FB182A
:1055A00001221A7023E0344B1B785A1E4C4B5200D8
:1055B000D35A190015203B181B78013B8022120298
:1055C0001A4113000B400CD03B181A7845492C4B5C
:1055D00018001DF0FDFF2A4AFB68110018001EF09C
:1055E0007EF815217B181A787B1801321A70152362
:1055F000FB181B78062BD6D91223FB181C88FB68D6
:105600001800FAF78BFD03009C420ED1FB681800CE
:10561000FAF784FD03001A00FB689A18324B100059
:10562000190005231A001EF07AF9FB681800FAF732
:1056300075FD03001A00FB689A18274B100019002B
:1056400003231A001EF06BF9FB1D1B78002B0ED0F4
:10565000FB681800FAF762FD03009AB2F968FB1DB7
:10566000187801235B42009332230FF0E7F8C0461D
:10567000BD4607B0F0BDC046E41200206C8A0208A7
:1056800050090020400A0020888A0208A48A0208E3
:10569000C48A0208D08A0208E88A0208F48A02084A
:1056A000108B0208248B0208500A0020288C020864
:1056B0002C8B0208348B02084C8B0208588B020892
:1056C000748B0208948B020880290020AC8B02089E
:1056D000881A0020C88B0208148A0208F88B020876
:1056E000B0120020188C0208208C020890B585B0FA
:1056F00000AF78600E23FB1800221A700F23FB18EE
:1057000000221A704A4A7B6811001800FAF7FCFC64
:10571000031E03D1474B1B781BB285E0464A7B68CA
:1057200011001800FAF7F0FC031E01D1FF237BE003
:105730007B681B78232B25D17B68013318001CF074
:10574000CCFB02000E217B181A700A00BB181B78D4
:10575000002B0AD0394B1B781100BA1812789A42E4
:1057600003D87B181B781BB25EE0324B1B780E22ED
:10577000BA1812789A4203D12E4B1B781BB253E011
:10578000662351E00F23FB1800221A701DE00F243E
:105790003B191A7813009B009B185B00284A9A1843
:1057A0007B6811001800FAF7AFFC031E07D17B6875
:1057B0001B78002B03D03B191B781BB234E00F2160
:1057C0007B181A787B1801321A701C4B1B780F213A
:1057D0007A1812789A42DAD37B1800221A701DE0E8
:1057E0000F243B191A7813009B009B185B00154A85
:1057F0009A187B6811001800FAF786FC031E07D17F
:105800003B191B781B021BB2FE2213431BB20BE099
:105810000F217B181A787B1801321A700F23FB189E
:105820001B78092BDCD964231800BD4605B090BD58
:105830003C8C0208E4120020408C02087C0000200E
:1058400050110020A4090020B0B586B000AF0200BE
:105850003960FB1D1A701323FB1800221A700023F5
:105860007B6100237B610FE07B699A00404BD2187B
:105870003B6811001800FAF747FC031E01D106230C
:1058800071E07B6901337B617B69032BECDD0123D4
:105890007B6112E07A6913009B009B185B00354A1C
:1058A0009A183B6811001800FAF72EFC031E01D16C
:1058B000072358E07B6901337B612F4B1B781A006B
:1058C0007B699342E6DB00237B6112E07A69130077
:1058D0009B009B185B00294A9A183B68110018002E
:1058E000FAF712FC031E01D107233CE07B69013368
:1058F0007B617B69092BE9DD214B224A1A6019E0A3
:105900001F4B1B681B681B68FB60FB681800FAF7DD
:1059100005FC0300BB60BA68F9683B6818001DF01D
:10592000F9FE031E01D108231DE0154B1B685A68C0
:10593000134B1A60124B1B68002BE1D1FB1D1A7828
:1059400013009B009B185B000A4A9B183A681100E1
:1059500018001DF0DCFF13257C19FDF73DFF030047
:1059600023707B191B781800BD4606B0B0BDC04639
:105970000C850208501100207C000020A4090020A2
:1059800014130020D801002080B588B000AF0200B9
:105990003960FB1D1A701723FB1800221A700023B0
:1059A000FB610023BB610023FB6129E0FA6913005E
:1059B0009B009B185B005B4A9A183B68110018001B
:1059C000FAF7A2FB031E18D1FB1D1B785A1E564B7B
:1059D0005200D35A1AB20121FB6999400B001BB245
:1059E000134319B2FB1D1B785A1E89B24E4B52004D
:1059F000D1521723FB181B7890E0FB690133FB6140
:105A0000FB69092BD2DD0023BB610FE0BB699A0063
:105A1000464BD2183B6811001800FAF775FB031EBD
:105A200001D106237AE0BB690133BB61BB69032B5B
:105A3000ECDD0123BB6112E0BA6913009B009B18E7
:105A40005B003B4A9A183B6811001800FAF75CFBB0
:105A5000031E01D1072361E0BB690133BB61354BF4
:105A60001B781A00BB699342E6DB334B334A1A605A
:105A700019E0314B1B681B681B683B613B691800D0
:105A8000FAF74CFB0300FB60FA6839693B681800C1
:105A90001DF040FE031E01D108233FE0264B1B688A
:105AA0005A68254B1A60244B1B68002BE1D1002358
:105AB000FB6118E01B49FA6913009B009B185B000F
:105AC0005B5C002B0CD1FA6913009B009B185B00F8
:105AD000144A9B183A68110018001DF018FF05E0E1
:105AE000FB690133FB61FB69092BE3DDFB1D1B78BF
:105AF0005A1E0D4B5200D35A1AB20121FB6999402C
:105B00000B001BB2134319B2FB1D1B785A1E89B23E
:105B1000054B5200D1521723FB181B781800BD46C5
:105B200008B080BDA40900207C1200200C8502086A
:105B3000501100207C00002018130020D801002004
:105B400080B586B000AFB9607A6019000F23FB18EA
:105B5000021C1A700E203B180A1C1A701623FB1820
:105B600020221A807A6880231B059A4200D3D4E051
:105B70007B68DAB2E54B1A70E44B3A1812785A7027
:105B80003B181B78082B00D9BDE19A00E04BD318D5
:105B90001B689F46BB681B78DAB2DC4B9A700F23F8
:105BA000FB181B7803222021180004F0CBFFB4E17E
:105BB000BB681B785BB2DAB2D44B9A700F23FB1828
:105BC0001B7803222021180004F0BCFFA5E1BB686C
:105BD0001B889BB2DAB2CD4B9A70BB681B889BB214
:105BE0001B0A9BB2DAB2C94BDA700F23FB181B7881
:105BF00004222021180004F0A5FF8EE1BB681B8859
:105C00001BB2DAB2C14B9A70BB681B881BB21B1265
:105C10001BB2DAB2BD4BDA700F23FB181B780422DB
:105C20002021180004F08EFF77E1BB681B68DAB210
:105C3000B64B9A70BB681B681B0ADAB2B34BDA70BA
:105C4000BB681B681B0CDAB2B04B1A71BB681B68CF
:105C50001B0EDAB2AD4B5A710F23FB181B780622CC
:105C60002021180004F06EFF57E1BB681B68DAB210
:105C7000A64B9A70BB681B681B12DAB2A34BDA7092
:105C8000BB681B681B14DAB2A04B1A71BB681B6897
:105C90001B16DAB29D4B5A710F23FB181B78062294
:105CA0002021180004F04EFF37E1BB681B78DAB200
:105CB000964B9A70BB6801331B78DAB2934BDA705B
:105CC000BB6802331B78DAB2904B1A71BB6803339E
:105CD0001B78DAB28D4B5A71BB6804331B78DAB289
:105CE0008A4B9A71BB6805331B78DAB2874BDA713D
:105CF000BB6806331B78DAB2844B1A72BB68073371
:105D00001B78DAB2814B5A720F23FB181B780A22D8
:105D10002021180004F016FFFFE07C4B00221A70CF
:105D20007A4B0E217A1812785A707B681B0EDAB201
:105D3000764B9A707B681B0CDAB2744BDA707B6816
:105D40001B0ADAB2714B1A717B68DAB26F4B5A7167
:105D50007B181B78082B00D9DEE09A006D4BD31816
:105D60001B689F46BB681B78DAB2684B9A71162392
:105D7000FB1819880F23FB181B780722180004F062
:105D8000E1FECAE0BB681B785BB2DAB25F4B9A7186
:105D90001623FB1819880F23FB181B7807221800FD
:105DA00004F0D0FEB9E0BB681B889BB2DAB2574B57
:105DB0009A71BB681B889BB21B0A9BB2DAB2534B29
:105DC000DA711623FB1819880F23FB181B78082299
:105DD000180004F0B7FEA0E0BB681B881BB2DAB263
:105DE0004A4B9A71BB681B881BB21B121BB2DAB2FA
:105DF000464BDA711623FB1819880F23FB181B7802
:105E00000822180004F09EFE87E0BB681B68DAB227
:105E10003E4B9A71BB681B681B0ADAB23B4BDA71C6
:105E2000BB681B681B0CDAB2384B1A72BB681B6864
:105E30001B0EDAB2354B5A721623FB1819880F2342
:105E4000FB181B780A22180004F07CFE65E0BB6892
:105E50001B68DAB22D4B9A71BB681B681B12DAB251
:105E60002A4BDA71BB681B681B14DAB2274B1A7213
:105E7000BB681B681B16DAB2244B5A721623FB1838
:105E800019880F23FB181B780A22180004F05AFE09
:105E900043E0BB681B78DAB21C4B9A71BB680133D4
:105EA0001B78DAB2194BDA71BB6802331B78DAB2AD
:105EB000164B1A72BB6803331B78DAB2134B5A7253
:105EC000BB6804331B78DAB2104B9A72BB68053397
:105ED0001B78DAB20D4BDA72BB6806331B78DAB284
:105EE0000A4B1A73BB6807331B78DAB2074B5A7335
:105EF0001623FB1819880F23FB181B780E22180095
:105F000004F020FE09E0C04607E0C046A80B0020D0
:105F1000448C0208688C0208C0463B6A002B13D0F0
:105F200015F0A6FE03003B61C0460A4B1B78002B10
:105F300007D015F09DFE02003B69D31A3A6A9A42D7
:105F4000F3D8044B1B7800E000231800BD4606B0D0
:105F500080BDC04605130020B0B584B002AF1E203E
:105F60001BF0C2FF03007B607B681E22002118002B
:105F70001DF0ADFB0C4B1B7D5A1E0C4B9200D258F2
:105F8000094B9B7D1D00084B5B7D1C00064B1B8B4A
:105F900007497868019300942B001DF019FB7B687A
:105FA0001800BD4602B0B0BDE8120020000000207D
:105FB0008C8C020890B587B004AF0200FB1D1A70EC
:105FC000BB1D0A1C1A700D4B19780C4B1C78BB1D9D
:105FD0001A78FB1D18780123039301235B42029377
:105FE00001235B42019302230093230005F0F2F8A2
:105FF00003001800BD4603B090BDC046E412002067
:1060000080B588B006AF0200FB1D1A70BB1D0A1CCC
:106010001A700023049300230393002302930023A8
:106020000193002300930023002200210020FDF7AC
:106030003BFCFB1D1B785A1E1F4B9200D3581B685C
:10604000002B14D0BB1D1B785A1E1B4B9200D3583B
:106050001B68002B0BD0FB1D1B7818000BF0ECFB12
:10606000BB1D1B7818000BF0E7FB002320E0FB1D95
:106070001B785A1E104B9200D3581B68002B06D079
:10608000FB1D1B7818000BF0D7FB002310E0BB1D95
:106090001B785A1E084B9200D3581B68002B06D061
:1060A000BB1D1B7818000BF0C7FB002300E0682322
:1060B0001800BD4602B080BD80290020B0B588B070
:1060C00002AF78600D23FB1800221A701723FB180B
:1060D00000221A7000233B610E23FB1800221A8055
:1060E00001235B421900012014F0FEFF12F000FCB6
:1060F00003003B61784B9A68E1231B039A421ED050
:106100001623FB1801221A7014E0744B1B78162119
:106110007A1812789A4207D0E1231A037B181B7869
:10612000110018000EF020FC16217B181A787B183D
:1061300001321A701623FB181B78062BE5D9684B21
:106140001B781C00674B1B881A0013005B009B1810
:106150005B00654A9A18614B1B7864496448009358
:10616000130022001DF034FA5C4B1C78614B1D6853
:10617000604B1B681800F9F7D1FF03009AB20A239D
:10618000290020000EF0B0FB544B1C78584B18002F
:10619000F9F7C4FF03009AB255490A2320000EF014
:1061A000A3FB554B1B78012B00D091E0534B1A7881
:1061B0000D217B181A70514B00221A704E4B002291
:1061C0001A70464B18780C0079180A2301220EF039
:1061D0008BFB3B191B787F2B3CD050DC0D2B05D063
:1061E0004DDC082B36D00A2B6DD048E03B4B1C7899
:1061F000434B1D68424B1B681800F9F78FFF0300E3
:106200009AB20A23290020000EF06EFB1723FB1818
:106210001B785BB2002B05D13A4A3B4B11001800AA
:106220001DF075FB2D4B18783B69374A012100F0B2
:106230006FF8354A334B110018001DF068FB172327
:10624000FB1800221A70304B3222002118001DF07A
:106250003EFA3DE017217B181B785BB2002B34DD42
:106260007B181B785BB2DBB2013BDAB27B181A7089
:106270007B181B785BB2244A0021D15425E00D2005
:106280003B181B785A1C214BD3181B781A009723F4
:1062900013401CD017217B181B785BB2312B16DC06
:1062A0003B181A7808007B181B785BB251B2164A6B
:1062B000D15401007B181B785BB2DBB20133DAB238
:1062C0007B181A7003E0C04602E0C04600E0C046FA
:1062D00012F086FD65E7C046E8120020400A002063
:1062E000E41200207A000020F08302088C8F02085C
:1062F0006C1300209C000020460A0020A2230020EE
:10630000A000002030140020FC13002028B3020855
:10631000F0B58DB002AFBA607B600F23FB18021C92
:106320001A700E23FB180A1C1A701423FB18002283
:106330001A6004330522002118001DF0C8F900235B
:106340003B621E23FB1800221A80BB68180000F075
:106350009DFAC94B1B78002B22D1C849BB68032288
:1063600018001DF0D7F9031E1AD1BB6803331900BA
:10637000012000F0C1FA031E09D0C14A7B68110058
:1063800018001DF025F9BC4B00221A7005E0BA4B2D
:1063900002221A707B680D221A7000237B6217E2BA
:1063A000B54B1B78002B18D0B649BB6806221800E5
:1063B0001DF0B0F9031E10D1AF4B00221A70B24B82
:1063C0001900032000F098FAB04A7B681100180009
:1063D0001DF0FEF800237B62FAE1A74B1B78022B2D
:1063E00013D1BB681900022000F086FA031E06D004
:1063F000A34A7B68110018001DF0EAF802E07B68F0
:106400000D221A7000237B62E2E1BB682E21180086
:106410001DF072F903003B623B6A002B00D1CEE114
:106420003B6A033B9A49032218001DF073F9031ECF
:1064300000D1C4E13B6A01331B785A1C954BD31839
:106440001B781A000423134000D0B8E13A6ABB68F5
:10645000D31A1A00B96814257B1918001DF06BF9BE
:106460001E26BC197B191800FFF740F90300238092
:10647000BB1900229B5E884A127893420AD13B6A7C
:106480000133992292007968180012F0A3F90300F1
:106490007B629DE11E23FB1800229B5E642B08D1CA
:1064A0007E4A7B68110018001DF092F800237B6281
:1064B0008EE11E23FB1800229B5E662B08D1784AD2
:1064C0007B68110018001DF083F800237B627FE1D8
:1064D0001E23FB1800229B5EFF2B48D1714B1A2212
:1064E000002118001DF0F3F83B6A5C1CBB68180023
:1064F000F9F714FE05001426BB191800F9F70EFE73
:106500000300EB1A5A1E684B210018001DF013F906
:10651000614B1D78BB681800F9F700FE03009CB2C0
:10652000BB191800F9F7FAFD03009BB2E31A9BB2FE
:106530001722FF21280004F0BBFA3B6A013399229D
:1065400092007968180012F045F903007B627B68BD
:106550001800F9F7E3FD03001A007B689A18534B03
:10656000100019001D231A001DF0D9F930E11E2278
:10657000BB181B88DBB2FE2B59D1BB1800229B5ED7
:106580001B121BB2DAB24A4B1A70464B1A22002178
:1065900018001DF09CF83B6A5C1CBB681800F9F7FA
:1065A000BDFD05001423FB181800F9F7B7FD030023
:1065B000EB1A5A1E3C4B210018001DF0BCF8364B5C
:1065C0001D783B4B1E78BB681800F9F7A7FD030048
:1065D0009CB21423FB181800F9F7A0FD03009BB22E
:1065E000E31A9BB217223100280004F061FA2A4B0B
:1065F0001B785A1E2F4B5200D35A1A002C4B1B7873
:106600001A4113000122134009D03B6A0133992239
:1066100092007968180012F0DDF803007B62142301
:10662000FB187A68244978681CF0D2FFD0E03B6AF6
:1066300001332249062218001DF06CF8031E43D1D5
:106640001F4B1A7860218A431A701E243B191B883D
:10665000DBB200221921180004F074FA642011F052
:10666000CFFF0D4B18783B191B88D9B2154B1A7800
:1066700000230AF0DFFC7FE062140020B88F0208DC
:10668000BC8F020810900208189002081C900208A3
:106690006090020828B30208E41200206490020807
:1066A0008C90020860120020A80B0020B490020811
:1066B000631400207C120020D4900208009102088C
:1066C00004130020400A00203B6A5C1CBB681800D1
:1066D000F9F724FD05001426BB191800F9F71EFD73
:1066E0000300EB1A5A1E614B210018001DF023F81D
:1066F0001E23FB181B88DDB2BB681800F9F70EFDDE
:1067000003009CB2BB191800F9F708FD03009BB207
:10671000E31A9BB2013B9BB21A001721280004F038
:1067200011FA1E23FB1800229A5E51497B6818005B
:106730001CF04EFF7B681B78002B13D00E23FB1838
:106740001B78002B0ED07B681800F9F7E7FC0300DC
:106750009AB279680F23FB1818780123009332232B
:106760000EF06CF87B681800F9F7D8FC02007B6823
:10677000002118001CF0ABFF3E4B1B786022134039
:10678000DBB2602B18D1FA239B001900012014F012
:10679000ABFC394B1B78002B0ED0384B1B880133D8
:1067A0009AB2364B1A801E23FB1800229B5E7A6831
:1067B000334978681CF00CFF00237B6208E09923C2
:1067C0009A007968BB68180012F004F803007B6235
:1067D0007B681B78002B14D00E23FB181B78002B32
:1067E0000FD07B681800F9F799FC03009AB279681A
:1067F0000F23FB18187801235B42009332230EF01D
:106800001DF87B681800F9F789FC02007B680021FD
:1068100018001CF05CFF7B6A002B00D095E5142368
:10682000FB180922002118001CF051FF154B1B78A2
:10683000002B17D10E23FB181B78002B12D0124B04
:106840001C68114B1B681800F9F768FC03009AB22A
:106850000F23FB18187801235B4200933223210099
:106860000DF0ECFFC046BD460BB0F0BDA80B0020FC
:10687000089102080413002005130020941300203F
:106880002C91020862140020A400002080B584B07E
:1068900000AF78600023FB6020E0FB687A68D218C4
:1068A0000B217B1812781A707B181B785A1C114B1D
:1068B000D3181B781A0003231340012B03D17B1834
:1068C0001B78203302E00B23FB181B78FA687968E9
:1068D0008A18DBB21370FB680133FB60FB687A68CF
:1068E000D3181B78002BD8D1C046C046BD4604B093
:1068F00080BDC04628B3020890B587B000AF020043
:106900003960FB1D1A7000237B6100233B613E4B05
:106910001B785A1E13009B009B189B003B4A9B1838
:10692000FB60FB1D1B78032B05D065DC012B08D019
:10693000022B0CD060E0FB6801221A740AF062FAA4
:106940005CE03B68180000F063F8030057E0FB6868
:10695000DB68002B2FD0FB68DB681800F9F7DEFB43
:1069600003003B61FB68DC683B681800F9F7D6FB65
:1069700002003B69D3180233190020001BF002FD0E
:106980000300BB60BB68002B01D10E2337E0FB681E
:10699000BA68DA60FB68DA683B69D31813221A70A8
:1069A000FB68DA683B690133D3183A6811001800B4
:1069B0001CF0ADFF22E03B681800F9F7AFFB0300C5
:1069C000013318001BF090FA03001A00FB68DA602C
:1069D000FB68DB68002B07D1FB681422002118003C
:1069E0001CF075FE0E230AE0FB68DB683A681100B4
:1069F00018001CF08CFF01E0FF2300E000231800CA
:106A0000BD4607B090BDC046450A0020981300203F
:106A1000B0B58AB000AF78602723FB1800221A7047
:106A200000233B620023FB610023BB611723FB189B
:106A300000221A701623FB1800221A701523FB1867
:106A400000221A70914B1B78042B01D90E2319E1F7
:106A50008E4B1B781A0013009B009B189B008C4ADE
:106A60009B183B613B690A22002118001CF02FFE95
:106A70007B681B78622B00D06AE07B6802331B784E
:106A80002E2B65D17B6801331B782F2B60D97B6857
:106A900001331B78362B5BD87B6801331A781724B7
:106AA0003B19303A1A703B6901221A703B693A1956
:106AB00012789A707B6803337649072218001CF01D
:106AC00029FE031E18D13B690522DA7020003B180D
:106AD0001A78714913005B009B18CB1802331B789E
:106AE0001A00012313402BD13B181B7801220521EA
:106AF00018000CF06FF823E07B68033367490E221F
:106B000018001CF007FE031E18D13B690622DA703C
:106B100017203B181A78604913005B009B18CB18AC
:106B200002331B781A000223134009D13B181B784B
:106B30000122062118000CF04DF801E06723A1E0C6
:106B4000524B1B780133DAB2504B1A70002399E094
:106B50007968534B312218001CF0EDFD504B312267
:106B6000002199544F4A4E4B110018001CF0F8FDBB
:106B700003003B624B4B190000201CF0F1FD0300A9
:106B8000FB61484B190000201CF0EAFD0300BB61CB
:106B90003B6A002B01D1672374E016257C193B6A00
:106BA0001800FCF7FFFF0300237029007B181B78F7
:106BB000002B14D0FB69002B11D1BB69002B0ED127
:106BC0003B6902221A703B697A181278DA702F4BEF
:106BD0001B780133DAB22D4B1A70002352E0FB69A7
:106BE000002B4ED0BB69002B4BD015257C19BB69FF
:106BF0001800FCF7D7FF0300237029007B181B78CF
:106C0000002B0CD03B6904221A703B691622BA187B
:106C10001278DA703B697A181278DA711BE03B69F6
:106C200003221A703B691622BA181278DA70BB690F
:106C300018001BF047F902000B0010001900FBF7C9
:106C400007FF031CFB603B6906330C22B9180422C2
:106C500018001CF064FEFB691800FCF7D5FF030068
:106C60001A003B695A703B695B78002B01D167239E
:106C700008E0064B1B780133DAB2044B1A7000238C
:106C800000E067231800BD460AB0B0BD450A0020E9
:106C9000981300204C910208502A002054910208B9
:106CA000641400206491020890B587B000AF020020
:106CB000FB1D1A701723FB1800221A7000233B617A
:106CC0000023FB60FB1D1A78674913009B009B188B
:106CD0009B005B5C042B00D1BCE000DDBCE0032B1F
:106CE0002BD000DDB8E0012B03D0022B00D1B5E0A2
:106CF000B2E0FB1D1A78172439195B4813009B007A
:106D00009B189B00C31802331B780B70FB1D1A786D
:106D1000554913009B009B189B00CB18033319782F
:106D20003B191A78514813005B009B181B5C994271
:106D300001D1012394E0002392E0FB1D1A784A4917
:106D400013009B009B189B00CB1803331B78102269
:106D5000BA18110018000AF070FBFB1D1A78130016
:106D60009B009B189B00404A9B18991D0C23FB1805
:106D7000042218001CF0D3FDFB1D1A783A491300B9
:106D80009B009B189B00CB1801331B78062B00D966
:106D90005EE09A00364BD3181B689F463B69FA6841
:106DA000111C181CF9F796FB031E00D151E00123BA
:106DB00056E03B69FA68111C181CF9F7A5FB031E85
:106DC00000D146E001234BE03B69FA68111C181C16
:106DD000F9F786FB031E00D13BE03B690021181C3C
:106DE000F9F778FB031E00D033E0012338E03B695C
:106DF000FA68111C181CF9F791FB031E00D128E05A
:106E000001232DE03B69FA68111C181CF9F772FB8D
:106E1000031E00D11DE03B690021181CF9F75AFB45
:106E2000031E00D015E001231AE03B69FA68111C2B
:106E3000181CF9F74FFB031E00D00AE03B69002144
:106E4000181CF9F747FB031E00D002E0012307E0FE
:106E5000C04604E0C04602E0C04600E0C046002351
:106E60001800BD4607B090BD98130020502A00209E
:106E70006891020880B582B000AF7B1D00221A70B5
:106E8000BB1D00221A8000233B6011F031FD03007E
:106E90003B60BB1D00221A8043E0BB1D1A882749B6
:106EA00013009B009B189B00CB1810331B78002B02
:106EB00032D0BB1D1B88DBB21800FFF7F5FE031EA6
:106EC0002AD01F4B1A7860218A43111C20220A43C2
:106ED0001A7010E01B4B18783B681B4A0021FFF723
:106EE00017FA3B681800F9F719F902003B6800210E
:106EF00018001CF0ECFBBB1D1A88104913009B0006
:106F00009B189B00CB180C331B680F4A110018000C
:106F100000F01EF8031EDDD1BB1D1A88BB1D013217
:106F20001A800A4B1B781A00BB1D1B889342B4D3EE
:106F30007B1D1B781800BD4602B080BD9813002051
:106F400004130020400A002098140020450A002065
:106F500090B583B000AF78603960314B1B785A1E12
:106F6000304913009B009B189B00CB180C331B6807
:106F7000002B01D100234FE02B4B1B68002B02D1CB
:106F8000294B7A681A60284B1B681B78002B04D1A8
:106F9000254B00221A6000233EE0234B1B6813217F
:106FA00018001CF0A9FB0200204B1A601F4B1B6845
:106FB000002B1BD01C4B19681C4B1A681A4B1B6802
:106FC000D31A1A003B6818001CF0B5FB174B1A685F
:106FD000154B1B68D31A1A003B689B1800221A70C5
:106FE000124B1B685A1C104B1A6014E00E4B1968A8
:106FF0003B68312218001CF09EFB3B6831330022B5
:107000001A70094B1C683B681800F9F787F80300F1
:10701000E218054B1A6001231800BD4603B090BD6D
:10702000450A002098130020CC140020D014002022
:1070300080B500AFBFF34F8FC046044B044ADA60FF
:10704000BFF34F8FC046C046FDE7C04600ED00E0ED
:107050000400FA0580B500AFC046BD4680BD000003
:1070600080B500AF464B180011F08CFB454B180063
:1070700011F088FB444B180011F084FB434B1800BF
:1070800011F080FB424B180011F07CFB414B1800C3
:1070900011F078FB404B180011F074FB3F4B1800C7
:1070A00011F070FB3E4B180011F06CFB3D4B1800CB
:1070B00011F068FB3C4B180011F064FB3B4B1800CF
:1070C00011F060FB3A4B180011F05CFB394B1800D3
:1070D00011F058FB384B180011F054FB374B1800D7
:1070E00011F050FB364B180011F04CFB354B1800DB
:1070F00011F048FB344B180011F044FB334B1800DF
:1071000011F040FB324B180011F03CFB314B1800E2
:1071100011F038FB304B180011F034FB2F4B1800E6
:1071200011F030FB2E4B180011F02CFB2D4B1800EA
:1071300011F028FB2C4B180011F024FB2B4B1800EE
:1071400011F020FB2A4B180011F01CFB294B1800F2
:1071500011F018FB284B180011F014FB274B1800F6
:1071600011F010FB264B22221A70254B23221A7095
:107170000AF05EF9FFF76EFFC046BD4680BDC0460F
:107180007C92020814920208B092020890940208BD
:10719000E09402081895020868950208D89502083C
:1071A0001496020854960208149702089097020851
:1071B000E897020838980208D09802082499020833
:1071C0007C990208FC990208389A0208889A0208F9
:1071D000D89A0208389B0208809B0208C89B0208C4
:1071E000109C0208509C0208989C0208789D020896
:1071F000F49D02083C9E02088C9E0208F89E02083C
:10720000440A002080B586B000AFF860B9607A60AB
:107210000B4B7B617A69FB68110018001CF077FB4F
:107220007B691800F8F77AFF0200FB689B181800CA
:1072300013F016FE00231800BD4606B080BDC04600
:10724000089F020880B586B000AFF860B9607A6028
:107250000B4B7B617A69FB68110018001CF057FB2F
:107260007B691800F8F75AFF0200FB689B181800AA
:1072700013F09CFE00231800BD4606B080BDC0463A
:10728000589F020890B585B000AFF860B9607A6089
:107290001E4B1B7819001E4A0B009B005B185B00FD
:1072A0009B5C002B09D11B4B1968184B1B781A00EB
:1072B000FB6818001CF08CF911E0174B1968134B90
:1072C0001B781C00114B1B781A0013009B009B18A5
:1072D0005B000F4A9B18F86822001CF079F98023A4
:1072E000DB010E480122190016F007FEC82011F03C
:1072F00087F98023DB0109480022190016F0FDFD03
:1073000000231800BD4605B090BDC046E412002021
:1073100050110020A8000020AC0000200004005004
:10732000B0B588B002AFF860B9607A601523FB1879
:1073300000221A70694A7B680121180011F0E0FAF6
:107340000200674B1A60664B1B68002B2AD1654B05
:107350001968654B1B781A00FB6818001CF038F997
:10736000624B1A68FB68110018001CF0B8F9604BFA
:107370001C78FB681800F8F7D1FE03009AB2F96890
:1073800001235B420093322320000DF057FA594B42
:10739000594A1A60594B01221A700A2011F030F92B
:1073A000FFF746FE4E4B18684C4B1B681A00544BB7
:1073B00019001CF0AFF9031E00D07AE0514A7B6837
:1073C0000221180011F09CFA02004F4B1A604F4A3C
:1073D0007B680321180011F093FA02004C4B1A60ED
:1073E000494B1B681B785BB2232B0AD1464B1B68A9
:1073F000013318001AF071FD02001723FB181A70F0
:1074000003E01523FB1868221A70414B1B681B7898
:107410005BB2702B0AD13E4B1B68013318001AF087
:107420005CFD02001623FB181A7003E01523FB18FD
:1074300068221A702C4B1B7817257A1912789A42F9
:107440001FD0344B1A7860218A431A70324B1624AD
:107450003A1912781A707B191B7801221A21180028
:1074600003F070FB642011F0CBF81F4B1878204B11
:107470001A783B191C787B191978230009F0DAFD7A
:107480001BE016243B1918780023009319230022CF
:10749000002103F02FFC642011F0B2F8124B187891
:1074A000114B1978124B1A783B191B7809F0C2FD61
:1074B00003E01523FB1868221A701523FB181B78AC
:1074C000682B06D1154B1A68FB68110018001CF0D8
:1074D0001EFA00231800BD4606B0B0BD24150020DA
:1074E00028150020B0000020E412002068000020D1
:1074F000400A0020F03F0220EFBEADDE420A00202D
:107500009C9F02082C150020301500203415002007
:107510003815002004130020A80B0020B400002020
:10752000B0B588B002AFF860B9607A6017257B19F2
:1075300000221A70324B1A68FB68110018001CF008
:10754000E6F9304B1C78FB681800F8F7E7FD0300FC
:107550009AB2F96801235B420093322320000DF0B8
:107560006DF97C19FCF760FC030023707B191B7814
:10757000002B23D1244B1968244B1B781A00FB687D
:1075800018001CF025F81F4B1C78FB681800F8F752
:10759000C5FD03009AB2F96801235B4200933223D0
:1075A00020000DF04BF9174B1B781800FDF70CFD70
:1075B000144B1B781800FDF733FE16E0144B1A68C5
:1075C000FB68110018001CF0A2F90E4B1C78FB6838
:1075D0001800F8F7A3FD03009AB2F96801235B4293
:1075E0000093322320000DF029F90A4AFB681100AC
:1075F00018001BF0EDFF00231800BD4606B0B0BD1B
:10760000B8000020400A0020BC0000207C000020C0
:10761000C0000020A09F020880B584B000AFF860D1
:10762000B9607A60FFF704FDB0B586B000AFF860CE
:10763000B9607A601723FB1800221A702D4A7B6804
:107640000121180011F05CF902002B4B1A60294B44
:107650001B68092B04DD284B1B68093300221A70B4
:10766000264B1A78244B1B6817257C19190010002B
:10767000FEF7EAF8030023707B191B78002B0AD170
:107680001F4B19681D4B1B781A001B4B1B68F868B1
:107690001BF09EFF28E01723FB181B78062B08D150
:1076A000184B1968144B1A68FB6818001BF090FF00
:1076B0001AE01723FB181B78072B08D1124B196807
:1076C0000D4B1A68FB6818001BF082FF0CE01723B3
:1076D000FB181B78082B07D10C4B1968064B1A684E
:1076E000FB6818001BF074FF00231800BD4606B0AD
:1076F000B0BDC0463C15002040150020E41200201B
:10770000C4000020C8000020CC000020D0000020D1
:10771000B0B594B000AFF860B9607A604F23FB1841
:1077200000221A702023FB1800221A60043323223F
:10773000002118001BF0CBFF4C23FB1800221A80FD
:107740004A243B1900221A8014257B1900221A6052
:1077500004330622002118001BF0B9FF9C4A7B6805
:107760000121180011F0CCF802009A4B1A60994BD5
:107770001968974B1B681A007B1918001BF0DBFF78
:107780003B1901221A804923FB1800221A701BE0C2
:107790004923FB181A7813009B009B185B008E4A44
:1077A0009A181423FB1811001800F8F7ADFC031EFB
:1077B00004D14A23FB1800221A800AE049217B18D1
:1077C0001A787B1801321A704923FB181B78092B91
:1077D000DED9824B02221A70FA68814B1000190020
:1077E0000A231A001CF09BF87C4B1B785BB2190033
:1077F0007C4A7B68180011F083F802007A4B1A600B
:107800005DE0794B1968774B1B681A0020243B19FF
:1078100018001BF090FF734B1B6820003A180021E2
:10782000D1544C257C193B181800FDF75FFF03006D
:1078300023807B1900229B5E002B45DB7B191B8874
:10784000DBB24F257C191422BA1811001800FEF77C
:107850009BF8030023707B191B78002B36D15F4BFC
:107860001B785BB2022B0EDDFB681800F8F756FCA4
:1078700003001A00FB689A185C4B100019000323E0
:107880001A001CF04CF82023FA18FB6811001800AD
:107890001BF025FF514B1B785BB2DBB20133DBB22F
:1078A0005AB24E4B1A704D4B1B785BB219004D4AC1
:1078B0007B68180011F024F802004B4B1A604A4B09
:1078C0001B68002B9DD102E0C04600E0C0464C235F
:1078D000FB1800229B5E002B08DA454B1968202319
:1078E000FA18FB6818001BF073FE6CE03B4B1B782A
:1078F0005BB2022B08D13F4B19681423FA18FB68BE
:1079000018001BF065FE5EE04F23FB181B78002B70
:1079100015D14A23FB1800229B5E002B0FD0364B5B
:1079200019681423FA1820243B1918001BF050FE84
:107930003A19FB68110018001BF0D1FE43E04F23F9
:10794000FB181B78002B15D14A23FB1800229B5EE5
:10795000002B0FD1294B19681423FA1820243B1946
:1079600018001BF035FE3A19FB68110018001BF0D7
:10797000B6FE28E04F23FB181B78062B08D1204BBE
:1079800019681423FA18FB6818001BF021FE1AE08E
:107990004F23FB181B78072B08D11A4B19681423A7
:1079A000FA18FB6818001BF013FE0CE04F23FB18BD
:1079B0001B78082B07D1144B19681423FA18FB689D
:1079C00018001BF005FE00231800BD4614B0B0BD22
:1079D0004415002048150020A40900204C15002063
:1079E000A49F02085015002054150020B09F0208E3
:1079F000D4000020D8000020DC000020E00000209F
:107A0000E4000020E8000020EC00002080B584B0F5
:107A100000AFF860B9607A600020FDF78DFC0023AC
:107A20001800BD4604B080BD90B589B002AFF860C3
:107A3000B9607A6017217B1800221A70334B1B78CB
:107A4000012B04D97C180DF069F8030023702F4B2B
:107A50001B781A002E49FB6818001BF0B9FD2D4B4E
:107A60001C78FB681800F8F759FB03009AB2F96814
:107A700001235B420093322320000CF0DFFE264AF4
:107A8000FB68110018001BF0A3FD224B1C78FB685B
:107A90001800F8F743FB03009AB2F96801235B4230
:107AA0000093322320000CF0C9FE1A4B1B781800FB
:107AB000FDF78AFA174B1B781800FDF7B1FB172367
:107AC000FB181B78022B15D1144AFB681100180013
:107AD0001BF07EFD0F4B1C78FB681800F8F71EFBAF
:107AE00003009AB2F96801235B420093322320001D
:107AF0000CF0A4FE0A4AFB68110018001BF068FD98
:107B000000231800BD4607B090BDC0467C00002091
:107B1000B49F0208400A0020D09F0208E49F020898
:107B2000A09F0208F0B58BB002AFF860B9607A6030
:107B30001D23FB1800221A700023BB6100237B6108
:107B40001F23FB1800221A701E243B1900221A70F2
:107B50001823FA187B680121180010F0D1FE0200EA
:107B60003D4B1A603C4B1B68BA693C4918001BF03E
:107B7000D1FD031E03D13B1901221A7028E0364BB8
:107B80001B68BA69364918001BF0C4FD031E04D1F6
:107B90001E23FB1802221A701AE02F4B1B68BA69C9
:107BA000304918001BF0B6FD031E04D11E23FB183C
:107BB00003221A700CE0284B1B68BA692A49180086
:107BC0001BF0A8FD031E03D11E23FB1804221A700C
:107BD0001423FA187B680221180010F091FE0200AD
:107BE000224B1A60214B1B681B785BB2702B09D1AA
:107BF0001E4B1B68013318001AF06FF902001F2397
:107C0000FB181A701D26BC191F257B191A781E2314
:107C1000FB181B78110018000AF0DAFD030023702E
:107C2000BB191B78002B12D10B4B1B68BA699B1830
:107C300000221A700E4B1968074B1A687B191C78C2
:107C40007B191B78F868009323001BF0C1FC00230C
:107C50001800BD4609B0F0BD5815002028A0020844
:107C600038A0020848A0020854A002085C150020B1
:107C7000F0000020F0B587B000AFF860B9607A601E
:107C80001623FB1800221A7000233B6117243B19AE
:107C900000221A701023FA187B680121180010F0D6
:107CA0002FFE0200164B1A60154B1B681B785BB247
:107CB000702B08D1124B1B68013318001AF00DF914
:107CC00002003B191A701626BC1917257B191B7860
:107CD00018000AF0B1FE03002370BB191B78002BBB
:107CE00008D1084B19687B191A787B191B78F8683A
:107CF0001BF06EFC00231800BD4607B0F0BDC04667
:107D000060150020F4000020F0B5C64600B592B022
:107D100004AFF860B9607A603723FB1800221A704C
:107D200000237B6200233B620023FB610023BB61D5
:107D300000237B613023FB1800221A800023FB62A2
:107D40003623FB1800221A703523FB1800221A7004
:107D50003423FB1800221A702B23FB1800221A7000
:107D60003323FB1800221A702423FA187B680121A0
:107D7000180010F0C5FD0200CB4B1A60CA4B1B68FF
:107D8000CA49042218001BF0C5FC031E00D020E2E3
:107D90002023FA187B680221180010F0B1FD0200C0
:107DA000C34B1A60C04B1B68181D7B6A043B1A004A
:107DB000C04B19001BF0AEFC031E00D0A3E0BC4B6F
:107DC0001B683A6ABC4918001BF0A4FC031E1CD1B6
:107DD000BA4B1A7860210A431A70B84B1B785B07BC
:107DE000DB0FDBB21B021AB2B44B1B785B069B0F96
:107DF000DBB21BB213431BB29AB28A235B001100A1
:107E0000180009F0BFFE00F0FDFCA94B1B683A6AA0
:107E1000AB4918001BF07EFC031E1FD1A74B1A783C
:107E200060218A43111C20220A431A70A34B1B783D
:107E30005B07DB0FDBB21B021AB2A04B1B785B06A1
:107E40009B0FDBB21BB213431BB29AB28A235B00B7
:107E50001100180009F096FE00F0D4FC944B1B684A
:107E60003A6A984918001BF055FC031E1FD1934B2A
:107E70001A7860218A43111C40220A431A708F4BE2
:107E80001B785B07DB0FDBB21B021AB28B4B1B7834
:107E90005B069B0FDBB21BB213431BB29AB28A2361
:107EA0005B001100180009F06DFE00F0ABFC804B88
:107EB0001B683A6A844918001BF02CFC031E1CD175
:107EC0007E4B1A7860218A431A707C4B1B785B07C3
:107ED000DB0FDBB21B021AB2784B1B785B069B0FE1
:107EE000DBB21BB213431BB29AB28A235B001100B0
:107EF000180009F047FE00F085FC3723FB186822C4
:107F00001A7000F07FFC684B1B68181D7B6A043BED
:107F10001A006E4B19001BF0FDFB031E2BD1644BA6
:107F20001B683A6A644918001BF0F4FB031E1CD15D
:107F3000624B1A7804210A431A70604B1B785B0766
:107F4000DB0FDBB21B021AB25C4B1B785B069B0F8C
:107F5000DBB21BB213431BB29AB28A235B0011003F
:107F6000180009F00FFE00F04DFC3723FB186822C3
:107F70001A7000F047FC4C4B1B68181D7B6A043BD1
:107F80001A00534B19001BF0C5FB031E2DD1484BA3
:107F90001B68180019F09BFF0300FB62FA6AE123DB
:107FA0001B039A421BD84B4BFA6A9A60494B9B6859
:107FB0009AB28C235B001100180009F0E3FD454BD9
:107FC0009B681B0C9AB21A23FF331100180009F0AA
:107FD000D9FD3623FB1801221A7000F013FC372359
:107FE000FB1868221A7000F00DFC2F4B1B68181D3F
:107FF0007B6A043B1A00384B19001BF08BFB031EF5
:1080000022D12B4B1B68180019F061FF02003021B0
:108010007B181A800A00BB181B88002B0ED02D4B32
:108020001100BA1812881A807B181A881623FF3399
:108030001100180009F0A6FD00F0E4FB3723FB183F
:1080400068221A7000F0DEFB174B1B68181D7B6A54
:10805000043B1A00214B19001BF05CFB031E3FD1AF
:10806000134B1B68180019F032FF020030217B18F7
:108070001A800A00BB181B88002B0ED0154B11006C
:10808000BA1812885A807B181A888B235B0011005B
:10809000180009F077FD00F0B5FB3723FB186822C4
:1080A0001A7000F0AFFBC0466415002060A0020803
:1080B0006815002068A0020874A0020804130020BC
:1080C00078A0020880A0020884A002088CA0020800
:1080D00094A00208E8120020A0A00208ACA00208A8
:1080E000D74B1B68181D7B6A043B1A00D54B19003F
:1080F0001BF010FB031E2ED1D34B1B68180019F088
:10810000E6FE020030217B181A800A00BB181B888B
:10811000002B1AD0BB181B88FF2B16D8BB181B8846
:10812000DAB2CA4B1A71C94B5B791B021AB2C74B40
:108130001B791BB213431BB29AB21823FF331100F1
:10814000180009F01FFD00F05DFB3723FB186822C3
:108150001A7000F057FBBA4B1B68181D7B6A043B72
:108160001A00BB4B19001BF0D5FA031E2CD1B64BDD
:108170001B68180019F0ABFE020030217B181A8032
:108180000A00BB181B88002B19D0BB181B88FF2BBB
:1081900015D8BB181B88DAB2AC4B5A71AB4B5B7964
:1081A0001B021AB2A94B1B791BB213431BB29AB222
:1081B0001823FF331100180009F0E4FC22E33723F1
:1081C000FB1868221A701DE33723FB1867221A7008
:1081D00018E39B4B1B689F49042218001BF09AFA76
:1081E000031E00D0A2E02023FA187B6802211800A9
:1081F00010F086FB0200944B1A601C23FA187B686F
:108200000321180010F07CFB0200934B1A60182326
:10821000FA187B680421180010F072FB02008F4BE3
:108220001A601423FA187B680521180010F068FB07
:1082300002008B4B1A60844B1B68180019F047FE34
:1082400002003523FB181A70834B1B68180019F0C5
:108250003EFE02003423FB181A70804B1B68180086
:1082600019F035FE02002B23FB181A707C4B1B689B
:10827000002B1FD07A4B1B687A49022218001BF092
:1082800049FA031E04D13323FB1801221A7011E0AE
:10829000734B1B687449022218001BF03BFA031E43
:1082A00004D13323FB1802221A7003E03723FB1892
:1082B00068221A703723FB181B78002B00D0A1E22C
:1082C0003523FB181B78172B09D83423FB181B7890
:1082D0003B2B04D82B23FB181B783B2B04D93723CB
:1082E000FB1868221A708DE20BF022FD574B987D27
:1082F000564B597D554B1A8B544B1D7D3723FC181B
:108300003323FB181B7803933523FB181B78029348
:108310003423FB181B7801932B23FB181B78009345
:108320002B000BF03BFC030023706BE2444B1B68FB
:108330004E49042218001BF0EDF9031E00D05DE247
:108340002023FA187B680221180010F0D9FA0200E5
:108350003D4B1A601C23FA187B680321180010F0AB
:10836000CFFA02003C4B1A601823FA187B680421EC
:10837000180010F0C5FA0200384B1A601423FA18DE
:108380007B680521180010F0BBFA0200344B1A601C
:10839000324B1B68180019F09AFD02002B23FB18C2
:1083A0001A702F4B1B68180019F091FD0200302342
:1083B000FB181A80244B1B682D49062218001BF05D
:1083C000A9F9031E04D13523FB1801221A7079E0A4
:1083D0001D4B1B682749072218001BF09BF9031E41
:1083E00004D13523FB1802221A706BE0164B1B6870
:1083F0002149092218001BF08DF9031E04D13523F1
:10840000FB1803221A705DE00F4B1B681B49082202
:1084100018001BF07FF9031E04D13523FB1804223A
:108420001A704FE0084B1B681549062218001BF014
:1084300071F9031E26D13523FB1805221A7041E07D
:1084400064150020BCA0020868150020E812002076
:10845000D0A00208E09802086C15002070150020DA
:1084600074150020E4A00208E8A00208349902086C
:10847000ECA00208F4A00208FCA0020808A102086F
:1084800014A10208BF4B1B68BF49082218001BF04B
:1084900041F9031E04D13523FB1806221A7011E09E
:1084A000B84B1B68B949062218001BF033F9031EAC
:1084B00004D13523FB1807221A7003E03723FB1879
:1084C00068221A70B24B1B68B249072218001BF0D1
:1084D00021F9031E08D0AE4B1B68AF4902221800D9
:1084E0001BF018F9031E04D13423FB1801221A7063
:1084F00000E1A74B1B68A949082218001BF00AF9E4
:10850000031E08D0A24B1B68A549022218001BF0CD
:1085100001F9031E04D13423FB1802221A70E9E08A
:108520009B4B1B689F49052218001BF0F3F8031EA4
:1085300008D0974B1B689C49022218001BF0EAF8F0
:10854000031E04D13423FB1803221A70D2E0904B8F
:108550001B689649052218001BF0DCF8031E08D0A2
:108560008B4B1B689249022218001BF0D3F8031EA4
:1085700004D13423FB1804221A70BBE0844B1B681F
:108580008C49032218001BF0C5F8031E08D0804B4D
:108590001B688949022218001BF0BCF8031E04D195
:1085A0003423FB1805221A70A4E0794B1B68834919
:1085B000042218001BF0AEF8031E08D0744B1B6891
:1085C0007F49022218001BF0A5F8031E04D13423B2
:1085D000FB1806221A708DE06D4B1B687949042246
:1085E00018001BF097F8031E08D0694B1B687649EA
:1085F000022218001BF08EF8031E04D13423FB184E
:1086000007221A7076E0624B1B6870490522180039
:108610001BF080F8031E08D05D4B1B686C490222DA
:1086200018001BF077F8031E04D13423FB1808222E
:108630001A705FE0564B1B686649092218001BF050
:1086400069F8031E08D0524B1B68634902221800C8
:108650001BF060F8031E04D13423FB1809221A70A2
:1086600048E04B4B1B685D49072218001BF052F88D
:10867000031E08D0464B1B685949022218001BF004
:1086800049F8031E04D13423FB180A221A7031E082
:108690003F4B1B685349082218001BF03BF8031E90
:1086A00008D03B4B1B685049022218001BF032F8DF
:1086B000031E04D13423FB180B221A701AE0344B2A
:1086C0001B684A49082218001BF024F8031E08D032
:1086D0002F4B1B684649022218001BF01BF8031E93
:1086E00004D13423FB180C221A7003E03723FB1843
:1086F00068221A703723FB181B78002B00D081E00A
:108700002B22BB181B78002B0FD0BB181B781F2BFC
:108710000BD830217B181A88FA23DB009A4204D345
:108720007B181B88334A934204D93723FB186822ED
:108730001A7067E00BF0FCFA2F4B1B7C2E4A527C20
:108740002D49897C2C48C07C37243C1935257D195E
:108750002D78A84630257D192D88AC462B257D190E
:108760002E7834257D192D78039002910192009383
:1087700043466246310028000BF010FA03002370D4
:1087800040E0C046681500201CA1020828A102088C
:108790006C15002030A1020838A102083CA1020893
:1087A00048A102084CA1020854A1020858A10208DD
:1087B00060A1020864A1020868A102086CA1020875
:1087C00074A1020878A1020880A1020884A102080D
:1087D0008CA1020890A102089CA10208A0A1020895
:1087E000A8A10208ACA10208B8A10208BCA1020815
:1087F000C8A1020834080000E81200203723FB1843
:1088000067221A703723FB181B78002B22D1214BCB
:108810001B687A6A9B1800221A701F4B19681D4B3F
:108820001A681E4B1B68F8681AF0D2FE3623FB1834
:108830001B78012B27D11A4B1A68FB68110018000E
:108840001AF04DFF174B1A68FB68110018001AF058
:1088500046FF18E03723FB181B78672B07D1124B14
:108860001A68FB68110018001BF051F80BE0372361
:10887000FB181B78682B06D10C4B1A68FB6811009B
:1088800018001BF044F800231800BD460EB080BC51
:10889000B846F0BD64150020F800002068150020DF
:1088A000FC0000200001002004010020080100203D
:1088B00080B588B000AFF860B9607A601F23FB18FC
:1088C00000221A700023BB6100237B611E23FB186A
:1088D00000221A701D23FB1800221A701C23FB189B
:1088E00000221A701823FA187B680121180010F072
:1088F00007F80200BB4B1A60BA4B1B68BA49042246
:1089000018001AF007FF031E00D0CAE0B54B1B6821
:10891000181DBB69043B1A00B44B19001AF0FAFE8B
:10892000031E31D1B24B1B7860221340DBB2602BA7
:1089300007D1B04B1968B04AFB6818001AF048FE1E
:1089400031E1AB4B1B7860221340DBB2202B07D107
:10895000A84B1968A94AFB6818001AF039FE22E1F1
:10896000A34B1B7860221340DBB2002B07D1A14B35
:108970001968A34AFB6818001AF02AFE13E11F23A6
:10898000FB1868221A700EE1964B1B68181DBB6914
:10899000043B1A009B4B19001AF0BCFE031E13D1B6
:1089A000934B1B7804221340DBB2002B07D0914B72
:1089B0001968914AFB6818001AF00AFEF3E01F23B9
:1089C000FB1868221A70EEE0864B1B68181DBB6905
:1089D000043B1A008C4B19001AF09CFE031E07D1B1
:1089E0008A4B9A688A49FB6818001AF0F1FDDAE0B0
:1089F0007C4B1B68181DBB69043B1A00854B190092
:108A00001AF088FE031E08D1804B1B881A0080498B
:108A1000FB6818001AF0DCFDC5E0724B1B68181DDE
:108A2000BB69043B1A007C4B19001AF073FE031E4D
:108A300008D1764B5B881A007549FB6818001AF05C
:108A4000C7FDB0E0674B1B68181DBB69043B1A00EB
:108A5000724B19001AF05EFE031E08D16B4B1B7996
:108A60001A006B49FB6818001AF0B2FD9BE05D4BE1
:108A70001B68181DBB69043B1A00694B19001AF0EA
:108A800049FE031E08D1614B5B791A006049FB68FF
:108A900018001AF09DFD86E01F23FB1867221A704C
:108AA00081E0504B1B685F49052218001AF032FE26
:108AB000031E00D073E01423FA187B68022118000B
:108AC0000FF01EFF0200584B1A601E23FB180022F5
:108AD0001A701D23FB1800221A701AE0524B1868F6
:108AE0001D23FB181A7813009B009B185B004F4A4C
:108AF0009B181900F7F708FB031E04D11E23FB186F
:108B000001221A700AE01D217B181A787B180132A5
:108B10001A701D23FB181B78092BDFD91E23FB18A5
:108B20001B78002B09D1424B19683F4B1A68FB6830
:108B300018001AF04DFD002350E03E4B19683A4BE7
:108B40001A68FB6818001AF043FD1C23FB18012269
:108B50001A701CE01C217B181B785A1E364B5200E1
:108B6000D35A1A001D23FB181B781A411300012247
:108B7000134006D07B181B78FA683049F8681AF061
:108B800027FD1C217B181A787B1801321A702C4B98
:108B90001B781C22BA1812789A42DBD903E01F23F3
:108BA000FB1867221A701F23FB181B78672B07D14D
:108BB000244B1A68FB68110018001AF0A8FE0CE09C
:108BC0001F23FB181B78682B07D11F4B1968054B17
:108BD0001A68FB6818001AF0FBFC00231800BD4659
:108BE00008B080BD7815002060A0020868A00208C7
:108BF000041300200C01002074A00208CCA102087C
:108C000084A002088CA0020894A00208E8120020A8
:108C1000D0A10208A0A00208ACA00208BCA00208D3
:108C2000D0A00208789502087C150020A409002035
:108C300010010020140100207C120020D8A102089D
:108C40007C000020180100201C01002090B587B096
:108C500000AFF860B9607A601723FB1800221A7021
:108C600000233B611023FA187B68012118000FF0E4
:108C700047FE02002A4B1A60294B1B683A692949B2
:108C800018001AF047FD031E11D1274B274A13CABB
:108C900013C313CA13C312681A60FAF773FE244B86
:108CA0001A68FB68110018001AF031FE26E01C4B10
:108CB0001B683A691F4918001AF02CFD031E19D1D0
:108CC00000221621FF2001F03DFF1B4B02221A70EB
:108CD00064200FF095FCFAF7AFFE08F08FF96420DE
:108CE0000FF08EFC154B1A68FB68110018001AF083
:108CF0000EFE03E01723FB1868221A701723FB18D7
:108D00001B78682B06D10E4B1A68FB6811001800FF
:108D10001AF0FDFD00231800BD4607B090BDC04607
:108D200080150020E0A10208E81200208000002049
:108D300020010020E8A10208420A002024010020AE
:108D400028010020F0B589B004AFF860B9607A60FE
:108D50000AF0EEFF2C4B5B7B182B14D12B4B1968C0
:108D6000294B9B7C1C00284B5B7C1D00264B1B7CED
:108D70001A00254BDB89F868019300922B00220032
:108D80001AF026FC3AE0204B5B7B0C2B36D11E4BB5
:108D9000DB7C012B17D11E4B19681B4B9B7C1D00E4
:108DA000194B5B7C1E00184B1B7C1A00164BDB8991
:108DB0001C00F868174B02930194009233002A00BC
:108DC0001AF006FC1AE0104BDB7C022B16D1104B7C
:108DD00019680D4B9B7C1D000B4B5B7C1E000A4BE6
:108DE0001B7C1A00084BDB891C00F8680A4B0293B5
:108DF0000194009233002A001AF0EAFB00231800C5
:108E0000BD4605B0F0BDC046E81200202C01002090
:108E100030010020F0A10208F4A1020890B585B04D
:108E200000AFF860B9607A600AF082FF074B1C68F7
:108E3000FDF792F80200FB68210018001AF0C8FB49
:108E400000231800BD4605B090BDC0463401002087
:108E500090B58BB000AFF860B9607A602723FB183B
:108E600000221A7000237B6100233B611423FA184F
:108E70007B68012118000FF043FD03003B623B6A51
:108E80001B785BB2702B09D13B6A0133180019F0D3
:108E900024F802002623FB181A7003E02723FB188E
:108EA00068221A701023FA187B68022118000FF04C
:108EB00027FD0300FB61FB69180019F00EF80300A1
:108EC000BB612723FB181B78682B07D10E4B1A6850
:108ED000FB68110018001AF01AFD0FE0BA69262489
:108EE0003B191B78110018000BF03EFD074B196869
:108EF0003B191B78BA69F8681AF06AFB002318005E
:108F0000BD460BB090BDC046380100203C0100209A
:108F100090B587B000AFF860B9607A601B4B1A68F3
:108F20001B49FB6818001AF053FB1723FB1800229B
:108F30001A7011E017243B191B789B00154A9446C0
:108F400063441B68FA681449F8681AF041FB3B193E
:108F50001A783B1901321A701723FB181B78022B61
:108F6000E8D9FB681800F7F7D9F803001A00FB6886
:108F70009A180A4B1000190003231A001AF0CFFCAC
:108F800000231800BD4607B090BDC0464001002038
:108F9000F8A102089075FF1FFCA1020804A20208B4
:108FA00090B587B000AFF860B9607A6016243B19BD
:108FB00000221A8012F096FE02003B191A803B191B
:108FC0001B88114A934207D1104B1968104AFB685D
:108FD00018001AF0FDFA07E00C4B19680D4AFB68FF
:108FE00018001AF0F5FAC0460B4B1C6812F06EFE22
:108FF00003001B0BFA68F86821001AF0E9FA002355
:109000001800BD4607B090BD670400004401002071
:1090100008A2020814A202084801002080B584B00A
:1090200000AFF860B9607A60074B1968074B1B689E
:109030001B041A0CFB6818001AF0CAFA0023180067
:10904000BD4604B080BDC0464C010020E075FF1F46
:10905000F0B58FB004AFF860B9607A601823FB18E0
:10906000A34A13CA13C312881A80A24B1C78A24BBE
:109070001D68A14B1B681800F7F750F803009AB25F
:1090800001235B4200933223290020000BF0D6FB22
:109090002723FB1801221A702623FB1800221A70BE
:1090A00011E126203B181A78944913009B009B1865
:1090B0009B005B5C002B1AD0914B1C682723FB188C
:1090C0001D783B181A788D4913009B009B189B0054
:1090D000CB1810331B7819001823FA180B00DB008B
:1090E0005B1AD318F8682A0021001AF071FA2623B7
:1090F000FB181A78814913009B009B189B005B5C4E
:10910000012B02D0032B51D097E02623FB181A78AD
:109110007A4913009B009B189B00CB1803331B78E4
:10912000052B02D0062B20D03FE0764B1C68262072
:109130003B181A78714913009B009B189B00CB18B1
:1091400002331B781D003B181A786C4913009B00F2
:109150009B189B00CB180C331B68FA68F8680093C7
:109160002B0021001AF034FA1FE0674B1C68262000
:109170003B181A78614913009B009B189B00CB1881
:1091800002331B781D003B181A785C4913009B00C2
:109190009B189B00CB180C331B68FA68F868009387
:1091A0002B0021001AF014FAC04646E026243B1991
:1091B0001A7813009B009B189B00504A9B18991D1E
:1091C0001423FB18042218001AF0A9FB4F4B1D684A
:1091D00020003B181A78494913009B009B189B00FC
:1091E000CB1803331B785A1E494913005B009B18A8
:1091F0009B00CB1808331E683B181A783F491300B0
:109200009B009B189B00CB1801331B785A1E130040
:109210005B009B183F4A9C187B69181CF9F7D0FB30
:1092200002000B00F968F86802920393009433007F
:109230000A0029001AF0CCF9C04610E0364B196834
:10924000364BFA68F8681AF0C3F9344B1800F6F791
:1092500065FF0200314B002118001AF038FA26256C
:109260007B191A78254913009B009B189B00CB188B
:109270000C331B68294A11001800FDF769FE031E14
:10928000DCD1274B1A68FB68110018001AF027FA86
:10929000184B1C78FB681800F6F740FF03009AB2E1
:1092A000F96801235B420093322320000BF0C6FAD9
:1092B0002722BB18BA18127801321A707B191A7853
:1092C0007B1901321A70174B1B782622BA181278B4
:1092D0009A4200D2E5E6144B1A68FB6811001800A8
:1092E0001AF015FB00231800BD460BB0F0BDC046B8
:1092F0001CA20208400A0020500100209813002000
:1093000054010020580100205C0100206001002071
:10931000242900208C91020864010020841500207B
:1093200068010020450A00206C01002080B588B04B
:1093300000AFF860B9607A6000233B611F23FB181F
:1093400000221A701023FA187B68012118000FF010
:10935000D7FA0300BB61BB69180018F0B8FD020022
:1093600017217B181A700A00BB181B78002B05D038
:10937000184B1B78BA1812789A4203D91F23FB188E
:10938000FF221A701F23FB181B78002B16D11723FE
:10939000FB181B785A1E104913009B009B189B005A
:1093A000CB18103301221A7007F02CFD0B4B1A68F2
:1093B000FB68110018001AF0AAFA06E0084B1A68B8
:1093C000FB68110018001AF0A2FA00231800BD462D
:1093D00008B080BD450A00209813002078010020C5
:1093E0007C01002080B588B000AFF860B9607A6079
:1093F00000233B611F23FB1800221A701023FA1868
:109400007B68012118000FF07BFA0300BB61BB6988
:10941000180018F05CFD020017217B181A700A0072
:10942000BB181B78002B05D0184B1B78BA18127884
:109430009A4203D91F23FB18FF221A701F23FB181F
:109440001B78002B16D11723FB181B785A1E1049C6
:1094500013009B009B189B00CB18103300221A703E
:1094600007F0D0FC0B4B1A68FB68110018001AF0CB
:109470004EFA06E0084B1A68FB68110018001AF053
:1094800046FA00231800BD4608B080BD450A0020FA
:1094900098130020800100208401002090B589B03D
:1094A00000AFF860B9607A6000233B611F23FB18AE
:1094B00000221A701023FA187B68012118000FF09F
:1094C0001FFA0300BB61BB69180018F000FD020021
:1094D00017217B181A700A00BB181B78002B05D0C7
:1094E0005F4B1B78BA1812789A4203D91F23FB18D6
:1094F000FF221A701F23FB181B78002B00D096E068
:1095000017243B191B785A1E564913009B009B18C1
:109510009B0000225A543B191B785A1E51491300D4
:109520009B009B189B00CB18013300221A703B193B
:109530001B785A1E13009B009B189B00494A9B18DE
:1095400002330422002118001AF0C1F83B191B78DD
:109550005A1E444913009B009B189B00CB181033E4
:1095600000221A703B191B785A1E3E4913009B00BB
:109570009B189B00CB180C331B68180018F0BEFC1E
:1095800020003B181B785A1E364913009B009B187D
:109590009B00CB180C3300221A601E23FB183A18CC
:1095A00012781A7034E01E203B181A782D491300E7
:1095B0009B009B189B005B5C002B23D001007B1859
:1095C0001B785A1E13009B009B189B00254A981875
:1095D0000C007B181A7813009B009B189B00214AF3
:1095E0009B18142219001AF09AF93B191A781300E3
:1095F0009B009B189B001B4A9B18142200211800FB
:109600001AF065F81E217B181A787B1801321A703F
:10961000134B1B781E22BA1812789A42C3D3104BF0
:109620001B78013BDAB20E4B1A7007F0EBFB1F23DD
:10963000FB181B78002B07D10B4B1A68FB68110035
:1096400018001AF064F906E0084B1A68FB6811006C
:1096500018001AF05CF900231800BD4609B090BD4F
:10966000450A002098130020880100208C0100206A
:1096700090B58BB000AFF860B9607A600023BB6131
:1096800000237B612723FB1800221A701823FA1885
:109690007B68012118000FF033F903003B623B6A3D
:1096A0001B785BB2702B09D13B6A0133180018F0AC
:1096B00014FC02002623FB181A7003E02723FB1872
:1096C00067221A701423FA187B68022118000FF021
:1096D00017F90300FB61FB691B785BB2702B09D1A2
:1096E000FB690133180018F0F8FB02002523FB1872
:1096F0001A7003E02723FB1867221A702722BB1871
:109700001B78002B0DD1BC182523FB181A782623B3
:10971000FB181B7811001800FCF74CFC03002370A9
:1097200003E02723FB1867221A702723FB181B78F6
:10973000002B0BD1124B19682623FB181A7825230E
:10974000FB181B78F86819F043FF13E02723FB1878
:109750001B78672B07D10B4B1A68FB6811001800A8
:109760001AF0D5F806E0084B1A68FB6811001800DB
:109770001AF0CDF800231800BD460BB090BDC046CE
:1097800090010020940100209801002090B58BB03A
:1097900000AFF860B9607A600023BB6100237B6191
:1097A0002723FB1800221A701823FA187B6801215E
:1097B00018000FF0A5F803003B623B6A1B785BB210
:1097C000702B09D13B6A0133180018F086FB0200A8
:1097D0002623FB181A7003E02723FB1867221A7050
:1097E0001423FA187B68022118000FF089F803008F
:1097F000FB61FB691B785BB2702B09D1FB690133FC
:10980000180018F06AFB02002523FB181A7003E009
:109810002723FB1867221A702722BB181B78002BFE
:109820000DD1BC182523FB181A782623FB181B78AA
:1098300011001800FCF7E4FB0300237003E027236A
:10984000FB1867221A702723FB181B78002B0BD1FB
:10985000124B19682623FB181A782523FB181B784E
:10986000F86819F0B5FE13E02723FB181B78672B67
:1098700007D10B4B1A68FB68110018001AF047F863
:1098800006E0084B1A68FB68110018001AF03FF850
:1098900000231800BD460BB090BDC0469C010020BF
:1098A000A0010020A4010020B0B58EB002AFF86086
:1098B000B9607A600023FB612F23FB1800221A7025
:1098C0001823FB18A54A12781A700023BB621C23C8
:1098D000FA187B68012118000FF012F803007B6270
:1098E0009F4A7B6A11001800F6F70EFC031E00D099
:1098F000AEE0BB6A002B00D02BE12E23FB18012227
:109900001A709EE0974B1B782E243A1912789A42CF
:1099100000D190E018F01CFD0300DAB218257B1985
:109920001A7079193B191878642300930A230122CD
:109930000AF084FF3B191B7818000BF035F8030080
:109940001B685B6ADAB214217B181A707B191A78CB
:109950007B181B789A4204D12F23FB1800221A701F
:1099600003E02F23FB1806221A702F23FB181B7805
:10997000002B18D17C4B19682E23FB181A78FB6832
:10998000180019F025FE774B1C78FB681800F6F7D5
:10999000C5FB03009AB2F968642300930A232000F0
:1099A0000AF04CFF1CE02F23FB181B78062B17D165
:1099B0006E4B19682E23FB181A78FB68180019F0F3
:1099C00007FE684B1C78FB681800F6F7A7FB03003E
:1099D0009AB2F968642300930A2320000AF02EFF4C
:1099E000634B1A68FB681100180019F090FF5D4B7B
:1099F0001C78FB681800F6F791FB03009AB2F9682F
:109A0000642300930A2320000AF018FF02E00120DB
:109A100012F038F9534B1B785A1EBB6A591C554833
:109A200013005B009B189B01C3185B5C002BEED0FE
:109A3000BB6A0133BB622E217B181A787B18013276
:109A40001A702E23FB181B78062B00D85AE780E0EB
:109A50007B6A1B785BB2702B00D073E07B6A0133AA
:109A6000180018F03AFA020023243B191A703B1927
:109A70001B78002B37D03B191B78062B33D82F23AC
:109A8000FB181B78002B1CD118F062FC0300DAB223
:109A900018217B181A7079183B19187864230093E1
:109AA000322301220AF0CAFE2E23FB181B7818006D
:109AB0000AF07AFF03001B685B6ADAB21423FB1812
:109AC0001A701823FB181A781423FB181B789A4273
:109AD00004D12F23FB1800221A7008E02F23FB1853
:109AE00006221A7003E02F23FB1866221A702F2318
:109AF000FB181B78002B09D11B4B19682323FB187B
:109B00001A78FB68180019F063FD22E02F23FB1878
:109B10001B78662B07D1184B1A68FB6811001800D8
:109B200019F0F5FE15E02F23FB181B78062B10D13A
:109B30000E4B19682323FB181A78FB68180019F0DC
:109B400047FD06E00D4B1A68FB681100180019F07C
:109B5000DEFE00231800BD460CB0B0BD2CA20208EA
:109B600074A00208400A0020A8010020AC010020D7
:109B7000B001002008160020B4010020B801002028
:109B8000B0B58CB000AFF860B9607A600023BB61FB
:109B900000237B612B23FB1800221A7000233B61FA
:109BA0001823FA187B68012118000EF0A9FE0300A3
:109BB0007B621423FA187B68022118000EF0A0FEC5
:109BC00003003B627B6A1B785BB2322B04D07B6A5A
:109BD0001B785BB2332B53D17B6A180018F07DF9E8
:109BE00002001F23FB181A702B4A3B6A1100180051
:109BF000F6F78AFA031E07D0284A3B6A11001800BC
:109C0000F6F782FA031E33D1234A3B6A110018008B
:109C1000F6F77AFA031E02D11F4BFB6209E01F4AD6
:109C20003B6A11001800F6F76FFA031E01D11B4BB7
:109C3000FB621F243B191B78180009F085F81025DA
:109C40007A19F96A3B191B78180009F0C3F87A19D8
:109C5000FB681100180019F05AFE3B69181CF8F750
:109C6000AFFE02000B000E49F86819F0B1FC0EE0DF
:109C70000C4B1A68FB681100180019F048FE06E04A
:109C8000094B1A68FB681100180019F040FE002308
:109C90001800BD460CB0B0BD30A2020834A20208C4
:109CA0003CA20208BC010020C001002090B587B092
:109CB00000AFF860B9607A6000237B6100233B61EC
:109CC0001023FA1814243B191100180009F02CF97C
:109CD0003A19FB681100180019F019FE7B69181C6D
:109CE000F8F76EFE02000B000449F86819F070FCEA
:109CF00000231800BD4607B090BDC04654A202081C
:109D000090B587B000AFF860B9607A6000237B61DE
:109D100000233B611023FA1814243B19110018008A
:109D200009F002F93A19FB681100180019F0EFFD6B
:109D30003B69181CF8F744FE02000B000449F86860
:109D400019F046FC00231800BD4607B090BDC04680
:109D500078A2020880B58CB000AFF860B9607A6074
:109D60000023BB6100237B612B23FB1800221A70A8
:109D700000233B611823FA187B68012118000EF0BC
:109D8000BFFD03007B621423FA187B6802211800D0
:109D90000EF0B6FD03003B627B6A1B785BB2322B90
:109DA00004D07B6A1B785BB2332B40D17B6A1800EE
:109DB00018F093F802001F23FB181A70224A3B6A1E
:109DC00011001800F6F7A0F9031E07D01F4A3B6ADE
:109DD00011001800F6F798F9031E14D11A4A3B6ACD
:109DE00011001800F6F790F9031E02D1164BFB6222
:109DF00009E0164A3B6A11001800F6F785F9031EC0
:109E000001D1124BFB621023FA18F96A1F23FB18C9
:109E10001B78180009F070F93B69181CF8F7D0FDA1
:109E200002000B000A49F86819F0D2FB06E0094B62
:109E30001A68FB681100180019F069FD002318006A
:109E4000BD460CB080BDC04630A2020834A2020854
:109E5000A4A20208C4010020B0B586B000AFF8602B
:109E6000B960BB1D1A8017257C19FB68180007F024
:109E70009FFA030023707B191B78204AD35C002BC8
:109E80000BD07B191B781D4AD35C012B05D07B19A5
:109E90001B781A4AD35C032B22D117243B191B7859
:109EA000180007F09FFC20003B181B785A1E144B2B
:109EB0009200B968D1503B181B78104A0221D15446
:109EC0003B181B785A1E0F4B92000021D150BB1D2E
:109ED0001A88B968FB68180007F0C0FB002309E086
:109EE0001723FB181B78054AD35C022B01D11723DB
:109EF00000E017231800BD4606B0B0BD500A002090
:109F0000881A0020A01A002080B584B000AF02009B
:109F1000FB1D1A70FB1D1B783B4AD35C022B09D03A
:109F2000FB1D1B785A1E394B9200D358180013F0B2
:109F300031FB64E0FB1D1B785A1E344B9200D35852
:109F4000180013F027FBFB1D1B785A1E304B9200A4
:109F5000D358002B09D0FB1D1B78013B2D4A9900DB
:109F60008A58511C2B4A9B009950FB1D1B785A1E86
:109F7000284B9200D258FB1D1B78591E244B890098
:109F8000CB589A4208D2FB1D1B785A1E224B520016
:109F9000D35ADBB20D2B32D1FB1D1B785A1E1E4B40
:109FA0005200D35A1B0A9AB20F217B181A70FB1D5C
:109FB0001B785A1E184B5200D25A0E23FB181A70E7
:109FC0007B181B78002B03D07B181B78012B08D142
:109FD000FB1D1B78180007F02FFC104B01221A7094
:109FE0000DE0FB1D1B78180007F026FC0E23FB1864
:109FF0001B78180007F020FC084B01221A70C0469D
:10A00000BD4604B080BDC046500A00208029002013
:10A01000B81A0020A01A0020181C0020C801002037
:10A0200080B500AF0D4B1B6808221A620C4B1B68F1
:10A0300008221A620B4B1B6808221A620A4B1B6823
:10A0400008221A62094B1B6808221A62084B1B6817
:10A0500008221A62C046BD4680BDC046AC2500201D
:10A0600040260020D426002068270020FC2700205E
:10A070009028002080B58EB002AFFA239A007A496A
:10A080007A487B4B01930323009300230FF0F9FDE3
:10A09000FA239A0077497848784B01930523009377
:10A0A00000230FF0EEFDFA239A0075497548764BB0
:10A0B00001930323009300230FF0E3FDFCF7D0FF8F
:10A0C000FA239A0071497248724B0193032300935B
:10A0D00000230FF0D6FDFA239A006F496F48704BAA
:10A0E00001930423009301230FF0CBFDFA239A0080
:10A0F0006C496A486C4B01930423009302230FF0D0
:10A10000C0FDFA239A0069496448694B019304230E
:10A11000009303230FF0B5FDFA239A0065495F48C9
:10A12000654B01930423009304230FF0AAFDFA2347
:10A130009A0062495948624B019304230093052316
:10A140000FF09FFDFA239A005E4954485E4B01933D
:10A150000423009306230FF094FD0023FB622C23BD
:10A16000FB18012118000EF05FFA0200574B5A60ED
:10A170000023BB622823FB18012118000EF054FABB
:10A180000200534B5A6000237B622423FB180121F9
:10A1900018000EF049FA02004C4B9A6000233B6213
:10A1A0002023FB18012118000EF03EFA0200484B54
:10A1B0009A600023FB611C23FB18012118000EF09C
:10A1C00033FA0200414BDA600023BB611823FB180D
:10A1D000012118000EF028FA02003D4BDA6000233E
:10A1E0007B611423FB18012118000EF01DFA0200F8
:10A1F000364B1A6100233B611023FB180121180024
:10A200000EF012FA0200324B1A610023FB600C239D
:10A21000FB18012118000EF007FA02002B4B5A61BF
:10A220000023BB600823FB18012118000EF0FCF985
:10A230000200274B5A6100237B603B1D012118005F
:10A240000EF0F2F90200214B9A6100233B603B00C3
:10A25000012118000EF0E8F902001D4B9A61C0467A
:10A26000BD460CB080BDC04658AC0208D5A200085F
:10A27000481B002064AC02080DB50008501B0020EC
:10A2800070AC02080F1E02084C1B00207CAC0208B8
:10A29000BD600008541B002084AC0208C5C0000843
:10A2A000301B002090AC0208341B00209CAC02083C
:10A2B000381B0020A8AC02083C1B0020B4AC0208EC
:10A2C000401B0020C0AC0208441B0020581B00208B
:10A2D000741B002080B582B000AF78603A4B1B78C9
:10A2E000032B2FD043DC012B02D0022B15D03EE0F4
:10A2F0008023DB0135480122190013F0FEFD5020B8
:10A300000EF07EF98023DB0130480022190013F0A3
:10A31000F4FD2D4B00221A702AE08023DB012B482C
:10A320000122190013F0E9FD64200EF069F9802381
:10A33000DB0126480022190013F0DFFD224B00222A
:10A340001A7015E08023DB0120480122190013F068
:10A35000D4FD1E200EF054F98023DB011B4800229F
:10A36000190013F0CAFD184B00221A7000E0C04615
:10A3700007F06EFFFCF77EFD154B1B78002B15D008
:10A3800006F02BFB124B00221A708023DB010F48D2
:10A390000122190013F0B1FDC82011F073FC8023D5
:10A3A000DB010A480022190013F0A7FD094B1B78B6
:10A3B00001225340DBB2002B02D0074B00221A705F
:10A3C0000EF00EFD8AE7C046420A0020000400504D
:10A3D000281B00200D2A00200C2A002080B500AF89
:10A3E000064B1B6806491800F5F7B4FE03001A0077
:10A3F000044B1A60C046BD4680BDC046D001002057
:10A40000102700002C1B002080B588B000AF00236F
:10A41000FB610023BB6100237B611E4B1B68FA229A
:10A4200091001800F5F796FE0300013B3B611A4BC3
:10A43000FB601A4BBB608023DB047B60FB681B68FE
:10A440003A69D31AFB610FF055FF0300BB61BB688B
:10A450001B687A68134007D0BB690133BB61FB6896
:10A460001B683A69D31AFB61BA6913009B009B18F9
:10A470005B007B610A4B1B681900F869F5F76AFEFF
:10A4800003001A007B699B187B617B691800BD463D
:10A4900008B080BDD001002018E000E004ED00E02D
:10A4A0002C1B0020F0B589B002AFB9607A601900AA
:10A4B0000F23FB18021C1A700E203B180A1C1A707E
:10A4C00000237B6101007B181A78282308201B18C1
:10A4D000DB191B789A4207D17B181B781A00DD4BD9
:10A4E000022199546723B0E10E23FB181B78002B3F
:10A4F00006D0282308229B18DB191B78002B01D1DA
:10A500006723A2E10F23FB181B78002B5BD12825C2
:10A510000826AB19DB191B780D2B18D10E23FB185D
:10A520001B7818000AF040FA0400AB19DB191B78FD
:10A5300018000AF039FA0100BB689BB21A0020002B
:10A54000FFF78AFC0300172B1BD117237DE10E2395
:10A55000FB181B7818000AF027FA040028230822A9
:10A560009B18DB191B7818000AF01EFA0300012261
:10A5700019002000FFF770FC0300172B01D11723EF
:10A5800063E17A6813005B019B1A9B009B18DB0058
:10A590001A00FA2399001000F5F7DCFD03001900FA
:10A5A0000E243A19AC48AD4B00931300002210F072
:10A5B000E5FF03007B613B191B785A1EA84B9200F4
:10A5C000B968D150C1E00F23FB181B78012B3DD196
:10A5D000282308229B18DB191B7818000AF0E4F9DD
:10A5E00004000E23FB181B7818000AF0DDF90300A5
:10A5F000012219002000FFF72FFC0300172B01D1C7
:10A60000172322E17A6813005B019B1A9B009B18B9
:10A61000DB001A00FA2399001000F5F79BFD0300F8
:10A620001900282408256319DB198B488B4A0092EE
:10A63000002210F0A3FF03007B616319DB191B7874
:10A640005A1E874B9200B968D1507EE00F23FB1849
:10A650001B78022B77D10E23FB181B7818000AF009
:10A66000A3F90400282308229B18DB191B78180083
:10A670000AF09AF90300012219002000FFF7ECFB11
:10A680000300172B01D11723DFE07A6813005B0169
:10A690009B1A9B009B18DB001A00FA2399001000FC
:10A6A000F5F758FD030019000E257A196A486B4B1F
:10A6B00000931300002210F061FF03007B617B19FF
:10A6C0001B785A1E664B9200B968D1502823082285
:10A6D0009B18DB191B7818000AF066F904007B1937
:10A6E0001B7818000AF060F903000122190020000D
:10A6F000FFF7B2FB0300172B01D11723A5E07A68FF
:10A7000013005B019B1A9B009B18DB001A00FA23C5
:10A7100099001000F5F71EFD0300190028240825F4
:10A720006319DB194C484D4A0092002210F026FFB5
:10A7300003007B616319DB191B785A1E484B92009A
:10A74000B968D15001E067237FE00F22BB181B7866
:10A75000002B14D1BB181B789BB21B0299B2282383
:10A7600008229B18DB191B7818000E23FB181B7896
:10A770005A1E0B1899B23B4B5200D15244E00F22A3
:10A78000BB181B78012B14D1BB181B789BB21B0282
:10A7900099B20E23FB181B781800282308229B1857
:10A7A000DB191B785A1E0B1899B22E4B5200D1524E
:10A7B0002AE00F243B191B78022B25D13B191B786B
:10A7C0009BB21B0299B228250823EA18D3191B78DB
:10A7D00018000E26BB191B785A1E0B1899B2214B74
:10A7E0005200D1523B191B789BB21B0299B2BB1984
:10A7F0001B7818000823EB18DB191B785A1E0B185E
:10A8000099B2184B5200D1520F23FB181B781A042F
:10A81000282308215B18DB191B781B02D3180E2292
:10A82000BA1812789B181A000F4B1A607B69002B1C
:10A830000AD00FF051FD0200786901235B420093BA
:10A840000023012110F0EAFE00231800BD4607B0E6
:10A85000F0BDC046500A0020D4AC02086DA8000824
:10A86000B81A0020181C0020241C002090B585B0C8
:10A8700000AF78600F203B1800221A700E243B199D
:10A8800000221A700D217B1800221A701E4B1B68C3
:10A890001A0C7B181A701C4B1B681A0A3B191A7089
:10A8A000194B1A683B181A707B181B78022B16D0AC
:10A8B00025DC002B02D0012B07D020E00F23FB1852
:10A8C0001B78180006F0B8FF1AE00E23FB181B785F
:10A8D000180006F0B1FF0D4B01221A7010E00F2393
:10A8E000FB181B78180006F0A7FF0E23FB181B7837
:10A8F000180006F0A1FF054B01221A7000E0C046C7
:10A90000C046BD4605B090BD241C0020C8010020F3
:10A91000F0B587B002AF0200FB1D1A700F23FB18C1
:10A9200000221A700E243B1900221A700D257B1983
:10A9300000221A70164B00221A70FB1D1B785A1E3B
:10A94000791914481300DB009B1ADB001B5C0B70A9
:10A95000114B1A7826003C197B191B78190010003E
:10A96000FAF75AF903002370FB1D1B789BB27A1982
:10A970001178BA191078009300230A00002100F022
:10A98000B9F90F23FB181B781800BD4605B0F0BDC0
:10A99000A2090020580A0020E412002080B586B0E9
:10A9A00002AF0200FB1D1A70BB1D0A1C1A700F2398
:10A9B000FB1800221A70134B00221A70124BFA1D5A
:10A9C00012781A70FB1D1B78FF2B0AD1BB1D1B7858
:10A9D0009BB200930023FF220021002000F08AF99F
:10A9E00009E0BB1D1B789BB200930023FE220021CF
:10A9F000002000F07FF90F23FB181B781800BD46DC
:10AA000004B080BDA20900207800002080B582B08B
:10AA100000AF0200FB1D1A70FB1D1B78062B34D8FB
:10AA20009A001C4BD3181B689F461B4B18680023C9
:10AA30000222002110F09AFB28E0184B186800232E
:10AA40000222002110F092FB20E0154B1868002331
:10AA50000222002110F08AFB18E0124B1868002334
:10AA60000222002110F082FB10E00F4B1868002337
:10AA70000222002110F07AFB08E00C4B186800233A
:10AA80000222002110F072FB00E0C046C046BD4625
:10AA900002B080BDE0AC0208301B0020341B002057
:10AAA000381B00203C1B0020401B0020441B0020C2
:10AAB000B0B584B002AF05000C0010001900FB1DFA
:10AAC0002A1C1A70BB1D221C1A703B1D021C1A8006
:10AAD000BB1C0A1C1A80184B01221A70174BBA1D96
:10AAE00012781A70BB1D1B78FF2B0CD13B1D1A88E6
:10AAF000FB1D1978BB1C1B8800931300FF2200204C
:10AB000000F0F8F80BE03B1D1A88FB1D1978BB1C00
:10AB10001B8800931300FE22002000F0EBF8BB1C02
:10AB20001A88074B0021180018F0D1FD00231800E7
:10AB3000BD4602B0B0BDC046A2090020780000208A
:10AB4000A80B0020B0B586B002AF040008001100C9
:10AB5000FB1D221C1A703B1D021C1A80BB1C0A1C08
:10AB60001A800F23FB1800221A700E257B19002271
:10AB70001A70FB1D1B78FF2B20D0194B1A787C19FB
:10AB8000FB1D1B7819001000FAF746F8030023702C
:10AB9000134B19783B1D1C88FB1D1A787B191878FC
:10ABA000BB1C1B880093230000F0A4F8BB1C1A8870
:10ABB0000C4B0021180018F08AFD09E0084B1878AA
:10ABC000BB1C19883B1D1A880B00FF21FFF770FF83
:10ABD0000F23FB181B781800BD4604B0B0BDC0465B
:10ABE000E4120020A80B0020F0B587B000AF0400ED
:10ABF0000800BA6019000F257B19221C1A700C235B
:10AC0000FB18021C1A80BB1D0A1C1A801623FB1895
:10AC1000BA1D12881A801423FB1800221A801223EE
:10AC2000FB1800221A8011217B1800221A701023B1
:10AC3000FB1800221A702C4B1A787C187B191B7891
:10AC400019001000F9F7E8FF0300237041E0122318
:10AC5000FA181623FB181B8899B22E2900D92E2327
:10AC6000138014243B191B88BA68D11812257B194C
:10AC70001A881E4B180018F052FE1626BB19B91977
:10AC800028003A18098812888A1A1A803B1939193B
:10AC90003A18098812888A181A80BB191B88002B59
:10ACA00006D0134B1A78802149420A431A7004E0F7
:10ACB0000F4B1A787F210A401A701223FB181A884A
:10ACC0000C23FB1819880F23FB181B781800FFF7BB
:10ACD00039FF1623FB181B88002BB8D1002318005E
:10ACE000BD4607B0F0BDC046E4120020A80B00200E
:10ACF00004130020B0B586B000AF05000C001000B2
:10AD00001900FB1D2A1C1A70BB1D221C1A707B1D0A
:10AD1000021C1A70BB1C0A1C1A801023FB1800228C
:10AD20001A700F23FB1800221A700E23FB18002242
:10AD30001A701723FB1800221A701623FB18002222
:10AD40001A701523FB1800221A70FB1D1B78002BAC
:10AD500003D17B1D1B78002B17D0FB1D1B78002B0C
:10AD600007D17B1D1B78FF2B03D07B1D1B78FE2B8F
:10AD70000BD1FB1D1B78002B09D0BB1D1B78002BB2
:10AD800005D07B1D1B78002B01D1672314E2002026
:10AD90000FF034F90300BB60052100200FF048F9E3
:10ADA000CA4B48221A70C94B5A225A70FB1D1B7895
:10ADB000002B0BD1BB1D1B78002B07D17B1D1B78F3
:10ADC000FF2B07D07B1D1B78FE2B03D0BB1C1B88E1
:10ADD000002B18D128203B181B885A1E16243B191B
:10ADE000BB498A5C1A703B181B885A1E1300DB0093
:10ADF0009B1ADB00B74A99183B191A78B64B180012
:10AE000018F08DFD29E1BB1D1B78002B03D1BB1D64
:10AE1000B24A12781A70B24B1B7801221340DBB28F
:10AE2000002B05D01722BB18BA18127801321A70FD
:10AE3000BB1C1B88FF2B04D9A94B1A7802210A439B
:10AE40001A70A24B1622BA1812789A709F4B7A1D6C
:10AE50001278DA709D4BBA1D12781A71A04B1A78CD
:10AE60009A4B5A7117203B181B780633BA1C12886C
:10AE7000D1B2964AD1549A4B1B7802221340DBB2CE
:10AE8000002B0ED03B183A18127801321A70BB1CF6
:10AE90001B881B0A9AB23B181B780633D1B28B4A27
:10AEA000D15428243B191B882E2B1AD817257B191F
:10AEB0001B78DA1D854BD0188A4B1B881A008A4BE9
:10AEC000D1183B191B881A0018F029FD3B191B8863
:10AED000DAB27B191B78D318DAB21623FB180432C6
:10AEE0001A70824B1B78002B00D1B6E0804B1B7888
:10AEF000FF2B52D01223FB1801221A8035E01220BA
:10AF00003B181B885A1E7B4B5200D35A1A00784BB1
:10AF10001B781A4113000122134020D015217B1801
:10AF20007A18127801321A7028243B191A887B1873
:10AF30001B78D3182C2B10DC1723FB181B78DA1D79
:10AF40003B191B88D2187B181B78D318013B3A1881
:10AF50001288D1B25D4AD15401E069232CE112215B
:10AF60007B181A887B1801321A80634B1B781A00F1
:10AF70001223FB181B889342C1D91723FB181B7897
:10AF8000DA1D2823FB181B88D21815217B181B7883
:10AF9000D3184E4A79180978D154554B1B78FF2B9A
:10AFA00016D128217B181B882C2B11D8534B1B78CA
:10AFB0000133DAB2514B1A701723FB181B78DA1DD4
:10AFC0007B181B88D3184D4A1178404AD1542EE083
:10AFD000474B1B78FF2B01D16923EDE0444B1B78D5
:10AFE000FF2B1ED028217B181A8815203B181B78B0
:10AFF000D3182B2B15DC414B1B780133DAB23F4BB6
:10B000001A701723FB181B78DA1D7B181B88D218BF
:10B010003B181B78D3180133384A11782B4AD15486
:10B0200005E0334B1B78FF2B01D06923C4E0304B84
:10B030001B78FF2B06D11622BB18BA1812780132E2
:10B040001A700AE01523FA1816217B1812781B785B
:10B05000D318DAB27B1802321A701C4B16257A19F3
:10B0600012789A707B191B7803331A001749244B06
:10B07000180018F054FC7B191B789BB203339AB26A
:10B080007B191B78DC1C1E4B1100180006F072FCAB
:10B0900003001A000D4B1A55194B382200211800D5
:10B0A00018F015FB7B1D1B78FF2B2BD07B1D1B780D
:10B0B000FE2B27D07B191B789BB204339AB203492D
:10B0C000FB1D1878322309F00FFC6AE0080A002003
:10B0D000480A0020580A00200B0A0020E412002031
:10B0E00004130020561C0020A80B0020A2090020F9
:10B0F000780000207C1200207C000020410A002003
:10B10000E01B0020BB1C1B88002B07D1BB1D1B783C
:10B11000002B03D1BB1D2A4A12791A70BB1D1B7864
:10B120001800F9F7A1FB1123FB1801221A7033E074
:10B13000244B1B785A1E244B5200D35A1A0011205C
:10B140003B181B78013B1A411300012213401AD00F
:10B1500016243B191B789BB204339AB218493B184A
:10B160001878322309F0C0FB184B1B78002B0AD04B
:10B170003B191B789BB204339AB21149FB1D187816
:10B18000322309F0B1FB0A2008F0ECFE11217B18F4
:10B190001A787B1801321A701123FB181B78062BC2
:10B1A000C6D9BB68190000200EF042FF084B0222EE
:10B1B0001A701023FB181B781800BD4606B0B0BDEE
:10B1C000080A0020E4120020080E0020A109002037
:10B1D00005130020F0B58BB006AF05000C00100081
:10B1E0001900FB1D2A1C1A70BB1D221C1A707B1D26
:10B1F000021C1A703B1D0A1C1A700B243B190022FA
:10B200001A700F23FB1800221A700E23FB1800225D
:10B210001A700D23FB1800221A70B04B1B78BA1D50
:10B2200012789A4248D0FB6A1B0EDAB2AC4B1A7005
:10B23000FB6A1B0CDAB2AA4B5A70FB6A1B0ADAB221
:10B24000A74B9A70FB6ADAB2A54BDA703B6B1B0E08
:10B25000DAB2A34B1A713B6B1B0CDAB2A04B5A71DA
:10B260003B6B1B0ADAB29E4B9A713B6BDAB29C4B7A
:10B27000DA719B4A202308215B18DB191B781372B3
:10B28000974BFA1D12785A72954B3A1D12789A72A2
:10B29000934B7A1D1278DA722C235B18DB191A781B
:10B2A0008F4B1A73BB1D1B780D221C211800FFF752
:10B2B00049FC3B191B780CE10C23FB1800221A7087
:10B2C000B6E03B1D1A78BB1D1B7811001800F9F77A
:10B2D000A3FC0C217B181B78824AD35C002B00D185
:10B2E000A0E07B181B7801337E4AD35C002B10D082
:10B2F0007B181B787B4AD05C7B181B780133794A1A
:10B30000D35C0E22BC181900F9F786FC03002370E9
:10B310000EE00C23FB181B78724AD25C0E23FC183B
:10B32000BB1D1B7819001000F9F776FC0300237091
:10B330003B1D1A78BB1D1B7811001800F9F76CFC37
:10B340000C23FB181B78674AD35C3A1D12789A428B
:10B3500005D10D23FB187A1D12781A7010E00C210C
:10B360007B181B785F4AD05C7B181B78013B5D4AD9
:10B37000D35C0D22BC181900F9F74EFC03002370B2
:10B38000FB6A1B0EDAB2564B1A70FB6A1B0CDAB260
:10B39000534B5A70FB6A1B0ADAB2514B9A70FB6A24
:10B3A000DAB24F4BDA703B6B1B0EDAB24C4B1A71B0
:10B3B0003B6B1B0CDAB24A4B5A713B6B1B0ADAB27D
:10B3C000474B9A713B6BDAB2454BDA71444A202302
:10B3D00008215B18DB191B781372414B0E22BA1837
:10B3E00012785A723E4B0D22BA1812789A722C2398
:10B3F0005B18DB191A783A4BDA723B1D1A78BB1DC1
:10B400001B7811001800F9F707FC0C23FB181B78B8
:10B41000344AD35C0C221B211800FFF793FB0A204F
:10B420000DF0EEF80C217B181A787B1801321A7097
:10B430000C23FB181B78192B00D842E7FB1D1B7847
:10B440000D2B43D0BA1D3B1D12781B789A4205D1B3
:10B450000F23FB187A1D12781A700BE00F23FC18CB
:10B460003B1D1A78BB1D1B7811001800F9F7D4FB9F
:10B4700003002370FB1D1C783A6BF96A2025082015
:10B480002B18DB1918780F26BB191B7800932300A3
:10B49000FFF708F82C2308201B18DB191B78002B5A
:10B4A00014D0FB1D1C783A6BF96A2B18DB1918783D
:10B4B00000230493002303930023029300230193AA
:10B4C000BB191B7800932300F8F7EEF90B23FB1848
:10B4D0001B781800BD4605B0F0BDC046E412002040
:10B4E000A80B00203C1C002080B500AFBFF34F8F9D
:10B4F000C046044B044ADA60BFF34F8FC046C046D3
:10B50000FDE7C04600ED00E00400FA05F0B58DB09F
:10B5100000AF78602F23FB1800221A701423FB1849
:10B5200000221A6000229A800C23FB1800221A6065
:10B5300000229A802223FB1800221A7001235B420A
:10B54000190001200FF0D0FDD54B00221A7000F039
:10B55000A8FD2123FB18D24A12781A70D04B1B7811
:10B560001A00D04B9200D3581B68DBB2CC4A127839
:10B57000110040225242D31ADAB2CB4B5A54C84B74
:10B580001B781A00C84B9A5CC54B1B781900C74B37
:10B590005B5C9A4200D125E2C14B1A7820243B190A
:10B5A00001321A703B191B785A1EBD4B1B781900CB
:10B5B000BE4B5B5C1800BE4913005B009B189B01EF
:10B5C000CB181B5C0D2B4BD13B191B78B94AD35CB4
:10B5D000002B45D10023BB620DE0B64ABB6AD318ED
:10B5E0001B78032B04D1B34ABB6AD31800221A700C
:10B5F000BB6A0133BB62BB6A062BEEDD20203B1821
:10B600001B78AC4A0321D154AB4B3A1812781A700C
:10B61000AA4B3A1812781A703B181B785A1EA04B86
:10B620001B781900A14B5B5C1800A14913005B005B
:10B630009B189B01CB181A5CA14B1A70A14B186880
:10B640000023022200210FF091FD9F4B1B78012B5C
:10B6500002D19E4B01221A709B4B01221A70ABE162
:10B6600020217B181B78934AD35C032B15D17B18C0
:10B670001B785A1E8A4B1B7819008C4B5B5C180098
:10B680008B4913005B009B189B01CB181A5C8C4BF9
:10B690001A708E4B01221A708EE120243B191B7800
:10B6A0005A1E7F4B1B781900804B5B5C1800804949
:10B6B00013005B009B189B01CB181B5C482B0BD124
:10B6C0003B191B787B4AD35C002B05D13B191B78B7
:10B6D000784A0721D1546FE120243B191B785A1E68
:10B6E0006F4B1B781900714B5B5C1800704913009D
:10B6F0005B009B189B01CB181B5C5A2B0BD13B1991
:10B700001B786C4AD35C072B05D13B191B78694A1F
:10B710000821D15450E120243B191B785A1E604B5C
:10B720001B781900614B5B5C1800614913005B00DA
:10B730009B189B01CB181B5C5A2B0BD03B191B7819
:10B740005C4AD35C072B05D13B191B78594A002171
:10B75000D15431E12026BB191B78564AD35C082B03
:10B760004CD1BB191B78534A0121D154BB191B780A
:10B770005A1E4B4B1B7819004C4B5B5C1D0021245F
:10B780003B1919783B191B785148C35C1C00484889
:10B7900013005B009B189B01C3185D5D4D4823009F
:10B7A000DB001B1BDB000A0092005218D100891A33
:10B7B000CA0011005B18C31802332A1C1A70212416
:10B7C0003B191B780C22BA180321D154BB191B78E2
:10B7D0005A1E334B1B781900344B5B5C18003449FC
:10B7E00013005B009B189B01CB181A5C3B191B785C
:10B7F0000132D1B21422BA18D154DDE020217B18D5
:10B800001B782C4AD35C012B00D0D5E021203B18BB
:10B810001B781422BA18D35C012B5DD97B181B78D6
:10B820005A1E1F4B1B781900204B5B5C1E003B18F7
:10B83000197805003B181B782548C35C1C007B1950
:10B840001B780C257819C35C1D00194813005B0098
:10B850009B189B01C3189E5D1E482300DB001B1B29
:10B86000DB000A0092005218D100891ACA001100A8
:10B870005B18C318321C5A5521203B181B780C2426
:10B880003A19D25C0132D1B23A19D1543B181B7823
:10B8900014203A18D25C013AD1B23A18D1548BE054
:10B8A000A3230020B40E00209C230020942300201A
:10B8B00008160020500A0020400A0020091300202A
:10B8C000A2230020541B0020E81C0020460A002070
:10B8D000F41C0020FC1C00202023FB181B785A1E9F
:10B8E000E04B1B781900E04B5B5C1E0021257B19A7
:10B8F00019787B191B78DD48C35C1C007B191B7809
:10B900000C203818C35C1D00D94813005B009B183D
:10B910009B01C3189E5DD7482300DB001B1BDB0087
:10B920000A0092005218D100891ACA0011005B184F
:10B93000C318321C5A5521203B181B780C243A1985
:10B94000D25C0132D1B23A19D1543B181B7814247D
:10B950003A19D25C013AD1B23A19D1543B181B784A
:10B96000C24AD25C0132D1B2C04AD1543B181B78D2
:10B97000BE4AD35C052B04D13B181B78BB4A00217F
:10B98000D154BD4B1B781900BC4B2022BA18127839
:10B990005A54B94B1B780133DAB2B74B1A70B64B15
:10B9A0001B78052B02D1B44B00221A702023FB1800
:10B9B0001B78B34A0021D154AA4B1B78AA4AD25C07
:10B9C0000132D1B2A84AD154A64B1B781A00A64B1B
:10B9D0009B5CC02B18D1A34B1B781A00A24B0021F3
:10B9E000995411E09F4B1B781A00A64B9A5C9D4B13
:10B9F0001B7819009C4B5B5C9A4205D1994B1B78D4
:10BA00000133DAB2974B1A709B4B1A789E4B1B7816
:10BA10009A4200D145E39C4B1B78190020203B182B
:10BA2000964A525C1A7021257B193A181278013A0D
:10BA30001A707B1919787B191B78944AD35C1A0009
:10BA40008C481300DB009B1ADB000A00920052189E
:10BA5000D100891ACA0011005B1848221A547B19B8
:10BA600019787B191B78894AD35C1A008148130026
:10BA7000DB009B1ADB000A0092005218D100891AE1
:10BA8000CA0011005B18C31801335A221A707B19BF
:10BA900019787B191B787D4AD35C1A001F2438194A
:10BAA000744C1300DB009B1ADB000A009200521852
:10BAB000D100891ACA0011005B18E31802331B7801
:10BAC00003707B1919787B191B78704AD35C1A00B4
:10BAD0001E26B819674C1300DB009B1ADB000A0016
:10BAE00092005218D100891ACA0011005B18E3189D
:10BAF00003331B780370664B1B78BA1912789A428D
:10BB000063D0BB191B78002B5FD0BB191B78FF2BB0
:10BB10005BD0BB191B78FE2B57D07B191B785D4A75
:10BB20001F2439190978D1547B191A781300DB00C6
:10BB30009B1ADB00584A98187B1919787B191B78D7
:10BB4000524AD35C1A001300DB009B1ADB000A0088
:10BB500092005218D100891ACA0011005B18DA1C31
:10BB6000444BD1183B191B781A0017F0D8FE20203F
:10BB70003B181B785A1E48491300DB009B1ADB0058
:10BB8000CB1802331B789B08DBB21A1C012313402D
:10BB9000DAB2424B01210A4090001A7804218A430C
:10BBA000111C021C0A431A703C4B1B7804221340E0
:10BBB000DBB2002B02D03A4B03221A702023FB1871
:10BBC0001B781800FEF7A4FE4AE221243B191978DD
:10BBD0003B191B782D4AD35C1A0026481300DB0062
:10BBE0009B1ADB000A0092005218D100891ACA0081
:10BBF00011005B181A5C2B4B1A703B1919783B1912
:10BC00001B78224AD35C1A001A481300DB009B1AE7
:10BC1000DB000A0092005218D100891ACA001100F4
:10BC20005B18C31801331A781E4B5A703B191978E8
:10BC30003B191B78154AD35C1A000E481300DB0031
:10BC40009B1ADB000A0092005218D100891ACA0020
:10BC500011005B18C31802331A78124B9A70002334
:10BC60007B6241E0A323002094230020F41C0020E9
:10BC700008160020FC1C0020922300208C230020AA
:10BC8000500A00209C23002091230020EC1C00205F
:10BC9000E4120020480A0020580A00200413002063
:10BCA000420A0020B01C00202122BB181978BB18C2
:10BCB0001B78DE4AD35C1A007B6ADC1C7B6AD81CCA
:10BCC000DB4D1300DB009B1ADB000A0092005218C8
:10BCD000D100891ACA0011005B18EB181A5DD54B08
:10BCE0001A547B6A01337B621F26BB191B787A6A60
:10BCF0009A42D9DBBB191B789BB203339AB21D233E
:10BD0000FC18CC4B1100180005F034FE0300237022
:10BD1000C94B1B8801339AB2C74B1A8021257B1966
:10BD200019787B191B78C14AD35C1A00BB191B78A0
:10BD3000D81CBF4C1300DB009B1ADB000A009200EA
:10BD40005218D100891ACA0011005B18E3181B5C55
:10BD50001D22BA1812789A4200D07BE1B74B1B889B
:10BD600001339AB2B54B1A807B191B78B44A340060
:10BD7000B9190978D1547B191A781300DB009B1A82
:10BD8000DB00B04A98187B1919787B191B78A74AF1
:10BD9000D35C1A001300DB009B1ADB000A00920040
:10BDA0005218D100891ACA0011005B18DA1CA04B86
:10BDB000D1183B191B781A0017F0B1FD2F23FB187F
:10BDC00000221A701E22BB181B78FF2B04D0BB1850
:10BDD0001B78FE2B00D01CE11E23FB181B78FF2BC9
:10BDE00042D120243B191B785A1E3B191B78013B7A
:10BDF0009349CB5C591E93481300DB009B1ADB0070
:10BE0000C3185A5C904B1B78DBB29A422CD03B197A
:10BE10001B785A1E3B191B78013B8949CB5C591E84
:10BE200088481300DB009B1ADB00C3185A5C864B62
:10BE3000111C1970854B1A703B191B781900FF20D3
:10BE4000FEF7ACFD3B191B785A1E3B191B78013BD2
:10BE50007B49CB5C591E7B481300DB009B1ADB003F
:10BE6000C31800225A541EE01E23FB181B78FF2B18
:10BE700019D120217B181B785A1E7B181B78013B97
:10BE80006F49CB5C591E6F481300DB009B1ADB0027
:10BE9000C3185A5C6C4B1B78DBB29A4203D12F2338
:10BEA000FB1803221A701E23FB181B78FE2B00D0F0
:10BEB00090E020243B191B785A1E3B191B78013B4C
:10BEC0005F49CB5C591E5F481300DB009B1ADB0007
:10BED000C3185A5C5C4B1B78DBB29A4200D179E004
:10BEE0003B191B785A1E3B191B78013B5449CB5C0C
:10BEF000591E54481300DB009B1ADB00C3185A5C20
:10BF0000514B111C1970514B1A703B191B781900B9
:10BF1000FE20FEF743FD3B191B785A1E3B191B7888
:10BF2000013B4749CB5C591E46481300DB009B1A76
:10BF3000DB00C31800225A543B191B785A1E3B19C8
:10BF40001B78013B3E49CB5C981E2223F9183D4CDF
:10BF50001300DB009B1ADB00E3181B5C0B702F2324
:10BF6000FB1866221A702323FB1800221A7028E09F
:10BF700020217B181B785A1E7B181B78013B304907
:10BF8000CB5C991E2223FB181B78C91A2323FB18AC
:10BF90001B78C9182B481300DB009B1ADB00C31861
:10BFA0005A5C2B4B1B789A4205D12F23FB18002299
:10BFB0001A70C0462DE023217B181A787B180132B5
:10BFC0001A702323FA182223FB1812781B789A423E
:10BFD000CED31EE01E23FB181B78FE2B19D1202187
:10BFE0007B181B785A1E7B181B78013B1449CB5CCD
:10BFF000591E14481300DB009B1ADB00C3185A5C5F
:10C00000114B1B78DBB29A4203D12F23FB1803227A
:10C010001A702F23FB181B78002B21D12023FB182B
:10C020001B781800FEF7F2FC1AE0C046EC1C00205A
:10C03000FC1C0020B01C0020A8230020A42300200A
:10C04000480A0020580A002093230020410A0020BB
:10C05000E4120020174B1B8801339AB2154B1A804B
:10C0600021203B181B78144AD25C0132D1B2124A0B
:10C07000D1543B181B78104AD35C052B04D13B18D4
:10C080001B780D4A0021D1540C4B1B780133DAB2D6
:10C090000A4B1A70094B1B78052B02D1074B002263
:10C0A0001A70074B1B78052B01D8FFF752FAFFF7E0
:10C0B00045FAC046A6230020EC1C00209123002056
:10C0C000A3230020F0B5C64600B5B2B004AF842467
:10C0D0003B191860372380215B18DA19002313708D
:10C0E00024235B18DA190023137023235B18DA1951
:10C0F0000023137022235B18DA19002313703023F6
:10C100005B18DA19002313803B191B68212252188F
:10C11000D2191370372380269B19DA190023137064
:10C1200001235B42190001200EF0DEFF2124A31938
:10C13000DB191B785A1EED4B9B5C002B01D104F0E0
:10C14000D6FBA319DB191B785A1E20239B19D8197B
:10C15000E7491300DB009B1ADB005B5C0370A3194B
:10C16000DB191B785A1E36239B19D819E049130096
:10C17000DB009B1ADB00CB1801331B7803703325DF
:10C18000AB19DA1900231370A319DB191B785A1E97
:10C19000D848D7491300DB009B1ADB00CB180233C9
:10C1A0001B780370D34B1A7801231340DBB2002BAA
:10C1B0000BD022239B19DA1901231370AB19DA195A
:10C1C000AB19DB191B7801331370CA4B1A780223A1
:10C1D0001340DBB2002B31D021268022B318DB19AB
:10C1E0001B78591E3325AB18DB191B78181DC04A64
:10C1F0000B00DB005B1ADB00D3181B5C1B029CB23C
:10C200008022B318DB191B78591E1600AB18DB19F6
:10C210001B78D81CB64A0B00DB005B1ADB00D31876
:10C220001B5C2E229219D219E3181380AB19DA196C
:10C23000AB19DB191B780133137015E0212380241F
:10C240001B19DB191B78591E33231B19DB191B78AB
:10C25000D81CA74A0B00DB005B1ADB00D3181B5C61
:10C260002E221219D2191380A24B1A7808231340D8
:10C27000DBB2002B0FD09F490A7808239A431300A2
:10C280000B70362380229B18DB191B7800222C218F
:10C290001800FEF757FC332080240319DA1903191C
:10C2A000DB191B780433137021231B19DB191B784E
:10C2B0005A1E8E4B9A5C1F231B19D9190319DB19BF
:10C2C0001B78D31A0B7037231B19DB191B78002B33
:10C2D00001D004F00CFB2E231B19DB191A88302A1D
:10C2E0000CDC002A01DA04F09FFA302A01D904F0AC
:10C2F0009BFA9200804BD3181B689F467F4B9A4253
:10C3000000D173E104F090FA7D4A01231370794B58
:10C310001A7860231340DBB2602B08D0754B1A7873
:10C3200060231340DBB2202B01D004F0CFFA362378
:10C3300080229B18DB191B78002202211800FEF7CF
:10C3400001FC04F0C3FA6F4B1B78002B39D16E4B04
:10C350001B7819006D4A0B009B005B185B009B5C0F
:10C36000002B0AD1362380229B18DB191A786849E2
:10C37000684B180017F02CF913E03622802153186F
:10C38000DB191C785318DB191B781A009200D2189D
:10C3900053001A005D4BD3185F495E48220017F026
:10C3A00017F9584B1C785B4B1800F3F7B7FE0300E6
:10C3B0009AB2584901235B4200933223200008F0CF
:10C3C0003DFA564A0023137004F091FA8023DB01F2
:10C3D00053480122190011F090FD04F088FA8023DF
:10C3E000DB014F480022190011F087FD04F07FFAAD
:10C3F0008023DB014A4A1900100011F09BFD04F074
:10C4000076FA362380201B18DB191B789BB21B029F
:10C410009CB221252B18DB191B78591E33263318A3
:10C42000DB191B78981C324A0B00DB005B1ADB001F
:10C43000D3181B5C190080202B18DB191B785A1E9F
:10C4400063189BB23749920053522B18DB191B78A3
:10C450005A1E3318DB19187825491300DB009B1A84
:10C46000DB00CB181B5C1B029CB280202B18DB1955
:10C470001B78591E3318DB191B78581C1C4A0B00FB
:10C48000DB005B1ADB00D3181B5C1A008026AB199B
:10C49000DB191B78591EA31898B2224A8B00D318B7
:10C4A0009A1C031C1380164A022313701E4B1B8810
:10C4B0001B0A9BB2DBB21D4A13701B4B1B88DBB2FD
:10C4C0001A4A5370194AAB19DB191B789370022072
:10C4D0000CF096F8AB19DB191878032300930B23A3
:10C4E00000220021FEF706FC04F001FA480A0020B1
:10C4F000580A00200413002040AD0208B3050000D4
:10C50000420A0020400A0020E412002050110020BE
:10C5100004AD0208601C002018AD020805130020BD
:10C5200000040050D80D00207A000020A80B002045
:10C53000362380201B18DB191B789BB21B029CB290
:10C5400021252B18DB191B78591E33263318DB19CC
:10C550001B78981C224A0B00DB005B1ADB00D31807
:10C560001B5C190080202B18DB191B785A1E6318DE
:10C570009BB21C49920053522B18DB191B785A1E90
:10C580003318DB19187816491300DB009B1ADB00FF
:10C59000CB181B5C1B029CB280202B18DB191B786C
:10C5A000591E3318DB191B78581C0D4A0B00DB0091
:10C5B0005B1ADB00D3181B5C1A0080202B18DB19D8
:10C5C0001B78591EA31898B2064A8B00D3189A1CE0
:10C5D000031C1380044A0023137004F088F9C0463A
:10C5E000580A0020D80D00200513002021248026A1
:10C5F000A319DB191B785A1E3325AB19DB191878E0
:10C60000FE491300DB009B1ADB00CB181B5CFC4AC5
:10C610001370A319DB191B78591EAB19DB191B7892
:10C62000581CF64A0B00DB005B1ADB00D3181B5CBE
:10C63000F34A5370A319DB191B78591EAB19DB1988
:10C640001B78981CED4A0B00DB005B1ADB00D3184B
:10C650001B5CEB4A9370A319DB191B78591EAB19AD
:10C66000DB191B78D81CE54A0B00DB005B1ADB00EA
:10C67000D3181B5CE24AD370A319DB191B78591E2F
:10C68000AB19DB191B78181DDC4A0B00DB005B1AA9
:10C69000DB00D3181B5CDA4A1371A319DB191B7872
:10C6A000591EAB19DB191B78581DD44A0B00DB004F
:10C6B0005B1ADB00D3181B5CD14A5371A319DB1939
:10C6C0001B78591EAB19DB191B78981DCB4A0B0040
:10C6D000DB005B1ADB00D3181B5CC94A9371A319FA
:10C6E000DB191B78591EAB19DB191B78D81DC34AFF
:10C6F0000B00DB005B1ADB00D3181B5CC04AD37154
:10C70000A319DB191B78591EAB19DB191B780833E9
:10C710001800BA4A0B00DB005B1ADB00D3181B5C65
:10C72000B74A1372A319DB191B78591EAB19DB1911
:10C730001B7809331800B14A0B00DB005B1ADB00E1
:10C74000D3181B5CAE4A5372A319DB191B78591E10
:10C75000AB19DB191B780A331800A84A0B00DB0061
:10C760005B1ADB00D3181B5CA54A9372A319DB1973
:10C770001B78591EAB19DB191B780B3318009F4A25
:10C780000B00DB005B1ADB00D3181B5C9C4AD372E6
:10C79000A319DB191B78591EAB19DB191B780C3355
:10C7A0001800964A0B00DB005B1ADB00D3181B5CF9
:10C7B000934A1373A319DB191B78591EAB19DB19A4
:10C7C0001B780D3318008D4A0B00DB005B1ADB0071
:10C7D000D3181B5C8A4A5373A319DB191B78591EA3
:10C7E000AB19DB191B780E331800844A0B00DB00F1
:10C7F0005B1ADB00D3181B5C814A9373A319DB1906
:10C800001B78591EAB19DB191B780F3318007B4AB4
:10C810000B00DB005B1ADB00D3181B5C784AD37378
:10C82000A319DB191B78591EAB19DB191B781033C0
:10C830001800724A0B00DB005B1ADB00D3181B5C8C
:10C840006F4A1374A319DB191B78591EAB19DB1936
:10C850001B7811331800694A0B00DB005B1ADB0000
:10C86000D3181B5C664A5374A319DB191B78591E35
:10C87000AB19DB191B7812331800604A0B00DB0080
:10C880005B1ADB00D3181B5C5D4A9374A319DB1998
:10C890001B78591EAB19DB191B7813331800574A44
:10C8A0000B00DB005B1ADB00D3181B5C544AD3740B
:10C8B000A319DB191B78591EAB19DB191B7814332C
:10C8C00018004E4A0B00DB005B1ADB00D3181B5C20
:10C8D0004B4A1375A319DB191B78591EAB19DB19C9
:10C8E0001B7815331800454A0B00DB005B1ADB0090
:10C8F000D3181B5C424A5375A319DB191B78591EC8
:10C90000AB19DB191B78163318003C4A0B00DB000F
:10C910005B1ADB00D3181B5C394A9375A319DB192A
:10C920001B78591EAB19DB191B7817331800334AD3
:10C930000B00DB005B1ADB00D3181B5C304AD3759D
:10C94000A319DB191B78591EAB19DB191B78183397
:10C9500018002A4A0B00DB005B1ADB00D3181B5CB3
:10C96000274A1376A319DB191B78591EAB19DB195B
:10C970001B7819331800214A0B00DB005B1ADB001F
:10C98000D3181B5C1E4A5376A319DB191B78591E5A
:10C99000AB19DB191B781A331800184A0B00DB009F
:10C9A0005B1ADB00D3181B5C154A9376A319DB19BD
:10C9B0001B78591EAB19DB191B781B3318000F4A63
:10C9C0000B00DB005B1ADB00D3181B5C0C4AD37630
:10C9D000A319DB191B78591EAB19DB191B781C3303
:10C9E0001800064A0B00DB005B1ADB00D3181B5C47
:10C9F000034A1377A319DB1904E0C046580A002044
:10CA0000C02300201B78591EAB19DB191B781D337E
:10CA10001800E94A0B00DB005B1ADB00D3181B5C33
:10CA2000E64A537703F063FF212380241B19DB19A7
:10CA30001B781800F7F7D0FEE14A0223137032206A
:10CA40000BF0DEFD35231B19DA19002313702723A1
:10CA50001B19DA190123137036E0272080214318AF
:10CA6000DB191B78013BD74A9B009B5A002B22D035
:10CA700035240E00A319DB191978D34A0500831950
:10CA8000DB191B785354A319DB191B785A1CCE4BA6
:10CA9000D018AB19DB191B78013B9A00C94BD3188E
:10CAA0000422190016F03BFFA319DA19A319DB19A8
:10CAB0001B7805331370272280215318DB191B784C
:10CAC0005218D21901331370272380215B18DB1908
:10CAD0001B78062BC1D935235B18DB191B789AB25A
:10CAE00036235B18DB191B780D211800FEF72AF896
:10CAF00003F0FDFE352380255B19DC191F235B192C
:10CB0000DB191B7805211800F3F724FB03002370C1
:10CB100026235B19DA190023137041E021268022B5
:10CB2000B318DB191B78581E33239B18DB191978AF
:10CB30002625AB18DB191A7813009B009B18C9181F
:10CB40009D4A0300DB001B1ADB00D3185B5C013B32
:10CB50009A009E4BD4188022B318DB191B78581EFC
:10CB6000332316009B19DB191B78591CAB19DB19F1
:10CB70001A7813009B009B18CA180300DB001B1ACD
:10CB8000DB009A188C4BD31804221900200016F0F1
:10CB9000C6FEAB19DB191B78AA19D2190133137021
:10CBA000262380215B18DA1935235B18DB191278EC
:10CBB0001B789A42B2D3864A0023137003F097FE83
:10CBC000252380229B18DA190123137033E02525D1
:10CBD00080216B18DA1921267318DB1912781B785B
:10CBE0009A421FD06B18DB191B78180007F0DCFE87
:10CBF000040080217318DB191B78581E33235B183F
:10CC0000DB191A786B18DB191B78D318591E6A4A7E
:10CC10000300DB001B1ADB00D3185B5C190020004B
:10CC200007F0F0FE252280215318DB191B785218DB
:10CC3000D21901331370252380269B19DB191B7829
:10CC4000062BC4D92125AB19DB191B78180007F076
:10CC5000ABFE0400AB19DB191B78591E33239B195B
:10CC6000DB191B780A331800534A0B00DB005B1AF0
:10CC7000DB00D3181B5C1900200007F0C3FE03F093
:10CC800036FE21248026A319DB191B785A1E332572
:10CC9000AB19DB19187848491300DB009B1ADB003D
:10CCA000CB181B5C002B12D1A319DB191B78591E62
:10CCB000AB19DB191B78581C3F4A0B00DB005B1AD1
:10CCC000DB00D3181B5C434A137003F001FE2124E0
:10CCD0008026A319DB191B785A1E3325AB19DB19E3
:10CCE000187835491300DB009B1ADB00CB181B5C5E
:10CCF000012B01D003F0ECFD334A00231370A3197C
:10CD0000DB191B78591EAB19DB191B78581C2A4AF2
:10CD10000B00DB005B1ADB00D3181B5C2A4A537044
:10CD2000A319DB191B78591EAB19DB191B78981C4A
:10CD3000214A0B00DB005B1ADB00D318185C0323CD
:10CD40000093102300220021FDF7D4FF03F0C0FD63
:10CD5000214B1A787F239A431300DBB2002B3FD07C
:10CD600030248026A319DB191A881C4BD0182123E4
:10CD70009B19DB191B785A1E33239B19DB19197871
:10CD80001300DB009B1ADB005A180B4BD1181F2530
:10CD9000AB19DB191B781A0016F0C1FDAB19DB19B2
:10CDA0001B789AB2A319D919A319DB191B88D318B8
:10CDB0000B8003F09CFDC046580A0020C0230020D1
:10CDC000420A0020D80D0020A80B0020F00D002002
:10CDD00005130020E4120020041300200824002082
:10CDE00030248026A319DB191A88EA4BD018212396
:10CDF0009B19DB191B785A1E33239B19DB191978F1
:10CE00001300DB009B1ADB005A18E34BD1181F25D7
:10CE1000AB19DB191B781A0016F081FDAB19DB1971
:10CE20001B789AB235006319D9196319DB191B886D
:10CE3000D3180B806319DB191B8816211800F3F730
:10CE400089F903009BB2DBB2D44A13706319DB1972
:10CE50001A88D049D24B180016F061FD6319DA190F
:10CE600000231380CF4A0223137003F040FD3623C2
:10CE700080229B18DB191B78180007F0A3FE03F033
:10CE800036FD342380229B18DA190023137036E014
:10CE9000362680217318DB191B78013BC24A5B00E0
:10CEA0009B5A1CB221235B18DB191B78581E3323B5
:10CEB0005B18DB191A7834256B18DB191B78D1182D
:10CEC000B54A0300DB001B1ADB00D3185B5C5A1E5B
:10CED00080231B0213411BB223431AB2802433194F
:10CEE000DB191B78013B90B2AF495A00031C535227
:10CEF0002B19DB191B782A19D2190133137034232B
:10CF000080215B18DA191F235B18DB1912781B7854
:10CF10009A42BDD3A54A0023137003F0E8FC002316
:10CF2000A8217A181360352380215B18DA190023B1
:10CF3000137021256B18DB191B785A1E33267318C2
:10CF4000DB19187894491300DB009B1ADB00CB181F
:10CF50001B5C1C068022AB18DB191B78591EB3180A
:10CF6000DB191B78581C8C4A0B00DB005B1ADB00BA
:10CF7000D3181B5C1B04E4188022AB18DB191B7848
:10CF8000591EB318DB191B78981C834A0B00DB0071
:10CF90005B1ADB00D3181B5C1B02E4188022AB1861
:10CFA000DB191B78591EB318DB191B78D81C7A4A79
:10CFB0000B00DB005B1ADB00D3181B5CE318A82115
:10CFC00079180B6080242B19DB191B78591E331933
:10CFD000DB191B78181D704A0B00DB005B1ADB00A5
:10CFE000D3181B5CFF2B23D134231B19DA1901231F
:10CFF000137014E0A823FB181A68342480256319E1
:10D00000DB191B781100180007F0AEFC2200290084
:10D010005318DB191B785218D219013313703423BB
:10D0200080229B18DB191B78062BE3D903F05FFCE9
:10D03000342380229B18DA190023137038E021234F
:10D0400080269B19DB191B785C1E33239B19DB1987
:10D050001B781A1D34239B19DB191B78D018352532
:10D06000AB19D9194C4A2300DB001B1BDB00D3187A
:10D070001B5C0B7031006B18DB191B78002B0ED07A
:10D080006B18DB191B78062B09D8A823FB181A6824
:10D090006B18DB191B781100180007F065FC3422AF
:10D0A00080215318DB191B785218D21901331370E1
:10D0B000342380215B18DA191F235B18DB191278DF
:10D0C0001B789A42BBD303F012FC03F0BDFDF6F7C8
:10D0D00047FB344A0123137003F009FCF6F7ACFC5C
:10D0E00003F08CFF64200BF08BFA2E4A022313709E
:10D0F00003F0FDFB0BF0FCFB03009022BA18136059
:10D10000202380201B18DB191B78FF2B1AD1212329
:10D110001B18DB191B785A1E33231B18DB191978CF
:10D120001300DB009B1ADB005A181B4BD1181F237E
:10D130001B18DB191B78013B1A001D4B180016F059
:10D14000EEFB50E0202380201B18DB191B78FE2B00
:10D1500030D121231B18DB191B785A1E33231B18CF
:10D16000DB1919781300DB009B1ADB005A180A4BF5
:10D17000D1181F231B18DB191A7835231B18DB194C
:10D180001B78D31A023B1A00094B180016F0C7FB94
:10D1900029E0C04608240020580A00207C00002016
:10D1A000DC0E0020420A0020B012002005130020EF
:10D1B00028250020212380201B18DB191B785A1EEC
:10D1C00033231B18DB1919781300DB009B1ADB00D3
:10D1D0005A188C4BD1181F231B18DB191B788A484F
:10D1E0001A0016F09CFB35248026A319DA19874B08
:10D1F0001B781370854A21239B19DB191B78137048
:10D2000099239A0090257B1919687F4B18000BF021
:10D21000E1FA03008C22BA1813607C4AA319DB19C7
:10D220001B7813707A4B1A7860231340DBB2602BA3
:10D230001FD17B191B681800F2F770FF02007B19E1
:10D240001968744B180016F06AFB7B191B681800EC
:10D25000F2F764FF030099B27B191A6836239B1911
:10D26000DB1918780B001821FDF7BEFC0A200BF023
:10D27000C7F98C23FB181B68002BB4D1624B3222F8
:10D280000021180016F023FA03F031FB0BF030FBFD
:10D29000030090257A1913607B191B681800F2F7B8
:10D2A0003DFF03007A1910681A00002116F00FFAEA
:10D2B000574B1A787F239A431300DBB2002B2BD0F5
:10D2C00030248026A319DB191A887B191B6898184B
:10D2D00021239B19DB191B785A1E33239B19DB1959
:10D2E00019781300DB009B1ADB005A18454BD11844
:10D2F0001F25AB19DB191B781A0016F010FBAB19B0
:10D30000DB191B789AB2A319D919A319DB191B8849
:10D31000D3180B8003F0EBFA302480256319DB1956
:10D320001A889023FB181B68981821235B19DB19B6
:10D330001B785A1E33235B19DB1919781300DB00A5
:10D340009B1ADB005A182F4BD1181F235B19DB19CE
:10D350001B781A0016F0E3FA6319DA190023138018
:10D360002D4A002313702D4B186800230022002142
:10D370000DF0FCFE03F0BBFA294B2A4A1A602A4B37
:10D3800001221A700A200BF03BF9FEF7ADF82125B7
:10D3900080216B18DB191B785A1E33267318DB1992
:10D3A000187818491300DB009B1ADB00CB18185CB7
:10D3B00000230093192300220021FDF79BFC642029
:10D3C0000BF01EF9194B1C7880216B18DB191B78A8
:10D3D0005A1E7318DB1918780A491300DB009B1AD0
:10D3E000DB00CB18195C80202B18DB191A78362348
:10D3F0001B18DB1918780B00210003F01BFE03F04B
:10D4000076FAC046580A002028250020400A00204D
:10D4100004130020A80B002005130020541B00203B
:10D42000F03F0220EFBEADDE420A0020E4120020F1
:10D4300021258022AB18DB191B78591E3326B3181F
:10D44000DB191B780B331C0035239B18D819F34AC2
:10D450000B00DB005B1ADB00D3181B5D03701F227F
:10D4600080215318DB191B780F2B14D10A00AB183D
:10D47000DB191B78591EB318DB191B781C000D34FF
:10D4800035239B18D819E54A0B00DB005B1ADB003B
:10D49000D3181B5D03701F2380229B18DB191B7898
:10D4A000112B15D121239B18DB191B78591E33230F
:10D4B0009B18DB191B780F331C0035239B18D819D8
:10D4C000D64A0B00DB005B1ADB00D3181B5D037030
:10D4D000212580216B18DB191B785A1E33267318FF
:10D4E000DB191878CD491300DB009B1ADB00CB1841
:10D4F0001B5C1C068022AB18DB191B78591EB31865
:10D50000DB191B78581CC54A0B00DB005B1ADB00DB
:10D51000D3181B5C1B04E4188022AB18DB191B78A2
:10D52000591EB318DB191B78981CBC4A0B00DB0092
:10D530005B1ADB00D3181B5C1B02E4188022AB18BB
:10D54000DB191B78591EB318DB191B78D81CB34A9A
:10D550000B00DB005B1ADB00D3181B5CE31898247C
:10D56000381903608022AB18DB191B78591EB318D9
:10D57000DB191B78181DA94A0B00DB005B1ADB00C6
:10D58000D3181B5C1C068022AB18DB191B78591EB4
:10D59000B318DB191B78581DA04A0B00DB005B1A7F
:10D5A000DB00D3181B5C1B04E4188022AB18DB19CA
:10D5B0001B78591EB318DB191B78981D974A0B006E
:10D5C000DB005B1ADB00D3181B5C1B02E418802213
:10D5D000AB18DB191B78591EB318DB191B78D81D43
:10D5E0008E4A0B00DB005B1ADB00D3181B5CE318D0
:10D5F000942038180360352380215B18DB191B78D1
:10D60000002B00D0C7E16B18DB191B785A1E73186A
:10D61000DB19187881491300DB009B1ADB00CB185B
:10D620001B5C1C068022AB18DB191B78591EB31833
:10D63000DB191B78581C794A0B00DB005B1ADB00F6
:10D64000D3181B5C1B04E4188022AB18DB191B7871
:10D65000591EB318DB191B78981C704A0B00DB00AD
:10D660005B1ADB00D3181B5C1B02E4188022AB188A
:10D67000DB191B78591EB318DB191B78D81C674AB5
:10D680000B00DB005B1ADB00D3181B5CE31898244B
:10D69000381903608022AB18DB191B78591EB318A8
:10D6A000DB191B78181D5D4A0B00DB005B1ADB00E1
:10D6B000D3181B5C1C068022AB18DB191B78591E83
:10D6C000B318DB191B78581D544A0B00DB005B1A9A
:10D6D000DB00D3181B5C1B04E4188022AB18DB1999
:10D6E0001B78591EB318DB191B78981D4B4A0B0089
:10D6F000DB005B1ADB00D3181B5C1B02E4188022E2
:10D70000AB18DB191B78591EB318DB191B78D81D11
:10D71000424A0B00DB005B1ADB00D3181B5CE318EA
:10D720009421781803602E0080257319DB191B786B
:10D73000591E33246319DB191B7809331800374A43
:10D740000B00DB005B1ADB00D3181B5C002B4FD0F7
:10D750007319DB191B78591E6319DB191B780A33FF
:10D7600018002E4A0B00DB005B1ADB00D3181B5C91
:10D77000002B3DD07319DB191B78591E6319DB1977
:10D780001B7808331800254A0B00DB005B1ADB000E
:10D79000D3181D5C8022B318DB191B78591EA318FF
:10D7A000DB191B78180009301C4A0B00DB005B1AE0
:10D7B000DB00D3181C5C8022B318DB191B78591EC0
:10D7C00033239B18DB191B780A331800134A0B000C
:10D7D000DB005B1ADB00D3181B5C9422BA181268BA
:10D7E000982179180968009323002800FCF75AFE55
:10D7F000212680257319DB191B78591E33246319E0
:10D80000DB191B780B331800044A0B00DB005B1A92
:10D81000DB00D3181B5C002B52D001E0580A00201B
:10D820007319DB191B78591E6319DB191B780C332C
:10D830001800F74A0B00DB005B1ADB00D3181B5CF7
:10D84000002B3DD07319DB191B78591E6319DB19A6
:10D850001B7808331800EE4A0B00DB005B1ADB0074
:10D86000D3181D5C8022B318DB191B78591EA3182E
:10D87000DB191B7818000B30E54A0B00DB005B1A44
:10D88000DB00D3181C5C8022B318DB191B78591EEF
:10D8900033239B18DB191B780C331800DC4A0B0070
:10D8A000DB005B1ADB00D3181B5C9422BA181268E9
:10D8B000982179180968009323002800FCF7F2FDED
:10D8C000212680257319DB191B78591E332463190F
:10D8D000DB191B780D331800CD4A0B00DB005B1AF7
:10D8E000DB00D3181B5C002B01D102F0F3FF73198E
:10D8F000DB191B78591E6319DB191B780E331800CE
:10D90000C34A0B00DB005B1ADB00D3181B5C002B47
:10D9100001D102F0DFFF7319DB191B78591E63195F
:10D92000DB191B7808331800B94A0B00DB005B1ABF
:10D93000DB00D3181D5C8022B318DB191B78591E3D
:10D94000A318DB191B7818000D30B14A0B00DB005F
:10D950005B1ADB00D3181C5C8022B318DB191B7820
:10D96000591E33239B18DB191B780E331800A84A65
:10D970000B00DB005B1ADB00D3181B5C9422BA1887
:10D980001268982179180968009323002800FCF791
:10D9900089FD02F09FFF212580242B19DB191B78BC
:10D9A0005A1E33263319DB191B780833190098489F
:10D9B0001300DB009B1ADB00C3185B5C1900E4203A
:10D9C00004F0E0F82B19DB191B785A1E3319DB1908
:10D9D00019788F481300DB009B1ADB00C3185B5CCF
:10D9E0001B0299B22B19DB191B785A1E3319DB194C
:10D9F0001B78581C864C1300DB009B1ADB00E318D5
:10DA00001B5CCB189BB21900E52004F0BBF8802406
:10DA10002B19DB191B785A1E3319DB191B78991C3B
:10DA20007B481300DB009B1ADB00C3185B5C1B0206
:10DA300099B22B19DB191B785A1E3319DB191B7885
:10DA4000D81C734C1300DB009B1ADB00E3181B5C33
:10DA5000CB189BB21900E62004F094F880242B190F
:10DA6000DB191B785A1E3319DB191B78191D6848FE
:10DA70001300DB009B1ADB00C3185B5C1B0299B22E
:10DA80002B19DB191B785A1E3319DB191B78581D0B
:10DA90005F4C1300DB009B1ADB00E3181B5CCB1808
:10DAA0009BB21900E72004F06DF880242B19DB19D4
:10DAB0001B785A1E3319DB191B78991D5448130023
:10DAC000DB009B1ADB00C3185B5C1B0299B22B19AD
:10DAD000DB191B785A1E3319DB191B78D81D4C4CE7
:10DAE0001300DB009B1ADB00E3181B5CCB189BB216
:10DAF0001900E82004F046F880242B19DB191B7864
:10DB00005A1E3319DB191B780933190040481300DA
:10DB1000DB009B1ADB00C3185B5C1B0299B22B195C
:10DB2000DB191B785A1E3319DB191B780A331800CE
:10DB3000374C1300DB009B1ADB00E3181B5CCB188F
:10DB40009BB21900E92004F01DF81F2380241B1943
:10DB5000DB191B78132B27D12B19DB191B785A1EC5
:10DB60003319DB191B780B33190029481300DB002C
:10DB70009B1ADB00C3185B5C1B0299B22B19DB19E3
:10DB80001B785A1E3319DB191B780C331800204CF4
:10DB90001300DB009B1ADB00E3181B5CCB189BB265
:10DBA0001900EA2003F0EEFF1F2380269B19DB19E2
:10DBB0001B78152B29D12124A319DB191B785A1E98
:10DBC0003325AB19DB191B780D33190010481300EE
:10DBD000DB009B1ADB00C3185B5C1B0299B2A31924
:10DBE000DB191B785A1EAB19DB191B780E33180092
:10DBF000074C1300DB009B1ADB00E3181B5CCB18FF
:10DC00009BB21900EB2003F0BDFFFDF76DFCC04691
:10DC1000580A0020212580216B18DB191B785A1E19
:10DC200033267318DB191878E6491300DB009B1ABA
:10DC3000DB00CB181B5C1C068022AB18DB191B78A1
:10DC4000591EB318DB191B78581CDE4A0B00DB0089
:10DC50005B1ADB00D3181B5C1B04E4188022AB1892
:10DC6000DB191B78591EB318DB191B78981CD54A91
:10DC70000B00DB005B1ADB00D3181B5C1B02E418F3
:10DC80008022AB18DB191B78591EB318DB191B78DF
:10DC9000D81CCC4A0B00DB005B1ADB00D3181B5CE2
:10DCA000E3189821781803608022A818C3191B78FC
:10DCB000591EB018C3191B78181DC24A0B00DB008F
:10DCC0005B1ADB00D3181B5C1C068022A818C31942
:10DCD0001B78591EB018C3191B78581DB94A0B0080
:10DCE000DB005B1ADB00D3181B5C1B04E4188022EA
:10DCF000A818C3191B78591EB018C3191B78981D92
:10DD0000B04A0B00DB005B1ADB00D3181B5C1B0264
:10DD1000E4188022A818C3191B78591EB018C3191B
:10DD20001B78D81DA74A0B00DB005B1ADB00D31859
:10DD30001B5CE3189421781803602C008022A8183B
:10DD4000C3191B78591E3500B018C3191B78093345
:10DD500018009C4A0B00DB005B1ADB00D3181B5C2D
:10DD60009846994B1B789C468022A018C3191B78B3
:10DD7000591EA818C3191B780B331800914A0B00C1
:10DD8000DB005B1ADB00D3181E5C8022A018C319CD
:10DD90001B78591EAD18EB191B780A331800894AF5
:10DDA0000B00DB005B1ADB00D3181D5C80202218FF
:10DDB000D3191B78591E33221418E3191B78180045
:10DDC0000830804A0B00DB005B1ADB00D3181C5CB8
:10DDD000212380201A18D3191B78591E33221218B8
:10DDE000D3191B780C331800764A0B00DB005B1A42
:10DDF000DB00D3181B5C5A1E9341DBB203939423C0
:10DE0000FA18136802939823FB181B680193009477
:10DE10002B00320061464046FDF7DCF902F067FD59
:10DE2000212580242B19DB191B785A1E3326331920
:10DE3000DB19187863491300DB009B1ADB00CB1851
:10DE40001B5C002B00D03AE12B19DB191B78591E03
:10DE50003319DB191B78981C5A4A0B00DB005B1A3C
:10DE6000DB00D3181B5C1C068022AB18DB191B7867
:10DE7000591EB318DB191B78D81C524A0B00DB0063
:10DE80005B1ADB00D3181B5C1B04E4188022AB1860
:10DE9000DB191B78591EB318DB191B78181D494A6A
:10DEA0000B00DB005B1ADB00D3181B5C1B02E418C1
:10DEB0008022AB18DB191B78591EB318DB191B78AD
:10DEC000581D404A0B00DB005B1ADB00D3181B5CBB
:10DED000E318A82179180B608022AB18DB191B7896
:10DEE000591EB318DB191B78581C364A0B00DB008F
:10DEF0005B1ADB00D3181B5C082B00D966E39A0081
:10DF0000324BD3181B689F46A823FB181B681B784D
:10DF1000DBB22F4A1370362380229B18DB191B7843
:10DF200001221F211800FCF70DFE56E3A823FB1861
:10DF30001B681B785BB2DBB2254A13703623802244
:10DF40009B18DB191B7801221F211800FCF7FAFD32
:10DF500043E3A8217B181B681B889BB2DBB21C4AD9
:10DF600013707B181B681B889BB21B0A9BB2DBB229
:10DF7000174A5370362380229B18DB191B78022224
:10DF80001F211800FCF7DEFD27E3A8217B181B6882
:10DF90001B881BB2DBB20E4A13707B181B681B88F0
:10DFA0001BB21B121BB2DBB2094A5370362380220C
:10DFB0009B18DB191B7802221F211800FCF7C2FDF9
:10DFC0000BE3C046580A0020E412002004AE020809
:10DFD000A80B0020A8217B181B681B68DBB2DB4A5A
:10DFE00013707B181B681B681B0ADBB2D74A53707F
:10DFF0007B181B681B681B0CDBB2D44A93707B1820
:10E000001B681B681B0EDBB2D04AD37036238022FC
:10E010009B18DB191B7804221F211800FCF792FDC6
:10E02000DBE2A8217B181B681B68DBB2C74A1370B0
:10E030007B181B681B681B12DBB2C44A53707B1829
:10E040001B681B681B14DBB2C04A93707B181B68EB
:10E050001B681B16DBB2BD4AD370362380229B1887
:10E06000DB191B7804221F211800FCF76BFDB4E2BA
:10E07000A8217B181B681B78DBB2B44A13707B188D
:10E080001B6801331B78DBB2B04A53707B181B68E6
:10E0900002331B78DBB2AD4A93707B181B680333E5
:10E0A0001B78DBB2A94AD370362380229B18DB1978
:10E0B0001B7808221F211800FCF744FD8DE2212463
:10E0C0008026A319DB191B785A1E3325AB19DB19DF
:10E0D00018789F491300DB009B1ADB00CB181B5CF0
:10E0E000022B00D03CE1A319DB191B78581EA319A1
:10E0F000DB191B785A1E974B9B5C591E944A0300F0
:10E10000DB001B1ADB00D21800235354A319DB19C0
:10E110001B785A1EAB19DB191B78591C1300DB0046
:10E120009B1ADB005A188A4BD3183525AA19D41923
:10E130001800F5F737FD03002370AB19DB191B78C6
:10E14000002B0AD136239B19DB191B7801221F21D2
:10E150001800FCF7F7FC02F0BFFB35208024031900
:10E16000DB191B785A1E7C4913005B009B189B002F
:10E170005B58A822BA1813600319DB191B785A1EC2
:10E18000754913005B009B189B00CB1804331B7868
:10E190006E4A13706D4B1B78082B00D919E29A0058
:10E1A0006E4BD3181B689F46A823FB181B681B786F
:10E1B000DBB2664A5370362380229B18DB191B782A
:10E1C00002221F211800FCF7BDFC06E2A823FB1861
:10E1D0001B681B785BB2DBB25C4A5370362380222B
:10E1E0009B18DB191B7802221F211800FCF7AAFCE0
:10E1F000F3E1A8217B181B681B889BB2DBB2534A52
:10E2000053707B181B681B889BB21B0A9BB2DBB246
:10E210004E4A9370362380229B18DB191B78032209
:10E220001F211800FCF78EFCD7E1A8217B181B6882
:10E230001B881BB2DBB2454A53707B181B681B88D6
:10E240001BB21B121BB2DBB2404A937036238022F2
:10E250009B18DB191B7803221F211800FCF772FCA6
:10E26000BBE1A8217B181B681B68DBB2374A5370DF
:10E270007B181B681B681B0ADBB2344A93707B183F
:10E280001B681B681B0CDBB2304AD3707B181B6801
:10E290001B681B0EDBB22D4A1371362380229B189C
:10E2A000DB191B7805221F211800FCF74BFC94E1B9
:10E2B000A8217B181B681B68DBB2244A53707B18AB
:10E2C0001B681B681B12DBB2204A93707B181B680B
:10E2D0001B681B14DBB21D4AD3707B181B681B68BC
:10E2E0001B16DBB2194A1371362380229B18DB19E7
:10E2F0001B7805221F211800FCF724FC6DE1A821E2
:10E300007B181B681B78DBB2104A53707B181B68A4
:10E3100001331B78DBB20D4A93707B181B68023304
:10E320001B78DBB2094AD3707B181B6803331B7858
:10E33000DBB2064A1371362380229B18DB191B7847
:10E3400009221F211800FCF7FDFB46E1A80B002065
:10E35000580A0020480A00202429002028AE02087C
:10E3600021248026A319DB191B785A1E3325AB19EB
:10E37000DB191878EB491300DB009B1ADB00CB1884
:10E380001B5C022B01D802F0A7FAA319DB191B783A
:10E390005A1E3400AB19DB191878E2491300DB0070
:10E3A0009B1ADB00CB181B5C043BDF4A9B009B588D
:10E3B000DAB20F231340DBB2DC4A1370DB4B1B785D
:10E3C000002B0AD136231B19DB191B7801221F21D0
:10E3D0001800FCF7B7FB02F07FFA212380215B18BD
:10E3E000DB191B785A1E33235B18DB191878CD49CB
:10E3F0001300DB009B1ADB00CB181B5C043BCA4AF2
:10E400009B009B581B0C8022920594466344A822D3
:10E41000BA181360C54B1B78082B00D9DCE09A00B2
:10E42000C34BD3181B689F46A823FB181B681B7897
:10E43000DBB2BE4A5370362380229B18DB191B784F
:10E4400002221F211800FCF77DFBC6E0A823FB1861
:10E450001B681B785BB2DBB2B44A53703623802250
:10E460009B18DB191B7802221F211800FCF76AFB9E
:10E47000B3E0A8217B181B681B889BB2DBB2AB4AB8
:10E4800053707B181B681B889BB21B0A9BB2DBB2C4
:10E49000A64A9370362380229B18DB191B7803222F
:10E4A0001F211800FCF74EFB97E0A8217B181B6882
:10E4B0001B881BB2DBB29D4A53707B181B681B88FC
:10E4C0001BB21B121BB2DBB2984A93703623802218
:10E4D0009B18DB191B7803221F211800FCF732FB65
:10E4E0007BE0A8217B181B681B68DBB28F4A537046
:10E4F0007B181B681B681B0ADBB28C4A93707B1865
:10E500001B681B681B0CDBB2884AD3707B181B6826
:10E510001B681B0EDBB2854A1371362380229B18C1
:10E52000DB191B7805221F211800FCF70BFB54E0B8
:10E53000A8217B181B681B68DBB27C4A53707B18D0
:10E540001B681B681B12DBB2784A93707B181B6830
:10E550001B681B14DBB2754AD3707B181B681B68E1
:10E560001B16DBB2714A1371362380229B18DB190C
:10E570001B7805221F211800FCF7E4FA2DE0A821E2
:10E580007B181B681B78DBB2684A53707B181B68CA
:10E5900001331B78DBB2654A93707B181B6802332A
:10E5A0001B78DBB2614AD3707B181B6803331B787E
:10E5B000DBB25E4A1371362380229B18DB191B786D
:10E5C00009221F211800FCF7BDFA06E0C04602F040
:10E5D00083F9C04602F080F9C04602F07DF9554B40
:10E5E0001A685B68032A01D1002B08D0514B1A68C6
:10E5F0005B68022A00D0CBE1002B00D0C8E12124C7
:10E600008026A319DB191B785A1E3325AB19DB1999
:10E61000187844491300DB009B1ADB00CB181B5C05
:10E62000454A1370A319DB191B785A1EAB19DB1965
:10E6300018783C491300DB009B1ADB00CB181B5CED
:10E64000082B00D9A2E19A003C4BD3181B689F46C7
:10E650003B4A102313709AE1212380229B18DB1977
:10E660001B78591E33239B18DB191B78581C2D4A25
:10E670000B00DB005B1ADB00D3181B5CBB670023BD
:10E68000FB672C4BB96FFA6F19605A607FE1212349
:10E6900080229B18DB191B78591E33239B18DB192A
:10E6A0001B78581C1F4A0B00DB005B1ADB00D318D9
:10E6B0001B5C5BB23B67DB177B671E4B396F7A6F66
:10E6C00019605A6063E121258022AB18DB191B78A1
:10E6D000591E3326B318DB191B78581C114A0B003E
:10E6E000DB005B1ADB00D3181B5C1C008022AB181C
:10E6F000DB191B78591EB318DB191B78981C094AC3
:10E700000B00DB005B1ADB00D3181B5C1B02E31859
:10E71000BB66DB17FB66074BB96EFA6E19605A6071
:10E7200035E1C046580A00203C0E0020A80B00200E
:10E730004CAE0208D00E00207D00002070AE020812
:10E740000513002021258022AB18DB191B78591EE8
:10E750003326B318DB191B78581CDD4A0B00DB008D
:10E760005B1ADB00D3181B5C1C008022AB18DB1982
:10E770001B78591EB318DB191B78981CD44A0B0060
:10E78000DB005B1ADB00D3181B5C1B02E3183B6643
:10E79000DB177B66CF4B396E7A6E19605A60F6E0F4
:10E7A00021258022AB18DB191B78591E3326B3189C
:10E7B000DB191B78581CC64A0B00DB005B1ADB0018
:10E7C000D3181B5C1C008022AB18DB191B78591E68
:10E7D000B318DB191B78981CBD4A0B00DB005B1AD1
:10E7E000DB00D3181B5C1B02E4188022AB18DB197A
:10E7F0001B78591EB318DB191B78D81CB44A0B00C0
:10E80000DB005B1ADB00D3181B5C1B04E4188022BE
:10E81000AB18DB191B78591EB318DB191B78181DB0
:10E82000AB4A0B00DB005B1ADB00D3181B5C1B063A
:10E83000E318BB650023FB65A64BB96DFA6D196043
:10E840005A60A4E021258022AB18DB191B78591EE1
:10E850003326B318DB191B78581C9D4A0B00DB00CC
:10E860005B1ADB00D3181B5C1C008022AB18DB1981
:10E870001B78591EB318DB191B78981C944A0B009F
:10E88000DB005B1ADB00D3181B5C1B02E418802240
:10E89000AB18DB191B78591EB318DB191B78D81C71
:10E8A0008B4A0B00DB005B1ADB00D3181B5C1B04DC
:10E8B000E4188022AB18DB191B78591EB318DB193A
:10E8C0001B78181D824A0B00DB005B1ADB00D31893
:10E8D0001B5C1B06E3183B65DB177B657D4B396DC5
:10E8E0007A6D19605A6052E021258022AB18DB193D
:10E8F0001B78591E3326B318DB191B78581C744A31
:10E900000B00DB005B1ADB00D3181B5C1C008022B1
:10E91000AB18DB191B78591EB318DB191B78981C30
:10E920006B4A0B00DB005B1ADB00D3181B5C1B027D
:10E93000E4188022AB18DB191B78591EB318DB19B9
:10E940001B78D81C624A0B00DB005B1ADB00D31873
:10E950001B5C1B04E4188022AB18DB191B78591EC2
:10E96000B318DB191B78181D594A0B00DB005B1A22
:10E97000DB00D3181B5C1B06E318BB640023FB649D
:10E98000544BB96CFA6C19605A6000E0C0469BE1C8
:10E99000504B1A685B681100194300D094E14E4B4C
:10E9A0001B78082B00D98EE19A004C4BD3181B68BA
:10E9B0009F46212380215B18DB191B785A1E3323C5
:10E9C0005B18DB19187842491300DB009B1ADB0047
:10E9D000CB181B5C3B6400237B643E4B396C7A6C28
:10E9E00019605A6070E1212380215B18DB191B78C4
:10E9F0005A1E33235B18DB19187835491300DB00E6
:10EA00009B1ADB00CB181B5C5BB2BB63DB17FB63A1
:10EA1000304BB96BFA6B19605A6055E121258021A2
:10EA20006B18DB191B785A1E33267318DB191878FC
:10EA300027491300DB009B1ADB00CB181B5C1C0072
:10EA40008022AB18DB191B78591EB318DB191B7811
:10EA5000581C1F4A0B00DB005B1ADB00D3181B5C41
:10EA60001B02E3183B63DB177B631A4B396B7A6B32
:10EA700019605A6028E1212580216B18DB191B7869
:10EA80005A1E33267318DB19187811491300DB005E
:10EA90009B1ADB00CB181B5C1C008022AB18DB1917
:10EAA0001B78591EB318DB191B78581C084A0B0039
:10EAB000DB005B1ADB00D3181B5C1B02E318BB6294
:10EAC000DB17FB62034BB96AFA6A19605A60FBE014
:10EAD000580A0020D00E0020D80E002094AE020864
:10EAE000212580216B18DB191B785A1E33267318D9
:10EAF000DB191878E1491300DB009B1ADB00CB1807
:10EB00001B5C1C008022AB18DB191B78591EB31844
:10EB1000DB191B78581CD94A0B00DB005B1ADB00A1
:10EB2000D3181B5C1B02E4188022AB18DB191B787E
:10EB3000591EB318DB191B78981CD04A0B00DB0058
:10EB40005B1ADB00D3181B5C1B04E4188022AB1893
:10EB5000DB191B78591EB318DB191B78D81CC74A60
:10EB60000B00DB005B1ADB00D3181B5C1B06E318F1
:10EB70003B6200237B62C24B396A7A6A19605A6031
:10EB8000A2E0212580216B18DB191B785A1E332641
:10EB90007318DB191878B9491300DB009B1ADB00E6
:10EBA000CB181B5C1C008022AB18DB191B78591E8C
:10EBB000B318DB191B78581CB04A0B00DB005B1A3A
:10EBC000DB00D3181B5C1B02E4188022AB18DB1996
:10EBD0001B78591EB318DB191B78981CA74A0B0029
:10EBE000DB005B1ADB00D3181B5C1B04E4188022DB
:10EBF000AB18DB191B78591EB318DB191B78D81C0E
:10EC00009E4A0B00DB005B1ADB00D3181B5C1B0663
:10EC1000E318BB61DB17FB61994BB969FA691960AD
:10EC20005A6051E0212580216B18DB191B785A1E90
:10EC300033267318DB19187890491300DB009B1AF0
:10EC4000DB00CB181B5C1C008022AB18DB191B7887
:10EC5000591EB318DB191B78581C884A0B00DB00BF
:10EC60005B1ADB00D3181B5C1B02E4188022AB1874
:10EC7000DB191B78591EB318DB191B78981C7F4AC7
:10EC80000B00DB005B1ADB00D3181B5C1B04E418D1
:10EC90008022AB18DB191B78591EB318DB191B78BF
:10ECA000D81C764A0B00DB005B1ADB00D3181B5C18
:10ECB0001B06E3183B6100237B61714B39697A695C
:10ECC00019605A6000E0C0466E4B1B78102B01D1D2
:10ECD00001F004FE6B4A0023137001F0FFFD694A46
:10ECE0000023137021248026A319DB191B785A1ED8
:10ECF0003325AB19DB19187860491300DB009B1A28
:10ED0000DB00CB181B5C002B01D100F0D7FCA31952
:10ED1000DB191B785A1EAB19DB19187857491300F9
:10ED2000DB009B1ADB00CB181B5C1E2B01D900F00B
:10ED3000C1FCA319DB191B785A1EAB19DB19187813
:10ED40004E491300DB009B1ADB00CB181B5C013B18
:10ED50004D4A9B009B581B0C8022920594466344AD
:10ED6000A822BA181360A319DB191B78591EAB1916
:10ED7000DB191B78581C414A0B00DB005B1ADB00D7
:10ED8000D3181B5C082B01D900F00FFC9A003F4BF5
:10ED9000D3181B689F46212480216318DB191B7838
:10EDA0005A1E33235B18DB19187834491300DB0033
:10EDB0009B1ADB00CB181B5C013B334A9B009A5823
:10EDC0000F2313403DD1012013F08EF80300A8203B
:10EDD0003D182B603B181B68002B2FD03B181B687D
:10EDE000E0221206944663441D0426008022A318E4
:10EDF000DB191B78591E33239B18DB191B78581C11
:10EE00001E4A0B00DB005B1ADB00D3181B5C1C00E6
:10EE100080217318DB191B785A1E33235B18DB190A
:10EE2000187816491300DB009B1ADB00CB181B5C1B
:10EE3000013B2919144A9B00995002E0114A122300
:10EE40001370104B1B78122B00D1B0E321238022CA
:10EE50009B18DB191B78591E33239B18DB191B7871
:10EE6000981CA823FB181C68044A0B00DB005B1AE3
:10EE7000DB00D3181B5C237099E3C046580A0020BE
:10EE8000D00E0020051300203C0E0020B8AE020872
:10EE9000212480216318DB191B785A1E33235B1849
:10EEA000DB191878E5491300DB009B1ADB00CB184F
:10EEB0001B5C013BE24A9B009A580F2313403DD153
:10EEC000012013F011F80300A8203D182B603B1817
:10EED0001B68002B2FD03B181B68E02212069446BB
:10EEE00063441D0426008022A318DB191B78591ED9
:10EEF00033239B18DB191B78581CD04A0B00DB000E
:10EF00005B1ADB00D3181B5C1C0080217318DB1913
:10EF10001B785A1E33235B18DB191878C749130076
:10EF2000DB009B1ADB00CB181B5C013B2919C44A90
:10EF30009B00995002E0C34A12231370C14B1B7807
:10EF4000122B00D135E3212380229B18DB191B787B
:10EF5000591E33239B18DB191B78981CB74A0B00EA
:10EF6000DB005B1ADB00D3181B5CA822BA181268FE
:10EF70005BB213701DE3212480216318DB191B7819
:10EF80005A1E33235B18DB191878AC491300DB00D9
:10EF90009B1ADB00CB181B5C013BA94A9B009A58CB
:10EFA0000F2313403DD1022012F09EFF0300A82042
:10EFB0003D182B603B181B68002B2FD03B181B689B
:10EFC000E0221206944663441D0426008022A31802
:10EFD000DB191B78591E33239B18DB191B78581C2F
:10EFE000964A0B00DB005B1ADB00D3181B5C1C008D
:10EFF00080217318DB191B785A1E33235B18DB1929
:10F0000018788E491300DB009B1ADB00CB181B5CC1
:10F01000013B29198A4A9B00995002E0894A122330
:10F020001370884B1B78122B00D1C4E2212580225B
:10F03000AB18DB191B78591E3326B318DB191B7864
:10F04000981C7E4A0B00DB005B1ADB00D3181B5CAC
:10F050001C008022AB18DB191B78591EB318DB1972
:10F060001B78D81C754A0B00DB005B1ADB00D31839
:10F070001B5C1B029BB2A822BA181268E3189BB251
:10F08000138098E2212480216318DB191B785A1E13
:10F0900033235B18DB19187868491300DB009B1ACF
:10F0A000DB00CB181B5C013B654A9B009A580F2381
:10F0B00013403DD1022012F017FF0300A8203D1895
:10F0C0002B603B181B68002B2FD03B181B68E022DD
:10F0D0001206944663441D0426008022A318DB19FF
:10F0E0001B78591E33239B18DB191B78581C534A75
:10F0F0000B00DB005B1ADB00D3181B5C1C008021BB
:10F100007318DB191B785A1E33235B18DB19187828
:10F110004A491300DB009B1ADB00CB181B5C013B48
:10F120002919474A9B00995002E0464A122313705E
:10F13000444B1B78122B00D13FE221258022AB18D3
:10F14000DB191B78591E3326B318DB191B78981C62
:10F150003A4A0B00DB005B1ADB00D3181B5C1C0077
:10F160008022AB18DB191B78591EB318DB191B78EA
:10F17000D81C324A0B00DB005B1ADB00D3181B5C87
:10F180001B029BB2E3189BB2A822BA1812681BB2EA
:10F19000138012E2212480216318DB191B785A1E88
:10F1A00033235B18DB19187824491300DB009B1A02
:10F1B000DB00CB181B5C013B214A9B009A580F23B4
:10F1C000134044D1042012F08FFE0300A8203D1804
:10F1D0002B603B181B68002B36D03B181B68E022C5
:10F1E0001206944663441D0426008022A318DB19EE
:10F1F0001B78591E33239B18DB191B78581C0F4AA8
:10F200000B00DB005B1ADB00D3181B5C1C008021A9
:10F210007318DB191B785A1E33235B18DB19187817
:10F2200006491300DB009B1ADB00CB181B5C013B7B
:10F230002919034A9B00995009E0C046580A00204A
:10F240003C0E002005130020DF4A12231370DE4B12
:10F250001B78122B00D1B2E121258022AB18DB19DB
:10F260001B78591E3326B318DB191B78981CD74A14
:10F270000B00DB005B1ADB00D3181B5C1C00802238
:10F28000AB18DB191B78591EB318DB191B78D81C77
:10F29000CE4A0B00DB005B1ADB00D3181B5C1B02A1
:10F2A000E4188022AB18DB191B78591EB318DB1940
:10F2B0001B78181DC54A0B00DB005B1ADB00D31856
:10F2C0001B5C1B04E4188022AB18DB191B78591E49
:10F2D000B318DB191B78581DBC4A0B00DB005B1A06
:10F2E000DB00D3181B5C1B06A822BA181268E318AF
:10F2F000136064E1212480216318DB191B785A1EF6
:10F3000033235B18DB191878B0491300DB009B1A14
:10F31000DB00CB181B5C013BAD4A9B009A580F23C6
:10F3200013403DD1042012F0DFFD0300A8203D185A
:10F330002B603B181B68002B2FD03B181B68E0226A
:10F340001206944663441D0426008022A318DB198C
:10F350001B78591E33239B18DB191B78581C9B4ABA
:10F360000B00DB005B1ADB00D3181B5C1C00802148
:10F370007318DB191B785A1E33235B18DB191878B6
:10F3800092491300DB009B1ADB00CB181B5C013B8E
:10F3900029198F4A9B00995002E08B4A122313705F
:10F3A000894B1B78122B00D10BE121258022AB1851
:10F3B000DB191B78591E3326B318DB191B78981CF0
:10F3C000824A0B00DB005B1ADB00D3181B5C1C00BD
:10F3D0008022AB18DB191B78591EB318DB191B7878
:10F3E000D81C7A4A0B00DB005B1ADB00D3181B5CCD
:10F3F0001B02E4188022AB18DB191B78591EB318C6
:10F40000DB191B78181D714A0B00DB005B1ADB004F
:10F41000D3181B5C1B04E4188022AB18DB191B7883
:10F42000591EB318DB191B78581D684A0B00DB0006
:10F430005B1ADB00D3181B5C1B06A822BA181268E3
:10F44000E3181360BDE0212480216318DB191B78C9
:10F450005A1E33235B18DB1918785C491300DB0054
:10F460009B1ADB00CB181B5C013B594A9B009A5846
:10F470000F2313403DD1042012F036FD0300A820D5
:10F480003D182B603B181B68002B2FD03B181B68C6
:10F49000E0221206944663441D0426008022A3182D
:10F4A000DB191B78591E33239B18DB191B78581C5A
:10F4B000464A0B00DB005B1ADB00D3181B5C1C0008
:10F4C00080217318DB191B785A1E33235B18DB1954
:10F4D00018783E491300DB009B1ADB00CB181B5C3D
:10F4E000013B29193A4A9B00995002E0364A1223FF
:10F4F0001370354B1B78122B6ED021258022AB1850
:10F50000DB191B78591E3326B318DB191B78981C9E
:10F510002E4A0B00DB005B1ADB00D3181B5C1C00BF
:10F520008022AB18DB191B78591EB318DB191B7826
:10F53000D81C264A0B00DB005B1ADB00D3181B5CCF
:10F540001B02E4188022AB18DB191B78591EB31874
:10F55000DB191B78181D1D4A0B00DB005B1ADB0052
:10F56000D3181B5C1B04E4188022AB18DB191B7832
:10F57000591EB318DB191B78581D144A0B00DB0009
:10F580005B1ADB00D3181B5C1B06E318BB6000236F
:10F59000FB60104BB968FA6819605A600D4BA822DD
:10F5A000BA1812681B68136016E0C04615E0C04622
:10F5B00013E0C04611E0C0460FE0C0460DE0C04673
:10F5C0000BE0C04609E0C04605130020580A0020A1
:10F5D0003C0E0020D00E0020C0462126802173184A
:10F5E000DB191B785A1E33256B18DB191878D7499D
:10F5F0001300DB009B1ADB00CB181B5C013BD44AD9
:10F600009B009A580F231A4014008022B318DB196C
:10F610001B78591EAB18DB191B78581CCB4A0B0002
:10F62000DB005B1ADB00D3181B5C9C4200D148E274
:10F6300080217318DB191B785A1E2C006B18DB19FC
:10F640001878C2491300DB009B1ADB00CB181B5C47
:10F65000013BBF4A9B009D588022B318DB191B78E1
:10F66000591EA318DB191B78581CB84A0B00DB0085
:10F670005B1ADB00D3181B5CB64A944663441C003B
:10F6800080217318DB191B785A1E33235B18DB1992
:10F690001878AE491300DB009B1ADB00CB181B5C0B
:10F6A000013B21002940AA4A9B009950AA4A1423F1
:10F6B000137006E2A84A1323137002E22125802268
:10F6C000AB18DB191B78591E3326B318DB191B78CE
:10F6D000981C9E4A0B00DB005B1ADB00D3181B5CF6
:10F6E0001C068022AB18DB191B78591EB318DB19D6
:10F6F0001B78D81C954A0B00DB005B1ADB00D31883
:10F700001B5C1B04E4188022AB18DB191B78591E04
:10F71000B318DB191B78181D8C4A0B00DB005B1A31
:10F72000DB00D3181B5C1B02E4188022AB18DB192A
:10F730001B78591EB318DB191B78581D834A0B0020
:10F74000DB005B1ADB00D3181B5CE318A8217818D8
:10F7500003607B181A6880239B059A4200D2ADE1B2
:10F760007B181A687D4B9A4200D9A7E18022AB181A
:10F77000DB191B78591EB318DB191B78581C734A08
:10F780000B00DB005B1ADB00D3181B5C082B00D9D5
:10F7900092E19A00724BD3181B689F462123802266
:10F7A0009B18DB191B78591E33239B18DB191B7818
:10F7B000981DA823FB181C68644A0B00DB005B1A29
:10F7C000DB00D3181B5C237077E1212380229B1878
:10F7D000DB191B78591E33239B18DB191B78981DE6
:10F7E0005A4A0B00DB005B1ADB00D3181B5CA82213
:10F7F000BA1812685BB213705FE121258022AB1842
:10F80000DB191B78591E3326B318DB191B78981D9A
:10F810004E4A0B00DB005B1ADB00D3181B5C1C009C
:10F820008022AB18DB191B78591EB318DB191B7823
:10F83000D81D464A0B00DB005B1ADB00D3181B5CAB
:10F840001B029BB2A822BA181268E3189BB213805D
:10F8500033E121258022AB18DB191B78591E332692
:10F86000B318DB191B78981D384A0B00DB005B1AB4
:10F87000DB00D3181B5C1C008022AB18DB191B7843
:10F88000591EB318DB191B78D81D304A0B00DB005A
:10F890005B1ADB00D3181B5C1B029BB2E3189BB204
:10F8A000A822BA1812681BB2138006E12125802213
:10F8B000AB18DB191B78591E3326B318DB191B78DC
:10F8C000981D224A0B00DB005B1ADB00D3181B5C7F
:10F8D0001C008022AB18DB191B78591EB318DB19EA
:10F8E0001B78D81D194A0B00DB005B1ADB00D3180C
:10F8F0001B5C1B02E4188022AB18DB191B78591E15
:10F90000B318DB191B7808331800104A0B00DB0012
:10F910005B1ADB00D3181B5C1B04E4188022AB18B5
:10F92000DB191B78591EB318DB191B780933180033
:10F93000064A0B00DB005B1ADB00D3181B5C1B06BE
:10F94000A822BA181268E3181360B6E0580A00201B
:10F950003C0E0020F0FF000005130020FFFF0120F7
:10F96000DCAE020821258022AB18DB191B78591E5A
:10F970003326B318DB191B78981DF14A0B00DB0006
:10F980005B1ADB00D3181B5C1C008022AB18DB1950
:10F990001B78591EB318DB191B78D81DE84A0B00D9
:10F9A000DB005B1ADB00D3181B5C1B02E41880220F
:10F9B000AB18DB191B78591EB318DB191B780833F9
:10F9C0001800DF4A0B00DB005B1ADB00D3181B5C5E
:10F9D0001B04E4188022AB18DB191B78591EB318DE
:10F9E000DB191B7809331800D54A0B00DB005B1AC2
:10F9F000DB00D3181B5C1B06A822BA181268E31898
:10FA000013605AE021258022AB18DB191B78591EA0
:10FA10003326B318DB191B78981DC94A0B00DB008D
:10FA20005B1ADB00D3181B5C1C008022AB18DB19AF
:10FA30001B78591EB318DB191B78D81DC04A0B0060
:10FA4000DB005B1ADB00D3181B5C1B02E41880226E
:10FA5000AB18DB191B78591EB318DB191B78083358
:10FA60001800B74A0B00DB005B1ADB00D3181B5CE5
:10FA70001B04E4188022AB18DB191B78591EB3183D
:10FA8000DB191B7809331800AD4A0B00DB005B1A49
:10FA9000DB00D3181B5C1B06E3183B6000237B6074
:10FAA000A84B39687A6819605A60A64BA822BA1820
:10FAB00012681B68136000E0C04602E0A24A1523EA
:10FAC0001370A24B1A7860231340DBB2602B08D06E
:10FAD0009E4B1A7860231340DBB2202B01D000F03C
:10FAE000FFFE994B1B789A4A1370362380229B188D
:10FAF000DB191B78012221211800FBF723F800F005
:10FB0000EFFE212380215B18DB191B785A1E33235B
:10FB10005B18DB1918788A491300DB009B1ADB009D
:10FB2000CB181B5C884A137000F0E1FE212480266C
:10FB3000A319DB191B785A1E3325AB19DB1918786A
:10FB40007F491300DB009B1ADB00CB18185CA3195C
:10FB5000DB191B785A1E3400AB19DB191B78591CB2
:10FB60001300DB009B1ADB005A18754BD1181F23BA
:10FB70001B19DB191B789BB2013B9AB20A23009335
:10FB80000A2304F05BFE00F0B2FE21248026A319B4
:10FB9000DB191B785A1E3325AB19DB191878684915
:10FBA0001300DB009B1ADB00CB181B5C694A138037
:10FBB000A319DB191B78591EAB19DB191B78581CCC
:10FBC0005F4A0B00DB005B1ADB00D3181B5C624A48
:10FBD0001380614B1B88002B0ED15E4B1B88DBB260
:10FBE000180003F0B1F85B4B1B88D8B25B4A5C4B42
:10FBF000190003F0EFF811E0574B1B88012B0DD1D2
:10FC0000544B1B88DBB2180003F09EF8514B1B8845
:10FC1000D8B2524A534B190003F0DCF8524A534B06
:10FC20001100180003F080F9514A0123137000F00D
:10FC30005EFE504A0123137000F059FE4E4A012324
:10FC40001370212380215B18DB191B785A1E332384
:10FC50005B18DB1918783A491300DB009B1ADB00AC
:10FC6000CB181B5C082B01D900F091FD9A00434B87
:10FC7000D3181B689F46212380241B19DB191B788E
:10FC8000591E33231B19DB191B78581C2C4A0B00F7
:10FC9000DB005B1ADB00D3181B5C002B09D1372378
:10FCA0001B19DA1900231370274A1023137000F070
:10FCB0006FFD372380229B18DA19FF23137000F0A1
:10FCC00067FD21248026A319DB191B78591E3325D3
:10FCD000AB19DB191B78581C194A0B00DB005B1AA7
:10FCE000DB00D3181B5C002B4ED137239B19DA198C
:10FCF00000231370A319DB191B78591EAB19DB19EC
:10FD00001B78981C0E4A0B00DB005B1ADB00D31833
:10FD10001B5C1B4A1370A319DB191B78591EAB1906
:10FD2000DB191B78D81C064A0B00DB005B1ADB00D2
:10FD3000D3181B5C1A00134B1A6000F029FDC04653
:10FD4000580A0020D00E00200513002004130020C4
:10FD5000A80B0020AC230020AE230020B0230020FD
:10FD600034AD020838AD0208BC230020B8230020BF
:10FD7000A0090020A1090020281C002000AF0208D3
:10FD8000291C00202C1C0020372380229B18DA1904
:10FD9000FF23137000F0FCFC21248026A319DB193B
:10FDA0001B78591E3325AB19DB191B78581CD04A18
:10FDB0000B00DB005B1ADB00D3181B5C002B4DD162
:10FDC00037239B19DA1900231370A319DB191B7849
:10FDD000591EAB19DB191B78981CC54A0B00DB00B8
:10FDE0005B1ADB00D3181B5CC24A1370A319DB1922
:10FDF0001B78591EAB19DB191B78D81CBC4A0B00A9
:10FE0000DB005B1ADB00D3181B5C1A00BA4B1A60CC
:10FE1000A319DB191B78591EAB19DB191B78181DA8
:10FE2000B34A0B00DB005B1ADB00D3181B5C1A0023
:10FE3000B14B5A60A319DB191B78591EAB19DB199A
:10FE40001B78581DAA4A0B00DB005B1ADB00D31895
:10FE50001B5C1A00A84B9A6000F09AFC37238022A2
:10FE60009B18DA19FF23137000F092FC21248026DE
:10FE7000A319DB191B78591E3325AB19DB191B7825
:10FE8000581C9B4A0B00DB005B1ADB00D3181B5C81
:10FE9000002B29D137239B19DA1900231370A319DA
:10FEA000DB191B78591EAB19DB191B78981C904A7B
:10FEB0000B00DB005B1ADB00D3181B5C8D4A137050
:10FEC000A319DB191B78591EAB19DB191B78D81C39
:10FED000874A0B00DB005B1ADB00D3181B5C1A009F
:10FEE000854B1A6000F054FC372380229B18DA19E6
:10FEF000FF23137000F04CFC212580242B19DB1903
:10FF00001B78591E33263319DB191B78581C784A85
:10FF10000B00DB005B1ADB00D3181B5C002B00D04E
:10FF200085E037231B19DA19002313702B19DB190D
:10FF30001B78591E3319DB191B78981C6C4A0B006F
:10FF4000DB005B1ADB00D3181B5C6A4A13702B19A9
:10FF5000DB191B78591E3319DB191B78D81C644A2E
:10FF60000B00DB005B1ADB00D3181B5C1C0080223B
:10FF7000AB18DB191B78591EB318DB191B78181D39
:10FF80005B4A0B00DB005B1ADB00D3181B5C1B0217
:10FF9000E218594B1A608022AB18DB191B78591EE6
:10FFA000B318DB191B78581D514A0B00DB005B1A94
:10FFB000DB00D3181B5C1C008022AB18DB191B78FC
:10FFC000591EB318DB191B78981D494A0B00DB003A
:10FFD0005B1ADB00D3181B5C1B02E218464B5A600D
:10FFE0008022AB18DB191B78591EB318DB191B785C
:10FFF000D81D3F4A0B00DB005B1ADB00D3181B5CEB
:020000040801F1
:100000001C008022AB18DB191B78591EB318DB19B2
:100010001B7808331800364A0B00DB005B1ADB0044
:10002000D3181B5C1B02E218334B9A60B0E33723F2
:1000300080229B18DA19FF231370A9E3212480265C
:10004000A319DB191B78591E3325AB19DB191B7853
:10005000581C274A0B00DB005B1ADB00D3181B5C23
:10006000002B3ED137239B19DA190023137032007D
:10007000A319DB191B78591E2E00B318DB191B7846
:10008000981C1B4A0B00DB005B1ADB00D3181B5CBF
:10009000184A137025008022A318DB191B78591EFB
:1000A000B318DB191B78D81C114A0B00DB005B1A54
:1000B000DB00D3181B5C1C008022AB18DB191B78FB
:1000C000591EB318DB191B78181D094A0B00DB00F9
:1000D0005B1ADB00D3181B5C1B02E218064B1A608C
:1000E00056E3372380229B18DA19FF2313704FE35E
:1000F000580A0020291C00202C1C002021258024C7
:100100002B19DB191B78591E33263319DB191B7881
:10011000581CE94A0B00DB005B1ADB00D3181B5CA0
:10012000002B5ED137231B19DA19002313702B190A
:10013000DB191B78591E3319DB191B78981CDE4A12
:100140000B00DB005B1ADB00D3181B5CDB4A13706F
:100150002B19DB191B78591E3319DB191B78D81C96
:10016000D54A0B00DB005B1ADB00D3181B5C1C00BC
:100170008022AB18DB191B78591EB318DB191B78CA
:10018000181DCD4A0B00DB005B1ADB00D3181B5C8B
:100190001B02E4188022AB18DB191B78591EB31818
:1001A000DB191B78581DC44A0B00DB005B1ADB000F
:1001B000D3181B5C1B04E4188022AB18DB191B78D6
:1001C000591EB318DB191B78981DBB4A0B00DB00C6
:1001D0005B1ADB00D3181B5C1B06E218B84B1A60D5
:1001E000D6E2372380229B18DA19FF231370CFE25F
:1001F000212580242B19DB191B78591E332633192E
:10020000DB191B78581CAC4A0B00DB005B1ADB00C7
:10021000D3181B5C002B00D047E137231B19DA19D8
:10022000002313702B19DB191B78591E3319DB19A6
:100230001B78981CA04A0B00DB005B1ADB00D3186C
:100240001B5C9E4A13702B19DB191B78591E33193E
:10025000DB191B78D81C984A0B00DB005B1ADB000B
:10026000D3181B5C1C008022AB18DB191B78591EAD
:10027000B318DB191B78181D8F4A0B00DB005B1AC3
:10028000DB00D3181B5C1B02E4188022AB18DB19BF
:100290001B78591EB318DB191B78581D864A0B00B2
:1002A000DB005B1ADB00D3181B5C1B04E418802204
:1002B000AB18DB191B78591EB318DB191B78981D76
:1002C0007D4A0B00DB005B1ADB00D3181B5C1B06AE
:1002D000E2187B4B1A608022AB18DB191B78591E81
:1002E000B318DB191B78D81D734A0B00DB005B1AAF
:1002F000DB00D3181B5C1C008022AB18DB191B78B9
:10030000591EB318DB191B78083318006A4A0B0012
:10031000DB005B1ADB00D3181B5C1B021C43802232
:10032000AB18DB191B78591EB318DB191B7809337E
:100330001800614A0B00DB005B1ADB00D3181B5C62
:100340001B041C438022AB18DB191B78591EB31801
:10035000DB191B780A331800574A0B00DB005B1AC5
:10036000DB00D3181B5C1B0622001A43544B5A6057
:100370008022AB18DB191B78591EB318DB191B78C8
:100380000B3318004C4A0B00DB005B1ADB00D31860
:100390001B5C1C008022AB18DB191B78591EB3189C
:1003A000DB191B780C331800434A0B00DB005B1A87
:1003B000DB00D3181B5C1B021C438022AB18DB192B
:1003C0001B78591EB318DB191B780D3318003A4AF5
:1003D0000B00DB005B1ADB00D3181B5C1B041C4307
:1003E0008022AB18DB191B78591EB318DB191B7858
:1003F0000E331800304A0B00DB005B1ADB00D31809
:100400001B5C1B0622001A432D4B9A608022AB18FE
:10041000DB191B78591EB318DB191B780F33180032
:10042000254A0B00DB005B1ADB00D3181B5C1C00A9
:100430008022AB18DB191B78591EB318DB191B7807
:10044000103318001C4A0B00DB005B1ADB00D318CA
:100450001B5C1B021C438022AB18DB191B78591E46
:10046000B318DB191B7811331800134A0B00DB009B
:100470005B1ADB00D3181B5C1B041C438022AB18E7
:10048000DB191B78591EB318DB191B7812331800BF
:10049000094A0B00DB005B1ADB00D3181B5C1B0650
:1004A00022001A43064BDA6072E1372380229B1840
:1004B000DA19FF2313706BE1580A0020291C002071
:1004C0002C1C0020212580242B19DB191B78591E98
:1004D00033263319DB191B78581CF64A0B00DB0056
:1004E0005B1ADB00D3181B5C002B00D048E13723DC
:1004F0001B19DA19002313702B19DB191B78591EED
:100500003319DB191B78981CEA4A0B00DB005B1AD5
:10051000DB00D3181B5CE84A13702B19DB191B781E
:10052000591E3319DB191B78D81CE24A0B00DB007B
:100530005B1ADB00D3181B5C1C008022AB18DB1994
:100540001B78591EB318DB191B78181DD94A0B00EC
:10055000DB005B1ADB00D3181B5C1B021C438022F0
:10056000AB18DB191B78591EB318DB191B78581D03
:10057000D04A0B00DB005B1ADB00D3181B5C1B04AA
:100580001C438022AB18DB191B78591EB318DB19EA
:100590001B78981DC74A0B00DB005B1ADB00D318E1
:1005A0001B5C1B0622001A43C44B1A608022AB1846
:1005B000DB191B78591EB318DB191B78D81DBD4AEF
:1005C0000B00DB005B1ADB00D3181B5C1C008022D5
:1005D000AB18DB191B78591EB318DB191B780833CD
:1005E0001800B44A0B00DB005B1ADB00D3181B5C5D
:1005F0001B021C438022AB18DB191B78591EB31851
:10060000DB191B7809331800AA4A0B00DB005B1AC0
:10061000DB00D3181B5C1B041C438022AB18DB19C6
:100620001B78591EB318DB191B780A331800A14A2E
:100630000B00DB005B1ADB00D3181B5C1B062200DF
:100640001A439E4B5A608022AB18DB191B78591E47
:10065000B318DB191B780B331800964A0B00DB002C
:100660005B1ADB00D3181B5C1C008022AB18DB1963
:100670001B78591EB318DB191B780C3318008D4AF0
:100680000B00DB005B1ADB00D3181B5C1B021C4356
:100690008022AB18DB191B78591EB318DB191B78A5
:1006A0000D331800834A0B00DB005B1ADB00D31804
:1006B0001B5C1B041C438022AB18DB191B78591EE2
:1006C000B318DB191B780E3318007A4A0B00DB00D5
:1006D0005B1ADB00D3181B5C1B0622001A43774B06
:1006E0009A608022AB18DB191B78591EB318DB19EE
:1006F0001B780F3318006F4A0B00DB005B1ADB001E
:10070000D3181B5C1C008022AB18DB191B78591E08
:10071000B318DB191B7810331800664A0B00DB0096
:100720005B1ADB00D3181B5C1B021C438022AB1836
:10073000DB191B78591EB318DB191B78113318000D
:100740005C4A0B00DB005B1ADB00D3181B5C1B044C
:100750001C438022AB18DB191B78591EB318DB1918
:100760001B7812331800534A0B00DB005B1ADB00C6
:10077000D3181B5C1B0622001A43504BDA6007E0BB
:10078000372380229B18DA19FF23137000E0C0463C
:10079000ADE0212380241B19DB191B785A1E33235B
:1007A0001B19DB19187843491300DB009B1ADB0087
:1007B000CB181B5C424A1370414B1B78180000F0A9
:1007C00067F903001A0037210B19DB191B789342D4
:1007D00000D187E00B19DA19FF23137082E021237F
:1007E00080241B19DB191B785A1E33231B19DB19B4
:1007F000187830491300DB009B1ADB00CB181B5C18
:10080000304A13702F4B1B78180000F09DF903003D
:100810001A0037210B19DB191B78934264D00B198E
:10082000DA19FF2313705FE0372680203318DD19B3
:1008300020231B18DB191C7836221318DB191B78B0
:100840009C46212102000B18DB1919782E208318F1
:10085000DB19188833239B18DB191B7800932300BE
:10086000624600F09DF803002B708022B318DB195C
:100870001B78012B3AD1B318DD19202316009B19E0
:10088000DB191C7836229319DB191A7821218B1970
:10089000DB1919782E208319DB19188833239B194B
:1008A000DB191B780093230000F05AFD03002B7026
:1008B0001CE0C046580A0020291C00202C1C0020E7
:1008C000AA230020AB230020C04610E0C0460EE063
:1008D000C0460CE0C0460AE0C04608E0C04606E05C
:1008E000C04604E0C04602E0C04600E0C0463724EF
:1008F00080256319DB191B78012B0CD136235B197A
:10090000DB191B78002200211800FAF71BF9631984
:10091000DA1900231370212180254B19DB191B786C
:10092000013B1A00D200D21AD3001A00194BD0187A
:100930000C004B19DB191B785A1E174B9B5C1A00D5
:10094000002112F0C4FE6319DB191B78591E124AEC
:10095000002353546319DB191A78104B9B5C022B4C
:1009600013D06319DB191A780C4B9B5C032B0CD04A
:100970006319DB191A78094B9B5C042B05D06319AA
:10098000DB191978054A0023535408F029FAFBF7BC
:10099000C1FBC046580A0020480A0020500A002027
:1009A000B0B584B000AF05000C0010001900BB1DED
:1009B0002A1C1A807B1D221C1A703B1D021C1A70F7
:1009C000FB1C0A1C1A700F217B1801221A707B185D
:1009D0001B781800BD4604B0B0BD90B595B000AF0F
:1009E00014243B1918003C231A00002112F06FFE5A
:1009F0003B1D180010231A00002112F068FE80230E
:100A00009B0018000DF04AFB3B1903221A603B19AA
:100A1000802252025A603B1980225200DA60210083
:100A20007B1800221A617B1840225A617B1802222F
:100A30001A627B1803225A627B1800229A627B1882
:100A40001022DA627B18802292021A637B188022BD
:100A500092045A637B18802292059A637B181800CF
:100A60000DF068FB3B1D07221A603B1D02225A60F5
:100A70003B1D00229A603B1D0022DA603B1D0221D3
:100A800018000DF0B7FEC046BD4615B090BD000081
:100A900080B586B000AF0200FB1D1A70FB1D1B78ED
:100AA000180003F081FF03007B617B691B68234A08
:100AB000934209D07B691B68214A934204D07B6929
:100AC0001B68204A934234D1C0467B691B68DA69AF
:100AD00080235B021A4080235B029A42F5D0C04615
:100AE0007B691B68DA698023DB031A408023DB0300
:100AF0009A42F5D10C217B18802292031A607B1850
:100B0000786919685A6810F00DFF7B691B689A684C
:100B10007B691B688021C9030A439A607B691800BE
:100B200010F068FF8023DB01012118000DF056FA58
:100B300000E0FF231800BD4606B080BD003801402C
:100B4000004400400048004080B582B000AF020081
:100B5000FB1D1A70124B134A9A61FB1D1B78042B64
:100B600015D89A00104BD3181B689F4601200DF032
:100B700001FA0CE008200DF0FDF908E020200DF04E
:100B8000F9F904E002200DF0F5F900E0C0460DF09F
:100B900077FA0DF05BFA00231800BD4602B080BD65
:100BA000007000403F0001002CAF020880B582B009
:100BB00000AF0200FB1D1A701F4B1A6980235B00F7
:100BC0001A4080235B009A4230D11B4B1B4A9A612A
:100BD000FB1D1B78042B15D89A00194BD3181B68E2
:100BE0009F4601200DF0E6F90CE008200DF0E2F937
:100BF00008E020200DF0DEF904E002200DF0DAF923
:100C000000E0C0468023DB010E48012219000DF0F0
:100C100074F9FA239B0018000BF034F88023DB01F1
:100C20000848002219000DF068F900E000231800C0
:100C3000BD4602B080BDC04600700040000101000A
:100C400040AF020800040050F0B585B000AF0B269D
:100C5000BB1900221A700E23FB1808221A800823E1
:100C6000FB1800221A800CF05BFE7623FF331A007B
:100C700080231B02110018000CF08AFFBE19FA2312
:100C80009B0018000CF092FE030033700B26BB197A
:100C90001B78002B03D0554B5B68DBB2A2E0544BB2
:100CA0005A69534B02218A435A61524B1B78002BDD
:100CB00000D195E0504B1B781B029AB24D4B1B782C
:100CC000190008203B1852181A803B181B889BB249
:100CD0003B6000237B6049493A687B6801200CF047
:100CE000D1FD0B23FE18FA239B0018000CF05EFECA
:100CF000030033700B23FB181B78002B03D03B4BF6
:100D00005B68DBB26EE03A4B5A69394B01218A438A
:100D10005A610D23FB1801221A705AE00C23FB18AC
:100D200000221A704AE00D203B181B785A1E344BE3
:100D300016214A43D35A002B3AD00E23FB181B88A6
:100D40002E4A9E183B181B785A1E0C23FB18187845
:100D50002B4913009B009B185B009B181B185B0022
:100D60005B5A1C0000231D0022002B0031000120D3
:100D70000CF088FD0B23FE18FA239B0018000CF0E2
:100D800015FE030033700B23FB181B78002B03D0D8
:100D9000164B5B68DBB225E0154B5A69144B0121F9
:100DA0008A435A610E22BB18BA18128808321A8078
:100DB0000C217B181A787B1801321A700C23FB184F
:100DC0001B780A2BAFD90D217B181A787B180132BA
:100DD0001A70094B1B780D22BA1812789A429DD9C5
:100DE0000CF0C2FD1800BD4605B0F0BD8C9301208B
:100DF00000200240E41200207C00002000A8070828
:100E0000DC0E0020B0B588B000AF18243B190022DA
:100E10001A703B0000221A600433112200211800CE
:100E200012F055FC0CF07CFDBB235A0080231B0202
:100E3000110018000CF0ACFE25003C19FA239B00B1
:100E400018000CF0B3FD030023707B191B78002BF6
:100E500003D0654B5B68DBB2C1E0644B5A69634BFE
:100E600002218A435A61624BFB611B23FB1800225B
:100E70001A70AAE01B203B181A785E4913009B00E9
:100E80009B189B005B5C002B00D198E03B00FE228E
:100E90001A703B181A7813009B009B189B00554A48
:100EA00099183B0001331422180012F038FD1A2360
:100EB000FB1800221A702BE0F9691A23FB181B7823
:100EC000DB003A00D3181A685B6801200CF0DAFCEA
:100ED00018257C19FA239B0018000CF067FD03000D
:100EE00023707B191B78002B03D03F4B5B68DBB270
:100EF00075E03E4B5A693D4B01218A435A61FB69BB
:100F00000833FB611A217B181A787B1801321A709A
:100F10001A23FB181B78042BCED91923FB180022A7
:100F20001A7036E0F8691B23FB181A783149130050
:100F30009B009B189B00CB180C331B681922BA1816
:100F4000127892009B181A685B68010001200CF06F
:100F500099FC18257C19FA239B0018000CF026FD3B
:100F6000030023707B191B78002B03D01E4B5B689A
:100F7000DBB234E01D4B5A691C4B01218A435A6194
:100F8000FB690833FB6119217B181A787B18013241
:100F90001A701923FB181C781B23FB181A781549A3
:100FA00013009B009B189B00CB180C331B68180088
:100FB000EFF7B4F8030001339B089C42B2D31B2126
:100FC0007B181A787B1801321A700B4B1B781B2286
:100FD000BA1812789A4200D24CE70CF0C5FC1800FF
:100FE000BD4608B0B0BDC0468C9301200020024031
:100FF00000B0070898130020450A002080B500AF14
:101000008F239A00084B0021180012F060FB074B59
:1010100001221A70064B00221A70FFF715FE03001A
:101020001800BD4680BDC046DC0E00207C000020BC
:10103000E4120020F0B589B004AF05000C001000E8
:101040001900FB1D2A1C1A70BB1D221C1A707B1D67
:10105000021C1A703B1D0A1C1A700F257B190022F6
:101060001A700E26BB1900221A704A4B1A787C1986
:10107000BB1D1B7819001000F3F7CEFD0300237091
:101080003B1D1B78002B0ED0424B1B78BA1D1278EB
:101090009A4208D17B193A1D12781A70BB193D4A41
:1010A00012781A701BE03B1D1B78002B17D1BB1D5B
:1010B0001B78013B384AD35C012B05D10E23FB186A
:1010C000344A12781A700AE0BB1D1B78013B324A81
:1010D000D35C5A1E0E23FB1830498A5C1A702D4BC4
:1010E0001B78FA1D12789A422FD107F001FC0300F9
:1010F000BB603B1D1B78002B08D1294B1968BB1D19
:101100001A78BB68180012F063FA08E0254B1968DA
:10111000BB1D1A783B1D1B78B86812F059FA224B98
:101120001A68BB681100180012F0D9FABB681800E1
:10113000EEF7F4FF03009AB2B9687B1D18783223EA
:1011400003F0D2FB64200AF09DFD7B1D1B78180084
:1011500000F02CF80F257B191B78180000F026F8FA
:101160000C4B19780B4B1C787B191A787B1D18785F
:101170000023039301235B42029301235B4201930B
:10118000022300932300FAF725F8C046BD4605B0B8
:10119000F0BDC046E4120020181100203C1C0020C5
:1011A0006C000020740000207000002080B584B026
:1011B00000AF0200FB1D1A70FB1D1B78180003F026
:1011C000F3FB0300FB60FB6818000EF0EDFCFB680E
:1011D0008022D2001A61FB68802252019A60FB686B
:1011E00018000EF08BFCFB681B681A68FB681B6814
:1011F00020210A431A60C046BD4604B080BD0000ED
:1012000080B584B000AF484B5A6B474B02210A436C
:101210005A63454B5B6B02221340BB60BB68424B79
:101220005A6B414B01210A435A633F4B5B6B0122CE
:1012300013407B607B6802F0DDFE02F019FF02F0D4
:1012400055FF02F091FF02F0BFFF02F0EDFF012316
:10125000FB6061E0FB68DBB2180003F0A5FB020055
:10126000324B9A4206D1FB685A1E314B92003149EB
:10127000D1504EE0FB68DBB2180003F095FB020092
:101280002D4B9A4206D1FB685A1E294B92002B49DE
:10129000D1503EE0FB68DBB2180003F085FB020092
:1012A000274B9A4206D1FB685A1E214B92002549D2
:1012B000D1502EE0FB68DBB2180003F075FB020092
:1012C000214B9A4206D1FB685A1E194B92001F49C6
:1012D000D1501EE0FB68DBB2180003F065FB020092
:1012E0001B4B9A4206D1FB685A1E114B92001949BA
:1012F000D1500EE0FB68DBB2180003F055FB020092
:10130000154B9A4205D1FB685A1E094B92001349AE
:10131000D150FB680133FB60FB68062B9ADDC046A9
:10132000C046BD4604B080BD00100240AC25002080
:10133000B40E00200C000240402600202000024095
:10134000D4260020340002406827002048000240D4
:10135000FC2700205C000240902800207000024022
:10136000B0B586B000AF05000C0010001900BB1D21
:101370002A1C1A807B1D221C1A703B1D021C1A702D
:10138000FB1C0A1C1A7017217B1800221A700023FC
:101390003B610023FB600023BB607B1801221A70B5
:1013A000C0467B181B781800BD4606B0B0BD0000D3
:1013B00080B582B000AF78607B681B68164A9342A4
:1013C00001D1012323E07B681B68144A934201D1B9
:1013D00002231CE07B681B68114A934201D103235E
:1013E00015E07B681B680F4A934201D104230EE08D
:1013F0007B681B680C4A934201D1052307E07B6898
:101400001B680A4A934201D1062300E0002318001A
:10141000BD4602B080BDC046004C004000440040C4
:10142000004800400038014000500040003C0140AE
:1014300080B500AFC046BD4680BD80B584B000AF6A
:1014400002003960FB1D1A700F217B1800221A70F0
:101450007B1867221A70C0467B181B781800BD469F
:1014600004B080BD80B582B000AF1A4B9A6B194BA7
:1014700001210A439A63174B9B6B012213407B6047
:101480007B68144B9A6B134B02210A439A63114BEE
:101490009B6B022213403B603B6800220021092025
:1014A0000BF012FC09200BF024FC002200210A2082
:1014B0000BF00AFC0A200BF01CFC002200210B2080
:1014C0000BF002FC0B200BF014FCC046BD4602B032
:1014D00080BDC0460010024080B582B000AFFB1D49
:1014E00000221A703B4B5B78002B0ED13A4B1A68E6
:1014F0003A4B1100180000F07DF8031E05D0FB1DCB
:10150000FF221A70FB1D1B7860E0324B9B78002B8A
:101510000ED1314B5A68324B1100180000F06AF8B6
:10152000031E05D0FB1DFF221A70FB1D1B784DE02A
:10153000284BDB78002B0ED1274B9A68294B1100E2
:10154000180000F057F8031E05D0FB1DFF221A708B
:10155000FB1D1B783AE01F4B1B79002B0ED11E4B55
:10156000DA68214B1100180000F044F8031E05D082
:10157000FB1DFF221A70FB1D1B7827E0154B5B79C2
:10158000002B0ED1144B1A69184B1100180000F0F3
:1015900031F8031E05D0FB1DFF221A70FB1D1B78BE
:1015A00014E00C4B9B79002B0ED10B4B5A69104B5E
:1015B0001100180000F01EF8031E05D0FB1DFF22CD
:1015C0001A70FB1D1B7801E0FB1D1B781800BD463F
:1015D00002B080BD500A002080290020682700202A
:1015E00040260020D4260020AC250020FC27002027
:1015F0009028002090B585B000AF786039600F2446
:101600003B1900221A707B681800FFF7D1FE030017
:101610005A1E13005B009B189B010F4A99187B68A8
:10162000C022180010F004FB031E05D03B19FF2256
:101630001A703B191B780AE03B681B681A683B6804
:101640001B6804218A431A600F23FB181B781800BB
:10165000BD4605B090BDC04608160020F0B587B065
:1016600000AFF860B960BB1D1A8017257B190022F6
:101670001A701626BC19FB681800FFF799FE0300C4
:1016800023701523FC18BB681800FFF791FE0300B8
:101690002370BB191B785A1E294B9200D3583B610B
:1016A0001523FB181B78002B27D1FB681800FFF7C8
:1016B0007FFE0300013B234A0021D15480239A007E
:1016C000214B0021180012F002F8BB1D1A881E4998
:1016D000FB68180010F0ACFA031E05D07B19FF223E
:1016E0001A707B191B7826E03B691B681A683B69F6
:1016F0001B6804218A431A601AE0BB681B68283300
:101700001900BB1D1A88FB68180010F091FA031E1F
:1017100006D017217B18FF221A707B181B780AE06D
:101720003B691B681A683B691B6804218A431A607D
:101730001723FB181B781800BD4607B0F0BDC04644
:101740008029002094230020D80B002090B587B07A
:1017500000AF0200FB1D1A7017243B1900221A70FB
:10176000FB1D1B78180003F01FF903003B61FB1DF4
:101770001B785A1E174B9200D358FB603B69180028
:101780000EF0A6FB031E05D03B19FF221A703B1971
:101790001B781AE0FB681B6800225A60FB1D1B784F
:1017A0000D4AD35C022B0DD1FB1D1B785A1E0B4B2F
:1017B00092000021D150FB1D1B785A1E084B92004D
:1017C0000021D1501723FB181B781800BD4607B025
:1017D00090BDC04680290020500A0020A01A002099
:1017E000B81A002090B585B000AF0200FB1D1A703A
:1017F0000F243B1900221A70FB1D1B781800FFF7FD
:10180000A5FF031E05D03B19FF221A703B191B7858
:101810000DE0FB1D1B78180003F0C6F80300BB6049
:10182000BB68180002F030FD0F23FB181B7818006E
:10183000BD4605B090BD000090B585B000AF020078
:10184000FB1D1A700F243B1900221A70FB1D1B7818
:101850001800FFF77BFF031E05D03B19FF221A700B
:101860003B191B7840E0FB1D1B78180003F09CF827
:101870000300BB60BB68180002F006FDFB1D1B786F
:101880005A1E1B4B9200D3589B6A1800FFF790FD1D
:1018900003001A00174B00219954FB1D1B785A1E98
:1018A000154B92000021D150FB1D1B78013B134AC0
:1018B0000021D154FB1D1B78180003F075F8FB1DA7
:1018C0001B785A1E0A4B9200D3581900FFF792FE5C
:1018D000031E06D00F217B18FF221A707B181B787D
:1018E00002E00F23FB181B781800BD4605B090BD21
:1018F00080290020500A0020881A0020942300200C
:1019000080B500AF0D4B0E4A1A600C4B1022DA6006
:101910000A4B00225A71094B00221A71074B002210
:101920005A61064B00229A61044B03221A62034B50
:1019300018000BF0FBF9C046BD4680BD9829002079
:101940000030024080B584B000AF7860084B9A6BDD
:10195000074B802149010A439A63054B9A6B802308
:101960005B011340FB60FB68C046BD4604B080BD10
:101970000010024080B586B000AF78600A00BB1C42
:101980001A800823FB1800221A607B68002B00D104
:1019900092E0BB1C1B88002B00D18DE0BB1C1B8878
:1019A000032B33D81623FB1800221A7000233B6147
:1019B0001BE01622BB181B78BA18591C11701A00AC
:1019C0007B689B1819780823FA183B69D3180A1CFE
:1019D0001A70BB1CBA1C1288013A1A80BB1C1B88E7
:1019E000002B06D03B6901333B613B69032BE0DDF3
:1019F00000E0C0460823F918324B012218000BF012
:101A000042FA02001723FB181A7051E0BB1C1B8816
:101A10009B089BB21A0079682A4B18000BF033FA26
:101A200002001723FB181A70BB1C1B8803221340EB
:101A30009BB2002B3CD0BB1C1B88DAB21623FB18D0
:101A400003218A431A70BB1CBA1C128803210A4066
:101A50001A800023FB601BE01622BB181B78BA1803
:101A6000591C11701A007B689B1819780823FA1802
:101A7000FB68D3180A1C1A70BB1CBA1C1288013AE6
:101A80001A80BB1C1B88002B06D0FB680133FB604F
:101A9000FB68032BE0DD00E0C0460823F918094B82
:101AA000012218000BF0A8F902001723FB181A7086
:101AB0001723FB181B7800E000231800BD4606B072
:101AC00080BDC0469829002080B500AFBFF34F8F7E
:101AD000C046044B044ADA60BFF34F8FC046C0468D
:101AE000FDE7C04600ED00E00400FA0590B583B0C4
:101AF00000AFFB1D00221A703B1D00221A800BF064
:101B00000FFF3C1D002003F097F9030023803B1DCD
:101B10001B88022B07D03B1D1B880A2B03D03B1DC3
:101B20001B880C2B05D100F066F80BF01DFFFFF7AA
:101B3000CBFF0BF019FFFB1D1B781800BD4603B04F
:101B400090BD90B585B000AF02003960BB1D1A8012
:101B50000F243B1900221A703A68BB1D1B88110024
:101B6000180004F0F7FE031E05D03B190A221A7074
:101B70003B191B7802E00F23FB181B781800BD46A9
:101B800005B090BDB0B584B000AF0200BB1D1A8097
:101B90003B1D0A1C1A800F23FB1800221A700C250B
:101BA0007B1900221A800BF0BBFE7C193B1D1A88A2
:101BB000BB1D1B881100180004F0FCFE03002380ED
:101BC0007B191A8880235B009A4202D104F016FF29
:101BD00008E00C23FB181B88002B03D00BF0C4FE7D
:101BE0000A2304E00BF0C0FE0F23FB181B7818003B
:101BF000BD4604B0B0BD80B582B000AFFB1D002271
:101C00001A700BF08DFE002004F050FD031E07D06B
:101C10000BF0AAFEFB1D0A221A70FB1D1B7803E0C5
:101C20000BF0A2FEFB1D1B781800BD4602B080BD64
:101C300080B500AF074B1B68074A934206D0FFF7F9
:101C4000DAFF031E02D1034B034A1A60C046BD46A9
:101C500080BDC046F07F0020ADDEEFBE80B586B00F
:101C600000AF214B5A6B204B04210A435A631E4B91
:101C70005B6B042213407B617B691B4B5A6B1A4BD5
:101C800001210A435A63184B5B6B012213403B61ED
:101C90003B69154B5A6B144B08210A435A63124B8C
:101CA0005B6B08221340FB60FB680F4B5A6B0E4BBB
:101CB00002210A435A630C4B5B6B02221340BB6048
:101CC000BB68094B5A6B084B20210A435A63064BE9
:101CD0005B6B202213407B607B6800F007F8C046F6
:101CE000BD4606B080BDC0460010024080B586B03B
:101CF00000AF3B1D8022D2011A603B1D01225A60B9
:101D00003B1D00229A603B1D0222DA603B1D044A03
:101D1000190010000BF068FFC046BD4606B080BD3C
:101D200000040050F0B593B002AF534B5A6B524BC6
:101D300001210A435A63504B5B6B012213403B6104
:101D40003B694D4B5A6B4C4B02210A435A634A4B39
:101D50005B6B02221340FB60FB68474B5A6B464BA0
:101D600004210A435A63444B5B6B04221340BB605B
:101D7000BB68414B5A6B404B08210A435A633E4BA8
:101D80005B6B082213407B607B682423F8181A25BC
:101D90007A192823F9181823FB180093030001204F
:101DA00000F06EF81C23F8181623FA182023F918EF
:101DB0001426BB1900930300062000F061F82C21C3
:101DC0007B1801225A607B1800229A607B191B88BD
:101DD0001A007B181A60BB6A1A000C007B181900E5
:101DE00010000BF001FF21007B1800225A607B18C5
:101DF00002229A60BB191B881A007B181A60FB69C3
:101E00001A007B18190010000BF0EEFEBB6A1800D8
:101E10007B191B88002219000CF06FF8052002F0D6
:101E2000C5F8FB691A00BB191B88190010000CF0DB
:101E300047F8031E17D1BB6A18007B191B880122C3
:101E400019000CF05AF8052002F0B0F8FB691A00EE
:101E5000BB191B88190010000CF032F80300012B8D
:101E600001D1012304E0054B012252421A600023F4
:101E70001800BD4611B0F0BD00100240F07F0020F8
:101E800080B586B000AFB9607A603B600F217B18E7
:101E9000021C1A701723FB1800221A707B181B787B
:101EA000180002F081FD03003B613A693D4B9A4204
:101EB00010D1BB68A022D2051A607B6880229200F4
:101EC0001A803B68A022D2051A603B6A8022D200A9
:101ED0001A8060E03A69344B9A420ED1BB68A02266
:101EE000D2051A607B6804221A803B68A022D205C2
:101EF0001A603B6A08221A804DE03A692B4B9A42DD
:101F00000ED1BB682A4A1A607B688022D2001A80F0
:101F10003B68274A1A603B6A802212011A803AE025
:101F20003A69244B9A420ED1BB68A022D2051A60AE
:101F30007B6801221A803B68A022D2051A603B6AA6
:101F400002221A8027E03A691B4B9A420CD1BB68E7
:101F50001A4A1A607B6808221A803B68174A1A607E
:101F60003B6A04221A8016E03A69154B9A420ED158
:101F7000BB680F4A1A607B68802252001A803B6857
:101F80000B4A1A603B6A802292001A8003E01723F2
:101F9000FB18FF221A701723FB181B781800BD4688
:101FA00006B080BDAC25002040260020D4260020AD
:101FB0000004005068270020FC270020000C00507F
:101FC0009028002080B500AF1D4B1E4A1A601C4BA4
:101FD000802212065A601A4B00229A60184B002287
:101FE000DA60174B802212061A61154B04225A61DF
:101FF000134B00221A76124B00225A76104B012204
:102000009A760F4B2022002199540D4B00225A62E0
:102010000B4B00229A620A4B2C2200219954084B48
:1020200000221A63064B180009F0D2FF031E01D0EC
:1020300000F060F8044B01221A70C046BD4680BD16
:10204000842A0020002401406A2A002090B58BB029
:1020500000AF786014243B19180014231A000021E3
:1020600011F035FB214B1A6C204B802149030A43A8
:102070001A641E4B1A6C80235B0313403B613B695F
:102080001A4B5A6B194B01210A435A63174B5B6B6E
:1020900001221340FB60FB68154B1B78012B10D10C
:1020A0003B190C221A603B1903225A603B1900228B
:1020B0009A603A19A023DB05110018000BF094FD7B
:1020C00010E014217B1803221A607B1803225A6047
:1020D0007B1800229A607A18A023DB0511001800F3
:1020E0000BF082FDC046BD460BB090BD0010024013
:1020F000682A002080B500AF642009F0C3FDC04607
:10210000BD4680BD80B582B000AF786039607B6825
:102110001B681F4A934209D11E4A3B6811001800F0
:10212000EDF7F2FF031E01D11B4B2CE07B681B680F
:10213000174A934209D1194A3B6811001800EDF77C
:10214000E3FF031E01D1164B1DE07B681B68154A97
:10215000934209D10F4A3B6811001800EDF7D4FFF4
:10216000031E01D101230EE07B681B680D4A9342D8
:1021700009D10A4A3B6811001800EDF7C5FF031E9C
:1021800001D1094BFFE71800BD4602B080BDC04633
:10219000004400405CAF02080400000860AF020881
:1021A0000800000C004C00400200000480B582B022
:1021B00000AF02003960FB1D1A70FB1D1B78022B5B
:1021C0000BD1204A3B6811001800EDF79DFF031E5C
:1021D00003D11D4B00221A702EE0FB1D1B78022B31
:1021E0000BD11A4A3B6811001800EDF78DFF031E52
:1021F00003D1154B01221A701EE0FB1D1B78032B27
:102200000BD1104A3B6811001800EDF77DFF031E4B
:1022100003D10D4B02221A700EE0FB1D1B78032B1D
:102220000AD10A4A3B6811001800EDF76DFF031E42
:1022300002D1054B03221A70034B1B781800BD46D0
:1022400002B080BD5CAF02086B2A002060AF0208BC
:1022500090B587B002AF0F23FB1800221A700E232F
:10226000FB1800221A700D23FB1801221A7096E247
:102270000D203B181A78CD4913005B009B18CB1832
:1022800001331B78002B00D183E2C94B1B7801225C
:102290005340DBB2002B07D03B181A78C349130018
:1022A0005B009B1800225A543C1DBA1C0823F918E5
:1022B0000D23FB1818783B0000932300FFF7E0FD87
:1022C000BB681800BB1C1B88002219000BF015FE10
:1022D0000A2001F047FE7B681A003B001B881900AA
:1022E00010000BF0EDFD031E16D1BB681800BB1CDF
:1022F0001B88012219000BF000FE0A2001F032FEBB
:102300007B681A003B001B880F217C181900100005
:102310000BF0D6FD03002370BB681800BB1C1B88A4
:10232000002219000BF0E9FD0D23FB181A789F49D4
:1023300013005B009B18CB1801331B78042B44D08F
:1023400057DC032B2DD054DC012B02D0022B14D0F0
:102350004FE00F23FB181B78012B04D10E23FB1831
:1023600004221A7047E00F23FB181B78002B42D180
:102370000E23FB1803221A703DE00F23FB181B7875
:10238000012B04D10E23FB1804221A7035E00F2311
:10239000FB181B78002B30D10E23FB1803221A7078
:1023A0002BE00F23FB181B78012B04D10E23FB1805
:1023B00002221A7023E00F23FB181B78002B1ED17A
:1023C0000E23FB1801221A7019E00F23FB181B784B
:1023D000012B04D10E23FB1801221A7011E00F23E8
:1023E000FB181B78002B0CD10E23FB1802221A704D
:1023F00007E0C04606E0C04604E0C04602E0C04632
:1024000000E0C0460E22BB181B78042B03D0BB187B
:102410001B78022B19D10D217B181A78654B92007D
:10242000D358654A934209D87B181B78614A9900B2
:102430008A58511C5F4A9B00995006E00D23FB18F7
:102440001A785C4B92000021D1500E22BB181B78E9
:10245000032B03D0BB181B78012B40D10D217B1817
:102460001A78564B9200D358534A934209D87B1896
:102470001B78524A99008A58511C504A9B00995027
:1024800006E00D23FB181A784C4B92000021D15026
:102490004B4B1B78022B11D10D217B181B78494A1D
:1024A000D25C494B5B799A4208D87B181B78454A25
:1024B000D25C0132D1B2434AD15410E00D217B18D5
:1024C0001B78404AD25C404B5B799A4207D93C4B1F
:1024D00000221A707B181B783A4A0021D1540D2132
:1024E0007B181A78334B9200D358374A128893429C
:1024F00000D286E07B181A782E4B9200D358324ACD
:102500001288934208D17B181B782A4A99008A586E
:10251000511C284A9B0099500D217B181A78274B93
:102520009200D358284A1288934205D97B181A780A
:10253000224B92000021D1500D217B181A781D4B9F
:102540009200D358204A528893423FD97B181A7878
:10255000184B9200D258FA235B009A4236D2184B9D
:102560001B78002B03D1164B01221A7048E0144B44
:102570001B78022B44D10D217B181B78114AD25CA9
:10258000114B1B799A423BD97B181B780D4AD25CC0
:102590000D4B5B799A4233D2094B03221A707B1898
:1025A0001B78084A0021D1542AE0C046502A002056
:1025B0000C2A0020182A0020FEFF0000342A0020E8
:1025C000F42A0020102A0020E81200200D217B1898
:1025D0001A78784B9200D258FA235B009A4210D3B3
:1025E0007B181A78734B9200D358734A934208D8D9
:1025F000724B1B78002B04D0704B00221A7000E045
:10260000C0460D217B181A786D4B9200D3586D4A45
:10261000128893425DD37B181A78694B9200D35885
:10262000684A1288934211D108007B181A786649CB
:1026300013005B009B1807225A543B181B78604A12
:1026400099008A58511C5E4A9B0099500D217B18B5
:102650001A78584B9200D3585A4A1288934205D997
:102660007B181A78534B92000021D1500D217B1812
:102670001A78534B9200D358524A5288934228D921
:102680007B181A784E4B9200D258FA235B009A427C
:102690001FD24A4B1B78012B0BD17B181A784A4961
:1026A00013005B009B1805225A54444B02221A70F7
:1026B0000FE0424B1B78032B0BD10D23FB181A782C
:1026C000414913005B009B1806225A543B4B0022E1
:1026D0001A700D23FB181A783B4913005B009B18F6
:1026E0005B5C072B05D04FDC052B11D0062B2DD0C2
:1026F0004AE00D243B191B78180000F03BFD3B1904
:102700001A78314913005B009B1800225A5440E0AC
:102710002E4B1B7801225340DBB2002B36D00D200C
:102720003B181A78284913005B009B18CB1802331A
:102730001B781A000123134028D0244B01221A7061
:102740003B181B78180000F01FFD1FE01F4B1B7883
:1027500001225340DBB2002B1AD00D203B181A780F
:10276000194913005B009B18CB1802331B781A0021
:10277000022313400CD0154B01221A703B181B7812
:10278000180000F00BFD03E0C04602E0C04600E088
:10279000C0460D217B181A787B1801321A700D2360
:1027A000FB181B78062B00D862E5C046C046BD4624
:1027B00005B090BD182A0020FEFF0000F42A00207A
:1027C000342A0020E8120020502A00200C2A002081
:1027D000F0B58FB002AF0200FB1D1A70BB1D0A1CC2
:1027E0001A702F23FB1800221A702E23FB180022C8
:1027F0001A708C4B1B78002B0FD0BB1D1A788A4B9C
:102800009200D358180005F07FFFBB1D1A78874B44
:102810009200D358180005F077FFBB1D1B78844A3F
:102820000421D1547F4B1B78002B08D0BB1D1B7893
:10283000180002F0B9F8030018000DF0B5F91023E4
:10284000FC180E257A191423F918BB1D18780C26CC
:10285000BB1900932300FFF713FB7B191B881A0099
:1028600018243B191A603B1901225A603B190022B7
:102870009A603B190022DA607B691A003B19190043
:1028800010000BF0B1F9BB191B881A003B191A6034
:102890003B1900225A603B1902229A603B691A00D8
:1028A0003B19190010000BF09FF9BB1D1A78614904
:1028B00013005B009B18CB180133FA1D12781A70B5
:1028C000BB1D1B783A339BB29B009BB20A243A197A
:1028D00011001800FFF735F903001A002C217B18AE
:1028E0001A807B181B88002B57D13B191B881B0AA9
:1028F0009AB22E217B181A707B181B781B09DBB249
:10290000BA1D12789A4209D17B181B780F221A40FF
:10291000FB1D1B789A4201D100237FE0BB1D1B7871
:102920001B031AB2FB1D1B781B021BB213431BB205
:102930009AB20A217B181A80BB1D1B783A339BB2CE
:102940009B009AB27B181B8819001000FFF71AF938
:10295000BB1D1B783A339BB29B009BB201339BB2E9
:1029600000211800FFF70EF9BB1D1B783A339BB20C
:102970009B009BB202339BB200211800FFF702F9C3
:10298000BB1D1B783A339BB29B009BB203339BB2B7
:1029900000211800FFF7F6F83DE0BB1D1B781B0374
:1029A0001AB2FB1D1B781B021BB213431BB29AB257
:1029B0000A217B181A80BB1D1B783A339BB29B00FF
:1029C0009AB27B181B8819001000FFF7DBF8BB1DBB
:1029D0001B783A339BB29B009BB201339BB2002120
:1029E0001800FFF7CFF8BB1D1B783A339BB29B0052
:1029F0009BB202339BB200211800FFF7C3F8BB1D46
:102A00001B783A339BB29B009BB203339BB20021ED
:102A10001800FFF7B7F82F23FB181B781800BD46E6
:102A20000DB0F0BD430A0020581B0020741B00208D
:102A3000500A0020502A002080B586B000AF020066
:102A4000FB1D1A701723FB1800221A70FB1D1A7841
:102A5000574913005B009B18CB18013300221A70F2
:102A6000FB1D1A78524913005B009B1800225A5430
:102A7000FB1D1A784E4913005B009B18CB180233DC
:102A800000221A70FB1D1B783A339BB29B009BB24D
:102A90000E22BA1811001800FFF753F803001A00AD
:102AA00014217B181A807B181B88002B2DD1FB1D4D
:102AB0001B783A339BB29B009BB200211800FFF7B2
:102AC00061F8FB1D1B783A339BB29B009BB201332C
:102AD0009BB200211800FFF755F8FB1D1B783A3315
:102AE0009BB29B009BB202339BB200211800FFF700
:102AF00049F8FB1D1B783A339BB29B009BB2033312
:102B00009BB200211800FFF73DF8FB1D1B78180051
:102B100001F04AFF03003B613B691B68254A934271
:102B200002D101F067FA2BE03B691B68224A93420D
:102B300002D101F09DFA23E03B691B681F4A9342D2
:102B400002D101F0D3FA1BE03B691B681C4A934297
:102B500002D101F009FB13E03B691B68194A93425B
:102B600002D101F031FB0BE03B691B68164A93422E
:102B700002D101F059FB03E01723FB18FF221A7062
:102B8000FB1D1B78114A0021D154FB1D1B785A1ED6
:102B90000F4B9200D2583B6911001800FEF72AFD36
:102BA0001723FB181B781800BD4606B080BDC04631
:102BB000502A0020003801400044004000480040F6
:102BC000004C004000500040003C0140500A0020F2
:102BD00080290020B0B584B000AF040008001100C7
:102BE000FB1D221C1A70BB1D021C1A707B1D0A1CC7
:102BF0001A700F23FB1800221A70FB1D1A78514916
:102C000013005B009B18CB1801331B78002B01D1FC
:102C10000B2392E07B1D1B78012B07D07B1D1B78BB
:102C2000002B19D1BB1D1B78052B15D1FB1D1A7864
:102C3000444913005B009B18CB1802331B78FA1D24
:102C4000127801210B43D8B23E4913005B009B1858
:102C5000CB180233021C1A707B1D1B78012B07D086
:102C60007B1D1B78002B19D1BB1D1B78062B15D1A2
:102C7000FB1D1A78334913005B009B18CB180233F5
:102C80001B78FA1D127802210B43D8B22D4913008C
:102C90005B009B18CB180233021C1A70FB1D1B78BB
:102CA0003A339BB29B009BB208243A1911001800DA
:102CB000FEF747FF03001A000C217B181A807B18CF
:102CC0001B88002B34D13B191B881B0A9AB20B2599
:102CD0007B191A703B191B88D9B2FB1D1A78194849
:102CE00013005B009B18C31802331B78994221D054
:102CF0007B191B781B0219B2FB1D1A7811481300AF
:102D00005B009B18C31802331B781BB20B431BB22A
:102D10009AB23B191A80FB1D1B783A339BB29B0079
:102D20009AB23B191B8819001000FEF72BFF01E037
:102D30000B2302E00F23FB181B781800BD4604B0DC
:102D4000B0BDC046502A002080B584B000AF02005C
:102D5000FB1D1A700F23FB1800221A70FB1D1B7835
:102D6000022B03D0FB1D1B78012B1FD1FB1D1B78F1
:102D7000022B03D1144B01221A7002E0124B0122E4
:102D80005A70FB1D1B78180001F00EFE030018009E
:102D90000CF00AFFFB1D1B780C4A0621D1540C4B8A
:102DA0001B78002B09D1FFF70DF906E00F217B18E6
:102DB00019221A707B181B7802E00F23FB181B786E
:102DC0001800BD4604B080BD682A0020500A0020CB
:102DD0006A2A002090B587B000AFB9607A600F21F1
:102DE0007B18021C1A701723FB1800221A707B181C
:102DF0001B78022B04D07B181B78012B00D07BE0C2
:102E0000404B1B78012B55D10F243B191B78180020
:102E100001F0CAFD0200BB6819001000FFF772F94B
:102E200003009AB2384B1A80BA683B191B7811001C
:102E30001800FFF7BBF903001A00344B1A70324B2D
:102E40001B881A00324B1A60314B01225A60304BFA
:102E500006229A602E4A2F4B1100180009F08AFBB7
:102E60002C4B180009F05CFA2A4B6421180009F079
:102E7000E1FA284B180009F071FB0100234B1B7885
:102E80001A0089B2244B5200D152224B180009F08B
:102E900095FA1D4B1B881A001D4B1A601C4B022211
:102EA0005A601B4B06229A60194A1A4B11001800EF
:102EB00009F060FB154B1B781A00174B5200D35AD0
:102EC0001800EFF72BFD154A154BEEF765FE0200D3
:102ED0000B00100019000022124BEEF719FA020045
:102EE0000B0010001900EFF7B3FD021C7B681A609D
:102EF0001723FB181B7800E019231800BD4607B004
:102F000090BDC0466A2A00206C2A00206B2A00204F
:102F1000E82A0020842A0020702A0020666666665F
:102F200066660A4000FEAF40B0B582B000AF786080
:102F30003960614B1B78002B01D1FFF743F85F4BE1
:102F40005F4A1A605D4B01225A605C4B02229A6014
:102F50005A4A5C4B1100180009F00CFB594B180041
:102F600009F0DEF9574B6421180009F063FA554B5C
:102F7000180009F0F3FA03009AB2534B1A80524B2F
:102F80001B881800EFF7CAFC504A514BEEF704FEBD
:102F900002000B001000190000224E4BEEF7B8F9AA
:102FA00002000B00100019004B4A4C4BEFF7BCF825
:102FB00002000B0010001900494A4A4BEEF7A8F92D
:102FC00002000B00100019000022474BEDF73CFEF9
:102FD00002000B0010001900EFF73AFD021C7B689D
:102FE0001A60384B180009F0E9F9344B344A1A607A
:102FF000324B02225A60314B02229A602F4A314BE7
:103000001100180009F0B6FA2C4B384A1A602B4B05
:1030100001225A60294B06229A60284A294B110046
:10302000180009F0A7FA274B180009F079F9254B89
:103030006421180009F0FEF9224B180009F08EFAFD
:1030400003009AB22A4B1A802A4B1B881800EFF70C
:1030500065FC1E4A1E4BEEF79FFD02000B0014009C
:103060001D00234B1B881800EFF758FC02000B00D3
:1030700020002900EEF74CF902000B0010001900A7
:10308000EFF7E6FC021C3B681A600E4B180009F0D3
:1030900095F90A4B154A1A60084B02225A60074BF1
:1030A00002229A60054A074B1100180009F062FAE3
:1030B000C046BD4602B0B0BD6A2A0020E82A002002
:1030C000001000B0842A0020782A00206666666618
:1030D00066660A4000FEAF408FC2F5285C8FF63F5F
:1030E000333333333333114000003940002000B410
:1030F0007A2A0020AA75FF1FB0B586B000AFB9606C
:103100007A600F243B19021C1A7017257B190022C4
:103110001A7000233B611023FA18B9683B191B7819
:103120001800FFF757FE031E18D13B690E49181C03
:10313000EDF74CFC031C181CEFF742FC0B4A0C4B40
:10314000EEF7E6F802000B0010001900EFF780FC24
:10315000021C7B681A607B191B7800E01923180099
:10316000BD4606B0B0BDC0460000C8426666666691
:1031700066660A4080B582B000AF0200FB1D1A707F
:10318000C046BD4602B080BD80B582B000AF02002F
:10319000FB1D1A70C046BD4602B080BD80B582B02E
:1031A00000AF0200FB1D1A70C046BD4602B080BDD4
:1031B00080B500AFBFF34F8FC046044B044ADA60BE
:1031C000BFF34F8FC046C046FDE7C04600ED00E0AC
:1031D0000400FA0580B500AF08F038FD05F0C6FA26
:1031E000C046BD4680BD000080B584B002AF0B4B29
:1031F0007B600B4B18787968FF230093FF23112223
:1032000001F01CFB064B1878064B1968FF2300934E
:10321000FF230F2201F012FBFFF7CAFF80AF020865
:10322000400A0020CC01002080B584B000AF786057
:103230000A00BB1C1A80144BBA1C12881A80134B4C
:103240001B780133DAB2114B1A707B681800FEF755
:10325000AFF803001A000E4B9B5C022B10D000232A
:10326000FB600C4B1B680C22BA181100180008F008
:103270009FF8FB68002B03D0074B802252051A6091
:10328000C046BD4604B080BD482B00204A2B00201C
:10329000500A0020501B002004ED00E080B58AB0E9
:1032A00000AF00237B62264B18000CF0A5FE244BD8
:1032B0001B681B6880221340802B36D1204B88224C
:1032C0009B58202B31D1EFF310837B607B683B62EE
:1032D0000123BB60BB6883F31088C046184B1B6892
:1032E0001A68174B1B6880218A431A603B6AFB608F
:1032F000FB6883F31088C046EFF310833B613B69A2
:10330000FB6101237B617B6983F31088C0460C4B12
:103310001B681A680A4B1B6840210A431A60FB6944
:10332000BB61BB6983F31088C0467B6A002B03D066
:10333000044B802252051A60C046BD460AB080BDCB
:10334000AC25002004ED00E080B58AB000AF00237A
:103350007B62264B18000CF04FFE244B1B681B6849
:1033600080221340802B36D1204B88229B58202B63
:1033700031D1EFF310837B607B683B620123BB603C
:10338000BB6883F31088C046184B1B681A68174B3C
:103390001B6880218A431A603B6AFB60FB6883F3E9
:1033A0001088C046EFF310833B613B69FB6101234A
:1033B0007B617B6983F31088C0460C4B1B681A68DD
:1033C0000A4B1B6840210A431A60FB69BB61BB6959
:1033D00083F31088C0467B6A002B03D0044B802205
:1033E00052051A60C046BD460AB080BD4026002086
:1033F00004ED00E080B5A2B000AF00238422BA182B
:1034000013608C4B18000CF0F7FD8A4B1B681B688F
:1034100080221340802B39D1864B88229B58202B49
:1034200034D1EFF31083FB64FB6C80203A181360F7
:1034300001233B653B6D83F31088C0467D4B1B68C1
:103440001A687C4B1B6880218A431A603B181B68F2
:103450007B657B6D83F31088C046EFF31083BB65FB
:10346000BB6DFB670123FB65FB6D83F31088C046D2
:10347000704B1B681A686F4B1B6840210A431A6027
:10348000FB6F3B663B6E83F31088C0466A4B1800A7
:103490000CF0B2FD684B1B681B6880221340802B28
:1034A00036D1654B88229B58202B31D1EFF3108306
:1034B0007B637B6BBB670123BB63BB6B83F31088B0
:1034C000C0465D4B1B681A685B4B1B6880218A43B2
:1034D0001A60BB6FFB63FB6B83F31088C046EFF38E
:1034E00010833B643B6C7B6701237B647B6C83F3C1
:1034F0001088C046504B1B681A684F4B1B68402110
:103500000A431A607B6FBB64BB6C83F31088C046B0
:103510004A4B18000CF070FD484B1B681B6880225A
:103520001340802B36D1454B88229B58202B31D11C
:10353000EFF31083FB61FB693B6701233B623B6A4E
:1035400083F31088C0463D4B1B681A683B4B1B68D1
:1035500080218A431A603B6F7B627B6A83F3108809
:10356000C046EFF31083BB62BB6AFB660123FB62BC
:10357000FB6A83F31088C046304B1B681A682F4BD8
:103580001B6840210A431A60FB6E3B633B6B83F36D
:103590001088C0462A4B18000CF02EFD284B1B68E3
:1035A0001B6880221340802B36D1254B88229B58E4
:1035B000202B31D1EFF310837B607B68BB66012346
:1035C000BB60BB6883F31088C0461D4B1B681A683C
:1035D0001B4B1B6880218A431A60BB6EFB60FB6833
:1035E00083F31088C046EFF310833B613B697B6631
:1035F00001237B617B6983F31088C046104B1B68F5
:103600001A680F4B1B6840210A431A607B6EBB612E
:10361000BB6983F31088C0468423FB181B68002B0A
:1036200003D0084B802252051A60C046BD4622B026
:1036300080BDC046D426002068270020FC2700203B
:103640009028002004ED00E080B500AF054B180085
:10365000FDF7AEFE03001800F6F756FCC046BD4667
:1036600080BDC046AC25002080B500AF104B1B6864
:1036700010221340102B07D10E4B1800FDF798FEB7
:1036800003001800F6F740FC094B1A6880235B0022
:103690001A4080235B009A4207D1074B1800FDF7C0
:1036A00087FE03001800F6F72FFCC046BD4680BD1C
:1036B0000000024040260020D426002080B500AF44
:1036C0001A4B1A6880235B011A4080235B019A42DF
:1036D00007D1174B1800FDF76BFE03001800F6F733
:1036E00013FC124B1A6880235B021A4080235B0292
:1036F0009A4207D10F4B1800FDF75AFE030018003D
:10370000F6F702FC094B1A6880235B031A408023FA
:103710005B039A4207D1084B1800FDF749FE0300EE
:103720001800F6F7F1FBC046BD4680BD0000024020
:1037300068270020FC2700209028002080B584B056
:1037400000AF78600023FB607B681800FDF730FE57
:1037500003001A00064B9200D3580C22BA1811002D
:10376000180005F014FFC046BD4604B080BDC04639
:10377000741B0020B0B584B000AF78607B688822ED
:10378000202199500F257C197B681800FDF710FE49
:103790000300237029007B181B78254AD35C022B79
:1037A00013D17B181B785A1E224B9200D3581B68EA
:1037B000283319007B6880229B581B685B689AB28B
:1037C0007B6818000EF034FA2EE00F243B191B78AA
:1037D000013B194A0021D1543B191B78013B174A80
:1037E0000021D1543B191B785A1E13005B009B1813
:1037F0009B01134A9B18C022002118000FF067FF9D
:103800003B191B785A1E13005B009B189B010C4A46
:1038100099187B68C02218000EF00AFA3B191B7831
:10382000013B084A0121D154C046BD4604B0B0BD99
:10383000500A0020881A00209C2300209423002096
:1038400008160020D01A002080B582B000AF786042
:10385000C046BD4602B080BD80B582B000AF786082
:10386000104B01221A707B681B680F4A934203D1E8
:103870007B6818000EF0EFF87B681B680B4A9342D8
:1038800003D17B6818000EF0E6F87B681B68084AD5
:10389000934203D17B6818000EF0DDF8C046BD46A8
:1038A00002B080BD281B00200038014000440040C9
:1038B0000048004080B586B002AF786039600B4B9D
:1038C000FB600B4B1878F968FF230093FF2310224D
:1038D00000F0B4FF064B1878064B1968FF230093DD
:1038E000FF230F2200F0AAFFFFF762FC94AF02084B
:1038F000400A0020CC01002080B584B002AF0B4B01
:103900007B600B4B18787968FF230093FF23142208
:1039100000F094FF064B1878064B1968FF230093BC
:10392000FF230F2200F08AFFFFF742FCA8AF020836
:10393000400A0020CC01002080B500AF2F4B304A58
:103940001A602E4B00229A602C4B7F22DA602B4BA0
:10395000FF221A61294B00225A61284B00229A61EA
:10396000264B0022DA61254B8022D2051A62234BB6
:1039700000225A62214B882212025A601F4B180003
:1039800000F01EFA1D4B002118000BF049FF030048
:10399000012B02D1194B40229A60184B18000BF0F2
:1039A0000FFB031E01D0FF2325E0144B012118005B
:1039B0000BF036FF0300134A934202D000F028F8C0
:1039C00011E0114B1A6E80231B05134002D00F4BE0
:1039D00000221A700C4B1A6E8023DB04134002D0B5
:1039E0000A4B01221A70084B1A6E074B80210904FA
:1039F0000A431A6600231800BD4680BDA02B002094
:103A000000280040F2320000001002409C2B0020F1
:103A1000B0B58EB000AF0C257B195A4A13CA13C338
:103A20003B00594A03CA03C312781A707B19093341
:103A300018000EF04CFA02003523FB181A707B199F
:103A400000229A717B19043318000EF040FA02002C
:103A50003423FB181A707B190022DA703623FB1806
:103A600000221A7019E036243B191A78474B92004D
:103A7000D2580C23FB1811001800ECF745FB031E6D
:103A800005D13723FB183A19127801321A70362102
:103A90007B181A787B1801321A703623FB181B78B2
:103AA0000B2BE0D93B00063318000EF010FA020091
:103AB0003323FB181A700C243B1900225A713B0067
:103AC000033318000EF003FA02003223FB181A70B9
:103AD0003B1900229A703B0018000EF0F8F9020022
:103AE0003123FB181A702C217B183522BA18127852
:103AF000DA707B183722BA1812785A707B18342281
:103B0000BA1812789A707B1801221A707918204B13
:103B1000002218000BF096FC031E01D0FF232CE0BE
:103B200018217B183122BA1812781A707B183222A9
:103B3000BA1812785A707B183322BA1812789A7011
:103B40007B180022DA70134B18225A737B1800225C
:103B5000DA607B1800221A6179180D4B00221800D8
:103B60000BF06CFB031E01D0FF2306E00A4A084B52
:103B7000012118000BF037FE00231800BD460EB0DF
:103B8000B0BDC046C8AF0208D4AF02081C00002078
:103B9000A02B0020E8120020F2320000B0B588B05F
:103BA00000AF05000C0010001900FB1D2A1C1A7044
:103BB000BB1D221C1A703B1D021C1A80FB1C0A1C18
:103BC0001A703B1D1B88DBB23033DAB21C217B1824
:103BD000DA707B18FA1D12785A707B18BA1D1278A9
:103BE0009A707B18FA1C12781A7008243B19382135
:103BF0007A1812781A703B193422BA1812785A704F
:103C00003A193023FB181B7893703B1900221A6174
:103C10003C23FB181B78012B1BD17B181B780C2B2A
:103C200017D8404B0122002118000BF0DCFD3B1996
:103C30000022DA703C4B0C225A733A4B18000BF0FE
:103C400061FA384B40229A60364B18000BF0B8F9F5
:103C500036E03C23FB181B78022B1DD13823FB18C0
:103C60001B780C2B18D82F4B0122002118000BF0C9
:103C7000BAFD0823FB180122DA702B4B0C225A7371
:103C8000284B18000BF03EFA264B40229A60254B39
:103C900018000BF095F913E0224B002200211800C8
:103CA0000BF0A1FD204B18225A731E4B18000BF08D
:103CB00029FA1C4B00229A601A4B18000BF080F96D
:103CC0000823F918174B002218000BF0B7FA031E4F
:103CD00001D0FF2321E01C23F918124B0022180009
:103CE0000BF0B0FB031E01D0FF2316E00E4B5B7BF5
:103CF0001B021AB20C4B1B791BB213431BB29AB2B4
:103D00008D235B0011001800FDF73CFF074A054BAF
:103D1000012118000BF067FD00231800BD4608B014
:103D2000B0BDC046A02B0020E8120020F2320000F7
:103D300090B587B000AF39001F4B002218000BF080
:103D400025FB142439191C4B002218000BF00CFC25
:103D50003B00DB78DB09DBB20133DAB2174BDA74F4
:103D60003B005B685B089AB2144BDA813B009A789F
:103D7000124B1A743B005A78104B5A743B001A7855
:103D80000E4B9A743B199A780C4B5A753B195A781A
:103D90000A4B9A753B191A78084B1A753B19DB7850
:103DA000FA22D200944663449AB2044B1A83C04666
:103DB000BD4607B090BDC046A02B0020E8120020F1
:103DC00090B597B000AF78600C243B1918004C23D5
:103DD0001A0000210FF07BFC7B681B68134A93429A
:103DE00020D13B19802292021A603B198022920056
:103DF0001A643B1918000AF0A7FE0D4BDA6D0C4B44
:103E0000802109020A43DA65094BDA6B084B8021ED
:103E1000C9000A43DA63064BDA6B8023DB001340E8
:103E2000BB60BB68C046BD4617B090BD00280040CF
:103E30000010024080B582B000AF78607B681B68DC
:103E4000094A93420BD1094BDA6D084B08490A40E5
:103E5000DA65064BDA6B054B06490A40DA63C04661
:103E6000BD4602B080BDC0460028004000100240A0
:103E7000FF7FFFFFFFFBFFFF80B582B000AF174B56
:103E80001A6C164B802189020A431A64134B1A6C70
:103E900080239B0213407B607B68114B114A1A60A0
:103EA0000F4B2F225A600E4B00229A600C4B0E4A89
:103EB000DA600B4B00221A61094B00225A61084B51
:103EC00000229A61064B18000BF0C5FC044B180049
:103ED0000BF022FDC046BD4602B080BD001002407E
:103EE0001C2C002000440140FFFF000080B582B080
:103EF00000AF174B1A6C164B8021C9020A431A6493
:103F0000134B1A6C8023DB0213407B607B68114BE0
:103F1000114A1A600F4B114A5A600E4B00229A60E8
:103F20000C4B0F4ADA600B4B00221A61094B00223E
:103F30005A61084B00229A61064B18000BF08BFC6B
:103F4000044B18000BF0E8FCC046BD4602B080BD33
:103F500000100240682C0020004801407FBB000098
:103F6000FFFF000080B584B000AF0200BB1D1A80C7
:103F70000023FB6004F044FFBB1D1B88002B0DD009
:103F8000094B1B685B6AFB60C046074B1B685A6A9B
:103F9000FB68D21ABB1D1B889A42F6D904F042FF77
:103FA000C046BD4604B080BD1C2C002080B584B046
:103FB00000AF0200BB1D1A800023FB6004F020FF4D
:103FC000BB1D1B88002B0DD0094B1B685B6AFB6077
:103FD000C046074B1B685A6AFB68D21ABB1D1B8878
:103FE0009A42F6D904F01EFFC046BD4604B080BD1B
:103FF000682C002080B500AF1B4B1C4A1A601A4B7E
:10400000E12212035A60184B00229A60164B0022DC
:10401000DA60154B00221A61134B0C225A61124BC5
:1040200000229A61104B0022DA610F4B00221A62C3
:104030000D4B00225A620C4B00229A620A4B180068
:104040000BF05CFD084B002118000DF06FFD064BD6
:10405000002118000DF0AAFD034B18000DF02CFDF7
:10406000C046BD4680BDC046AC250020003801409A
:1040700080B500AF1B4B1C4A1A601A4BE122120399
:104080005A60184B00229A60164B0022DA60154BDA
:1040900000221A61134B0C225A61124B00229A61C2
:1040A000104B0022DA610F4B00221A620D4B0022E6
:1040B0005A620C4B00229A620A4B18000BF01EFD4C
:1040C000084B002118000DF031FD064B00211800AF
:1040D0000DF06CFD034B18000DF0EEFCC046BD4624
:1040E00080BDC046402600200044004080B500AF9F
:1040F0001B4B1C4A1A601A4BE12212035A60184BE0
:1041000000229A60164B0022DA60154B00221A61D9
:10411000134B0C225A61124B00229A61104B002261
:10412000DA610F4B00221A620D4B00225A620C4BCF
:1041300000229A620A4B18000BF0E0FC084B0021A9
:1041400018000DF0F3FC064B002118000DF02EFDB9
:10415000034B18000DF0B0FCC046BD4680BDC04604
:10416000D42600200048004080B500AF144B154A0B
:104170001A60134BE12212035A60114B00229A601D
:104180000F4B0022DA600E4B00221A610C4B0C22FE
:104190005A610B4B00229A61094B0022DA61084BED
:1041A00000221A62064B00225A62054B00229A62D4
:1041B000034B18000BF0A2FCC046BD4680BDC046B4
:1041C00068270020004C004080B500AF144B154A12
:1041D0001A60134BE12212035A60114B00229A60BD
:1041E0000F4B0022DA600E4B00221A610C4B0C229E
:1041F0005A610B4B00229A61094B0022DA61084B8D
:1042000000221A62064B00225A62054B00229A6273
:10421000034B18000BF072FCC046BD4680BDC04683
:10422000FC2700200050004080B500AF144B154A19
:104230001A60134BE12212035A60114B00229A605C
:104240000F4B0022DA600E4B00221A610C4B0C223D
:104250005A610B4B00229A61094B0022DA61084B2C
:1042600000221A62064B00225A62054B00229A6213
:10427000034B18000BF042FCC046BD4680BDC04653
:1042800090280020003C0140B0B5A6B000AF786097
:1042900084243B19180014231A0000210FF017FA88
:1042A00038257B1918004C231A0000210FF00FFA53
:1042B0007B681B68DF4A93426DD17B1901221A602B
:1042C0007B1902225A607B1918000AF03DFCDA4B78
:1042D0001A6CD94B8021C9010A431A64D64B1A6C57
:1042E0008023DB0113407B637B6BD34B5A6BD24B38
:1042F00001210A435A63D04B5B6B012213403B639D
:104300003B6B3B19C022D2001A6021007B180222AD
:104310005A607B1800229A607B180022DA607B18B2
:1043200001221A617A18A023DB051100180009F098
:104330005BFCC24BC24A1A60C04B32225A60BF4B70
:1043400000229A60BD4B0022DA60BC4B80221A61C9
:10435000BA4B00225A61B94B00229A61B74B202216
:10436000DA61B64B00221A62B64BB44ADA60B34B3C
:10437000180008F015FF7B688021B04A5A50AF4BF7
:104380007A689A62002200211B2008F09DFC1B2005
:1043900008F0AFFC3AE27B681B68AB4A93426DD1F0
:1043A00038217B1802221A607B1808229A607B1839
:1043B00018000AF0C9FBA04BDA6B9F4B80218902E1
:1043C0000A43DA639C4BDA6B80239B021340FB6247
:1043D000FB6A994B5A6B984B01210A435A63964BDF
:1043E0005B6B01221340BB62BB6A84217B180C22E9
:1043F0001A607B1802225A607B1800229A607B1890
:104400000022DA607B1801221A617A18A023DB05EA
:104410001100180009F0E8FB8C4B8D4A1A608B4B99
:1044200034225A60894B00229A60884B0022DA605D
:10443000864B80221A61854B00225A61834B0022F1
:104440009A61824B2022DA61804B00221A627D4BF6
:104450007E4A5A607D4B180008F0A2FE7B688021DE
:104460007A4A5A50794B7A689A62002200211C20BD
:1044700008F02AFC1C2008F03CFCC7E17B681B68A4
:10448000744A93426DD138217B1804221A607B183C
:104490002022DA607B1818000AF056FB664BDA6BB4
:1044A000654B8021C9020A43DA63634BDA6B8023D0
:1044B000DB0213407B627B6A5F4B5A6B5E4B0221CF
:1044C0000A435A635C4B5B6B022213403B623B6ABC
:1044D00084217B18C02212011A607B1802225A60C4
:1044E0007B1800229A607B180022DA607B18042275
:1044F0001A617B18584A1900100009F075FB574BD8
:10450000574A1A60554B36225A60544B00229A6023
:10451000524B0022DA60514B80221A614F4B00222D
:104520005A614E4B00229A614C4B2022DA614B4B70
:1045300000221A62434B494A9A60484B180008F01F
:104540002FFE7B688021454A5A50444B7A689A6214
:10455000002200211D2008F0B7FB1D2008F0C9FB38
:1045600054E17B681B683F4A934200D080E0324BA5
:10457000DA6B314B802109030A43DA632E4BDA6B85
:1045800080231B031340FB61FB692B4B5A6B2A4BA7
:1045900001210A435A63284B5B6B01221340BB6124
:1045A000BB6984217B1803221A607B1802225A609F
:1045B0007B1800229A607B180022DA607B180422A4
:1045C0001A617A18A023DB051100180009F00CFB12
:1045D000254B264A1A60244B38225A60224B00226F
:1045E0009A60214B0022DA601F4B80221A611E4B19
:1045F00000225A611C4B00229A611B4B2022DA6177
:10460000194B00221A620F4B174A1A60164B1800FA
:1046100008F0C6FD7B688021134A5A50124B7A6815
:104620009A62002200211D2008F04EFB1D2008F098
:1046300060FBEBE00038014000100240142D002028
:10464000080002408029002000440040742D002012
:104650001C0002400048004000040050D42D0020FF
:1046600030000240004C0040342E00204400024044
:104670007B681B68674A934261D1674BDA6B664B74
:10468000802149000A43DA63634BDA6B80235B00C5
:1046900013407B617B69604B5A6B5F4B08210A4377
:1046A0005A635D4B5B6B082213403B613B6984217D
:1046B0007B180C221A607B1802225A607B18002299
:1046C0009A607B180022DA607B1803221A617B183B
:1046D000524A1900100009F087FA514B514A1A60EA
:1046E0004F4B4A225A604E4B00229A604C4B00229C
:1046F000DA604B4B80221A61494B00225A61484BC9
:1047000000229A61464B2022DA61454B00221A6250
:10471000454B434A1A61424B180008F041FD7B6843
:1047200080213F4A5A503E4B7A689A62002200210B
:104730001D2008F0C9FA1D2008F0DBFA66E07B684E
:104740001B683A4A934261D1334BDA6B324B80217A
:1047500089000A43DA63304BDA6B80239B001340F5
:10476000FB60FB682C4B5A6B2B4B02210A435A63AC
:10477000294B5B6B02221340BB60BB6884217B1812
:10478000C02292001A607B1802225A607B18002215
:104790009A607B180022DA607B1808221A617B1865
:1047A000234A1900100009F01FFA224B224A1A600E
:1047B000204B4C225A601F4B00229A601D4B002256
:1047C000DA601C4B80221A611A4B00225A61194B85
:1047D00000229A61174B2022DA61164B00221A62DE
:1047E000114B144A5A61134B180008F0D9FC7B682E
:1047F0008021104A5A500F4B7A689A620022002199
:104800001D2008F061FA1D2008F073FAC046BD466D
:1048100026B0B0BD0050004000100240000C005017
:10482000942E00205800024080290020003C0140C6
:1048300000040050F42E00206C000240B0B586B099
:1048400000AFB96011007B600F243B19021C1A7085
:104850000C23FB180A1C1A801723FB1801221A705C
:104860003B191B78180000F09FF8031E32D03B194B
:104870001A781C4B9200D3587A681100180003F084
:10488000F9FE031E26D113E00F23FB181B78180036
:1048900000F08AF805001723FC18B86A0C23FB18EF
:1048A0001A88B968030028000BF0C6F903002370CA
:1048B0001722BB181B78002B03D0BB181B78032BC7
:1048C000E2D10F23FB181A78064B9200D358180038
:1048D00003F01AFF1723FB181B781800BD4606B01B
:1048E000B0BDC046741B0020F0B587B000AFB96002
:1048F00011007B600F243B19021C1A700C257B19D8
:104900000A1C1A801726BB1901221A703B191B7842
:10491000180000F049F8031E19D03B191A78114B02
:104920009200D3587A681100180003F0A3FE031E0A
:104930000DD13B191B78180000F036F8BC197B1913
:104940001A88BB6819000BF01BFA030023700520BE
:1049500007F098F91723FB181B781800BD4607B01D
:10496000F0BDC046741B002090B585B000AF0200BA
:104970003960FB1D1A700F243B1900221A70FB1DB1
:104980001B78180000F010F80300BB60BB683A68A1
:104990005A60BB6818000BF0B1F83B191B7818007F
:1049A000BD4605B090BD000080B582B000AF0200EA
:1049B000FB1D1A70FB1D1B78062B10D89A000A4BA2
:1049C000D3181B689F46094B0AE0094B08E0094BC6
:1049D00006E0094B04E0094B02E0094B00E000232C
:1049E0001800BD4602B080BDE8AF0208682700206D
:1049F00040260020D4260020AC250020FC270020E3
:104A00009028002080B582B000AF78600A00FB1CBF
:104A10001A707B68002B76D0FB1C1B78012B37D1DA
:104A20007B681800FCF7C4FC0300013B80221202E3
:104A30001A411100364B1B785A1E364B5200D35A7E
:104A40001AB20BB2134319B2314B1B785A1E89B2FA
:104A5000304B5200D1527B6808229A627B688022D8
:104A600012029A637B6818000BF048F87B68180004
:104A7000FCF79EFC03005A1E13005B009B189B0171
:104A8000254A99187B68C02218000DF0D1F83AE049
:104A9000FB1C1B78002B36D17B681800FCF788FCC8
:104AA0000300013B802212021A411300D943184B24
:104AB0001B785A1E174B5200D35A1BB20AB213402E
:104AC00019B2134B1B785A1E89B2124B5200D152A5
:104AD0007B6808229A627B6800229A637B681800D0
:104AE0000BF00CF87B681800FCF762FC03005A1E00
:104AF00013005B009B189B01074A99187B68C02232
:104B000018000DF095F8C046BD4602B080BDC04605
:104B1000E4120020B01200200816002080B582B0F8
:104B200000AFFB1D00221A70BB1D01221A7035E078
:104B3000204B1B78BA1D12789A4211D0BB1D1B78EE
:104B4000002213211800F5F7FDFF3220FFF72EFA9F
:104B5000194B1B78002B1CD0FB1D02221A7018E089
:104B60007B1D01221A7010E0124B1B78591E114B4D
:104B70001B785A1E114B4900C95A104B5200D15292
:104B80007B1D1A787B1D01321A707B1D1B78062B4A
:104B9000EAD9BB1D1A78BB1D01321A70084B1B786D
:104BA000BA1D12789A42C3D9FB1D1B781800BD4666
:104BB00002B080BDE412002005130020B0120020D6
:104BC0007C00002080B586B000AF0200FB1D1A708B
:104BD0000F23FB1800221A701623FB1800221A80DC
:104BE00001233B6118E03B69DBB21800FFF7DCFEF4
:104BF00003009A6B80231B029A420AD11622BB182B
:104C00001B88BA18591C11801A003B69D9B20C4B89
:104C100099543B6901333B613B69062BE3DD162365
:104C2000FB181A88FB1D1B7814211800F5F78AFF62
:104C30000F23FB181B781800BD4606B080BDC04688
:104C4000A80B002080B582B000AFBB1D00221A70F7
:104C5000FB1D01221A7029E0194B1B785A1E194BB3
:104C60005200D35A1900FB1D1B78013B802212020F
:104C70001A4113000B400AD1FB1D1B781800FFF7E7
:104C800093FE030000211800FFF7BCFE09E0FB1DA6
:104C90001B781800FFF788FE030001211800FFF7BA
:104CA000B1FEFB1D1A78FB1D01321A70FB1D1B782B
:104CB000062BD1D9BB1D1B781800BD4602B080BDA4
:104CC000E4120020B01200201748854600F045F895
:104CD00016481749174A002302E0D458C450043339
:104CE000C4188C42F9D3144A144C002301E0136019
:104CF0000432A242FBD312481249026800608A4281
:104D000005D000F02AF80EF0CFFD0DF07BF80E482C
:104D10000E4901600E480D4901600E4801688D463C
:104D200040680047FEE7000000400220000000202D
:104D30002C09002024B7020830090020B896012071
:104D4000F03F0220EFBEADDE401002400100000047
:104D5000000001400000FF1FFEE780B500AFC04625
:104D6000BD4680BD80B582B000AF78607B689B682F
:104D700001221A437B689A60C046BD4602B080BDDE
:104D800080B582B000AF786039607B689B6818227C
:104D900093431A003B681A437B689A60C046BD463D
:104DA00002B080BD80B582B000AF786039607B68AA
:104DB0003A685A61C046BD4602B080BD80B582B037
:104DC00000AF786039607B683A681A60C046BD46BB
:104DD00002B080BD80B584B000AF78600A00BB1C13
:104DE0001A807B68FB60FB68BA1C12881A80C04678
:104DF000BD4604B080BD80B582B000AF78607B68EE
:104E00001B689BB21800BD4602B080BD80B584B05F
:104E100000AF7860074B996B064B7A680A439A6338
:104E2000044B9B6B7A681340FB60FB68C046BD4631
:104E300004B080BD00100240B0B590B000AF0200D9
:104E4000FB1D1A701A23FB1805221A700023FB633E
:104E50000023BB6300237B6300233B630023FB62CF
:104E60000023BB6200237B6200233B620023FB61C3
:104E7000002200233A617B611B23FB1800221A7079
:104E80000E23FB1800221A8003F098FB031E02D0A9
:104E90000E2301F0FDFB03F063FAC44B01221A70EC
:104EA000C34B1A68C0239B0413400ED0C04B1A6832
:104EB000C0239B041A4080235B049A420BD1BD4B54
:104EC0001A6880239B03134005D1BB4B1B689B02D0
:104ED000BA4A134005E0B84B1B689B025B08B84A0E
:104EE0001340F722D20219001000EBF7B9F90B00BA
:104EF000DB0AFB636BE0FB6B802252029446634447
:104F0000DC02AB4B1A68C0239B0413400ED0A84BA5
:104F10001A68C0239B041A4080235B049A420BD179
:104F2000A44B1A6880239B03134005D1A24B1B6836
:104F30009B02A24A134005E09F4B1B689B025B0843
:104F40009F4A13401900F723D802EBF703F9030037
:104F50001900974B1A68C0239B0413400ED0944B42
:104F60001A68C0239B041A4080235B049A420BD129
:104F7000904B1A6880239B03134005D18E4B1B680E
:104F80009B028E4A134005E08B4B1B689B025B081B
:104F90008B4A13404B43E318BB6300237B630EE053
:104FA000BA6B7B6BD218874B1A60BA6B7B6BD318CA
:104FB0001A685B683A617B617B6B08337B637A6B51
:104FC00080231B019A42EBD3FB6B0133FB63784BCD
:104FD0001A68C0239B0413400ED0754B1A68C02377
:104FE0009B041A4080235B049A420BD1714B1A68D0
:104FF00080239B03134005D16F4B1B689B026F4AB4
:10500000134005E06C4B1B689B025B086C4A134025
:10501000F722D20219001000EBF722F90B00DB0A8D
:105020000833FA6B9A4200D265E7604B00221A708F
:105030005F4B1A68C0239B0413400ED05C4B1A6868
:10504000C0239B041A4080235B049A420BD1594B26
:105050001A6880239B03134005D1574B1B689B02A2
:10506000564A134005E0544B1B689B025B08544AA8
:105070001340F722D20219001000EBF7F1F80B00F1
:10508000DB0AFB6377E0FB6B8022520294466344A9
:10509000DC02474B1A68C0239B0413400ED0444BDC
:1050A0001A68C0239B041A4080235B049A420BD1E8
:1050B000404B1A6880239B03134005D13E4B1B686D
:1050C0009B023E4A134005E03B4B1B689B025B087A
:1050D0003B4A13401900F723D802EBF73BF80300D3
:1050E0001900334B1A68C0239B0413400ED0304B79
:1050F0001A68C0239B041A4080235B049A420BD198
:105100002C4B1A6880239B03134005D12A4B1B6844
:105110009B022A4A134005E0274B1B689B025B0851
:10512000274A13404B43E318BB631A257C19BB6B1A
:10513000180003F0C5F8030023707B191B78022BBD
:1051400003D07B191B78012B03D1FB6A0133FB626F
:105150000EE01A23FB181B78032B09D1BB6A002B26
:1051600001D1FB6B3B62FB6B7B62BB6A0133BB62B1
:10517000FB6B0133FB630E4B1A68C0239B04134087
:105180000ED00B4B1A68C0239B041A4080235B048B
:105190009A4219D1074B1A6880239B03134013D1FD
:1051A000054B1B689B02054A134013E05C2F00204F
:1051B0000075FF1F20200240E075FF1F00FC0F005C
:1051C00000FE0700582F0020BE4B1B689B025B08A7
:1051D000BD4A1340F722D20219001000EBF740F845
:1051E0000B00DB0A0833FA6B9A4200D24BE7FB6AEA
:1051F000002B00D01AE1BB6A002B00D110E1B34BA9
:105200001A68C0239B0413400ED0B04B1A68C02309
:105210009B041A4080235B049A420BD1AC4B1A6862
:1052200080239B03134005D1A64B1B689B02A94A10
:10523000134005E0A34B1B689B025B08A24A134086
:10524000F722D20219001000EBF70AF80B00DB0A74
:105250003A6AD31A0733072213401C009B4B1A6883
:10526000C0239B0413400ED0984B1A68C0239B04A4
:105270001A4080235B049A420BD1954B1A68802315
:105280009B03134005D18F4B1B689B02914A13402F
:1052900005E08C4B1B689B025B088B4A1340F7228E
:1052A000D20219001000EAF7DBFF0B00DB0AE3185B
:1052B0008022520294466344DC02844B1A68C02365
:1052C0009B0413400ED0814B1A68C0239B041A40E4
:1052D00080235B049A420BD17D4B1A6880239B0389
:1052E000134005D1774B1B689B027A4A134005E0B7
:1052F000744B1B689B025B08734A13401900F72329
:10530000D802EAF727FF03001900704B1A68C02380
:105310009B0413400ED06D4B1A68C0239B041A40A7
:1053200080235B049A420BD1694B1A6880239B034C
:10533000134005D1634B1B689B02664A134005E08E
:10534000604B1B689B025B085F4A13404B43E318AA
:10535000180002F0B5FF0300042B67D15B4B1A68FD
:10536000C0239B0413400ED0584B1A68C0239B04E3
:105370001A4080235B049A420BD1554B1A68802354
:105380009B03134005D14F4B1B689B02514A1340AE
:1053900005E04C4B1B689B025B084B4A1340F7220D
:1053A000D20219001000EAF75BFF0B00DB0A7A6AF1
:1053B000D31A0133072213401C00444B1A68C02340
:1053C0009B0413400ED0414B1A68C0239B041A4023
:1053D00080235B049A420BD13D4B1A6880239B03C8
:1053E000134005D1374B1B689B023A4A134005E036
:1053F000344B1B689B025B08334A1340F722D202EE
:1054000019001000EAF72CFF0B00DB0AE31801215A
:10541000180002F0A3FD031E08D0022301F038F9A2
:10542000002001F043F9030001F032F9274B1A681C
:10543000C0239B0413400ED0244B1A68C0239B0446
:105440001A4080235B049A420BD1214B1A688023B7
:105450009B03134005D11B4B1B689B021D4A134045
:1054600005E0184B1B689B025B08174A1340F722A4
:10547000D20219001000EAF7F3FE0B00DB0AFB630F
:105480005AE2FB6B8022520294466344DC020F4BCB
:105490001A68C0239B0413400ED00C4B1A68C0231B
:1054A0009B041A4080235B049A4215D1084B1A686A
:1054B00080239B0313400FD1024B1B689B02054ABC
:1054C00013400FE0E075FF1F00FE07000075FF1F8F
:1054D0002020024000FC0F00CD4B1B689B025B08A4
:1054E000CC4A13401900F723D802EAF733FE030031
:1054F0001900C94B1A68C0239B0413400ED0C64B39
:105500001A68C0239B041A4080235B049A420BD183
:10551000C24B1A6880239B03134005D1BC4B1B6808
:105520009B02BF4A134005E0B94B1B689B025B0816
:10553000B84A13404B43E318BB631A257C19BB6B75
:10554000180002F0BDFE030023707B191B78012BAD
:1055500000D0EEE1B04B1A68C0239B0413400ED07C
:10556000AD4B1A68C0239B041A4080235B049A4207
:105570000BD1AA4B1A6880239B03134005D1A44B7F
:105580001B689B02A64A134005E0A14B1B689B02C7
:105590005B08A04A1340F722D20219001000EAF774
:1055A0005FFE0B00DB0AFA6B9A4200D1E6E09A4BF1
:1055B0001A68C0239B0413400ED0974B1A68C0236F
:1055C0009B041A4080235B049A420BD1934B1A68C8
:1055D00080239B03134005D18D4B1B689B02904A8F
:1055E000134005E08A4B1B689B025B08894A134005
:1055F000F722D20219001000EAF732FE0B00DB0A94
:105600000433FA6B9A4200D1B8E0834B1A68C02386
:105610009B0413400ED0804B1A68C0239B041A4091
:1056200080235B049A420BD17C4B1A6880239B0336
:10563000134005D1764B1B689B02794A134005E065
:10564000734B1B689B025B08724A1340F722D2021D
:1056500019001000EAF704FE0B00DB0AFA6BD31AFC
:105660000733072213401C006B4B1A68C0239B04AE
:1056700013400ED0684B1A68C0239B041A40802345
:105680005B049A420BD1654B1A6880239B0313403D
:1056900005D15F4B1B689B02614A134005E05C4BE0
:1056A0001B689B025B085B4A1340F722D202190079
:1056B0001000EAF7D5FD0B00DB0AE3188022520246
:1056C00094466344DC02544B1A68C0239B04134085
:1056D0000ED0514B1A68C0239B041A4080235B04F0
:1056E0009A420BD14D4B1A6880239B03134005D17E
:1056F000474B1B689B024A4A134005E0444B1B681A
:105700009B025B08434A13401900F723D802EAF7CB
:1057100021FD03001900404B1A68C0239B0413406D
:105720000ED03D4B1A68C0239B041A4080235B04B3
:105730009A420BD1394B1A6880239B03134005D141
:10574000334B1B689B02364A134005E0304B1B6805
:105750009B025B082F4A13404B43E318180002F0EA
:10576000AFFD0300032B04D11B23FB1800221A708A
:10577000C5E01B23FB1801221A70C0E0264B1A68F3
:10578000C0239B0413400ED0234B1A68C0239B04F4
:105790001A4080235B049A420BD1204B1A68802365
:1057A0009B03134005D11A4B1B689B021C4A1340F4
:1057B00005E0174B1B689B025B08164A1340F72253
:1057C000D20219001000EAF74BFD0B00DB0AFA6B5E
:1057D000D31A0133072213401C000F4B1A68C02351
:1057E0009B0413400ED00C4B1A68C0239B041A4034
:1057F00080235B049A4215D1084B1A6880239B03CF
:1058000013400FD1024B1B689B02054A13400FE067
:10581000E075FF1F00FE07000075FF1F20200240FB
:1058200000FC0F00C54B1B689B025B08C44A134079
:10583000F722D20219001000EAF712FD0B00DB0A72
:10584000E3188022520294466344DC02BD4B1A687E
:10585000C0239B0413400ED0BA4B1A68C0239B048C
:105860001A4080235B049A420BD1B74B1A688023FD
:105870009B03134005D1B14B1B689B02B34A1340F5
:1058800005E0AE4B1B689B025B08AD4A1340190054
:10589000F723D802EAF75EFC03001900A94B1A6847
:1058A000C0239B0413400ED0A64B1A68C0239B0450
:1058B0001A4080235B049A420BD1A34B1A688023C1
:1058C0009B03134005D19D4B1B689B029F4A1340CD
:1058D00005E09A4B1B689B025B08994A13404B43B7
:1058E000E318180002F0ECFC031E04D11B23FB1884
:1058F00000221A7003E01B23FB1801221A701B23DD
:10590000FB181B78002B14D1FB6BDAB2904B1A708A
:1059100001220021002001F0D5FD03001A008023A0
:105920005B009A4202D00C2300F0B2FE0123FB611F
:1059300030E0FB6B0133FB63824B1A68C0239B048E
:1059400013400ED07F4B1A68C0239B041A4080235B
:105950005B049A420BD17C4B1A6880239B03134053
:1059600005D1764B1B689B02784A134005E0734BC8
:105970001B689B025B08724A1340F722D20219008F
:105980001000EAF76DFC0B00DB0A0833FA6B9A4251
:1059900000D276E500233B636A4B1A68C0239B0460
:1059A00013400ED0674B1A68C0239B041A40802313
:1059B0005B049A420BD1644B1A6880239B0313400B
:1059C00005D15E4B1B689B02604A134005E05B4BB0
:1059D0001B689B025B085A4A1340F722D202190047
:1059E0001000EAF73DFC0B00DB0AFB635EE2FB6B99
:1059F0008022520294466344DC02524B1A68C02350
:105A00009B0413400ED04F4B1A68C0239B041A40CE
:105A100080235B049A420BD14B4B1A6880239B0373
:105A2000134005D1454B1B689B02484A134005E0D3
:105A3000424B1B689B025B08414A13401900F72345
:105A4000D802EAF787FB030019003E4B1A68C0230F
:105A50009B0413400ED03B4B1A68C0239B041A4092
:105A600080235B049A420BD1374B1A6880239B0337
:105A7000134005D1314B1B689B02344A134005E0AB
:105A80002E4B1B689B025B082D4A13404B43E318C7
:105A9000BB631A257C19BB6B180002F011FC0300D4
:105AA00023707B191B78022B00D0F5E1254B1A6877
:105AB000C0239B0413400ED0224B1A68C0239B04C2
:105AC0001A4080235B049A420BD11F4B1A68802333
:105AD0009B03134005D1194B1B689B021B4A1340C3
:105AE00005E0164B1B689B025B08154A1340F72222
:105AF000D20219001000EAF7B3FB0B00DB0AFA6BC5
:105B00009A4200D1F2E00F4B1A68C0239B04134065
:105B10000ED00C4B1A68C0239B041A4080235B04F0
:105B20009A4217D1084B1A6880239B03134011D166
:105B3000024B1B689B02054A134011E0E075FF1FF2
:105B400000FE07000075FF1F2020024000FC0F0030
:105B5000562F0020CA4B1B689B025B08C94A1340A2
:105B6000F722D20219001000EAF77AFB0B00DB0AD9
:105B70000433FA6B9A4200D1B8E0C34B1A68C023D1
:105B80009B0413400ED0C04B1A68C0239B041A40DC
:105B900080235B049A420BD1BC4B1A6880239B0381
:105BA000134005D1B64B1B689B02B94A134005E070
:105BB000B34B1B689B025B08B24A1340F722D20228
:105BC00019001000EAF74CFB0B00DB0AFA6BD31A42
:105BD0000733072213401C00AB4B1A68C0239B04F9
:105BE00013400ED0A84B1A68C0239B041A40802390
:105BF0005B049A420BD1A54B1A6880239B03134088
:105C000005D19F4B1B689B02A14A134005E09C4BAA
:105C10001B689B025B089B4A1340F722D2021900C3
:105C20001000EAF71DFB0B00DB0AE318802252028A
:105C300094466344DC02944B1A68C0239B041340CF
:105C40000ED0914B1A68C0239B041A4080235B043A
:105C50009A420BD18D4B1A6880239B03134005D1C8
:105C6000874B1B689B028A4A134005E0844B1B68E4
:105C70009B025B08834A13401900F723D802EAF716
:105C800069FA03001900804B1A68C0239B04134073
:105C90000ED07D4B1A68C0239B041A4080235B04FE
:105CA0009A420BD1794B1A6880239B03134005D18C
:105CB000734B1B689B02764A134005E0704B1B68D0
:105CC0009B025B086F4A13404B43E318180002F035
:105CD000F7FA0300032B04D11B23FB1800221A70D0
:105CE000BBE01B23FB1801221A70B6E0664B1A6852
:105CF000C0239B0413400ED0634B1A68C0239B043F
:105D00001A4080235B049A420BD1604B1A688023AF
:105D10009B03134005D15A4B1B689B025C4A1340FE
:105D200005E0574B1B689B025B08564A1340F7225D
:105D3000D20219001000EAF793FA0B00DB0AFA6BA3
:105D4000D31A0133072213401C004F4B1A68C0239B
:105D50009B0413400ED04C4B1A68C0239B041A407E
:105D600080235B049A420BD1484B1A6880239B0323
:105D7000134005D1424B1B689B02454A134005E086
:105D80003F4B1B689B025B083E4A1340F722D2023E
:105D900019001000EAF764FA0B00DB0AE31880220E
:105DA000520294466344DC02374B1A68C0239B04BA
:105DB00013400ED0344B1A68C0239B041A40802332
:105DC0005B049A420BD1314B1A6880239B0313402A
:105DD00005D12B4B1B689B022D4A134005E0284B35
:105DE0001B689B025B08274A13401900F723D8025F
:105DF000EAF7B0F903001900234B1A68C0239B048B
:105E000013400ED0204B1A68C0239B041A408023F5
:105E10005B049A420BD11D4B1A6880239B031340ED
:105E200005D1174B1B689B02194A134005E0144B20
:105E30001B689B025B08134A13404B43E31818008E
:105E400002F03EFA031E04D11B23FB1800221A7035
:105E500003E01B23FB1801221A701B23FB181B787D
:105E6000002B20D13B6B002B07D1FB6BDAB2094B27
:105E70001A703B6B01333B6315E00A2300F008FC0A
:105E8000E075FF1F00FE07000075FF1F2020024085
:105E900000FC0F00562F00201A23FB181B78032B41
:105EA00001D1FB6B7B62FB6B0133FB63CD4B1A684B
:105EB000C0239B0413400ED0CA4B1A68C0239B0416
:105EC0001A4080235B049A420BD1C74B1A68802387
:105ED0009B03134005D1C54B1B689B02C44A13406A
:105EE00005E0C24B1B689B025B08C24A1340F722C5
:105EF000D20219001000EAF7B3F90B00DB0A0833ED
:105F0000FA6B9A4200D272E53B6B002B00D06BE03B
:105F10007B6ADCB2B34B1A68C0239B0413400ED0DB
:105F2000B04B1A68C0239B041A4080235B049A423A
:105F30000BD1AD4B1A6880239B03134005D1AB4BAB
:105F40001B689B02AA4A134005E0A84B1B689B02F2
:105F50005B08A84A1340F722D20219001000EAF7A2
:105F60007FF90B00DB0ADBB2E31ADBB20133DBB2F1
:105F700007221340DCB29B4B1A68C0239B041340DA
:105F80000ED0984B1A68C0239B041A4080235B04F0
:105F90009A420BD1944B1A6880239B03134005D17E
:105FA000924B1B689B02924A134005E08F4B1B6883
:105FB0009B025B088F4A1340F722D202190010009F
:105FC000EAF74EF90B00DB0ADBB2E318DAB28A4BD0
:105FD0001A70894B1B780221180001F0BFFF031EC5
:105FE00002D0022300F054FB844B00221A80844B21
:105FF00020221A6020237B636DE07F4B1B78802278
:10600000520294466344DC02764B1A68C0239B0418
:1060100013400ED0734B1A68C0239B041A40802390
:106020005B049A420BD1704B1A6880239B03134088
:1060300005D16E4B1B689B026D4A134005E06B4B0C
:106040001B689B025B086B4A13401900F723D802B8
:10605000EAF780F803001900624B1A68C0239B041A
:1060600013400ED05F4B1A68C0239B041A40802354
:106070005B049A420BD15C4B1A6880239B0313404C
:1060800005D15A4B1B689B02594A134005E0574BF8
:106090001B689B025B08574A13404B43E2187B6B1B
:1060A000D3181A685B683A617B613B69013303D19D
:1060B0007B69013300D113E0504B1B8801339AB246
:1060C0004E4B1A804E4B1B6808331A004C4B1A601B
:1060D0007B6B08337B637A6B80231B019A428CD3E2
:1060E000454B1B78FB63444B1B783B62D0E03D4B38
:1060F0001A68C0239B0413400ED03A4B1A68C02381
:106100009B041A4080235B049A420BD1364B1A68D9
:1061100080239B03134005D1344B1B689B02344AF8
:10612000134005E0314B1B689B025B08314A13406A
:10613000F722D20219001000EAF792F80B00DB0AEE
:10614000FA6BD31A0733072213401C00254B1A6839
:10615000C0239B0413400ED0224B1A68C0239B041B
:106160001A4080235B049A420BD11F4B1A6880238C
:106170009B03134005D11D4B1B689B021C4A134017
:1061800005E01A4B1B689B025B081A4A1340F72272
:10619000D20219001000EAF763F80B00DB0AE318DB
:1061A000FB63FB6B8022520294466344DC020D4B7E
:1061B0001A68C0239B0413400ED00A4B1A68C023F0
:1061C0009B041A4080235B049A421BD1064B1A6839
:1061D00080239B03134015D1044B1B689B02044A88
:1061E000134015E00075FF1F20200240E075FF1FDF
:1061F00000FC0F0000FE0700562F0020542F002047
:10620000D4010020C44B1B689B025B08C34A1340A7
:106210001900F723D802E9F79DFF03001900C04BCE
:106220001A68C0239B0413400ED0BD4B1A68C023CC
:106230009B041A4080235B049A420BD1B94B1A6825
:1062400080239B03134005D1B34B1B689B02B64AC6
:10625000134005E0B04B1B689B025B08AF4A13403C
:106260004B43E3181A257C19180002F029F80300A3
:1062700023707B191B78032B08D1AC4B1B88FC3394
:106280009AB2AA4B1A80FB6B3B6201E00A23FFE142
:10629000A34B1A68C0239B0413400ED0A04B1A686E
:1062A000C0239B041A4080235B049A420BD19D4B70
:1062B0001A6880239B03134005D1974B1B689B02F0
:1062C000994A134005E0944B1B689B025B08934A74
:1062D0001340F722D20219001000E9F7C1FF0B00AA
:1062E000DB0AFA6B9A422DD08D4B1A68C0239B04AF
:1062F00013400ED08A4B1A68C0239B041A40802397
:106300005B049A420BD1874B1A6880239B0313408E
:1063100005D1814B1B689B02834A134005E07E4BED
:106320001B689B025B087D4A1340F722D2021900CA
:106330001000E9F795FF0B00DB0A0433FA6B9A4271
:1063400000D0D4E67A4B1B781C00754B1A68C0232A
:106350009B0413400ED0724B1A68C0239B041A4052
:1063600080235B049A420BD16E4B1A6880239B03F7
:10637000134005D1684B1B689B026B4A134005E034
:10638000654B1B689B025B08644A1340F722D202EC
:1063900019001000E9F764FF0B00DB0AE31A013370
:1063A000072213401C005E4B1A68C0239B04134055
:1063B0000ED05B4B1A68C0239B041A4080235B04F9
:1063C0009A420BD1574B1A6880239B03134005D187
:1063D000514B1B689B02544A134005E04E4B1B680F
:1063E0009B025B084D4A1340F722D20219001000AD
:1063F000E9F736FF0B00DB0AE318FB63FB6B802237
:10640000520294466344DC02454B1A68C0239B0445
:1064100013400ED0424B1A68C0239B041A408023BD
:106420005B049A420BD13F4B1A6880239B031340B5
:1064300005D1394B1B689B023B4A134005E0364BA4
:106440001B689B025B08354A13401900F723D802EA
:10645000E9F780FE03001900314B1A68C0239B0442
:1064600013400ED02E4B1A68C0239B041A40802381
:106470005B049A420BD12B4B1A6880239B03134079
:1064800005D1254B1B689B02274A134005E0224B90
:106490001B689B025B08214A13404B43E318BB6314
:1064A000D9E0FB1D1B78002B08D1FB6B01211800E4
:1064B00001F0A6FF031E14D00123E9E080231A0196
:1064C000BB6B1100180000F0B4FD0300102B08D1C5
:1064D000FB6B0121180001F093FF031E01D0012383
:1064E000D6E00F4B1A68C0239B0413400ED00C4B10
:1064F0001A68C0239B041A4080235B049A4219D176
:10650000084B1A6880239B03134013D1024B1B686E
:106510009B02054A134013E0E075FF1F00FE0700D1
:106520000075FF1F2020024000FC0F00542F0020A8
:10653000562F0020584B1B689B025B08574A13409C
:10654000F722D20219001000E9F78AFE0B00DB0ADD
:10655000FA6BD31A0133072213401C00504B1A6800
:10656000C0239B0413400ED04D4B1A68C0239B04DC
:106570001A4080235B049A420BD14A4B1A6880234D
:106580009B03134005D1444B1B689B02464A1340B2
:1065900005E0414B1B689B025B08404A1340F72211
:1065A000D20219001000E9F75BFE0B00DB0AE318CA
:1065B000FB63FB6B8022520294466344DC02384B3F
:1065C0001A68C0239B0413400ED0354B1A68C023B1
:1065D0009B041A4080235B049A420BD1314B1A680A
:1065E00080239B03134005D12B4B1B689B022E4A33
:1065F000134005E0284B1B689B025B08274A1340A9
:106600001900F723D802E9F7A5FD03001900244B70
:106610001A68C0239B0413400ED0214B1A68C02374
:106620009B041A4080235B049A420BD11D4B1A68CD
:1066300080239B03134005D1174B1B689B021A4A0A
:10664000134005E0144B1B689B025B08134A134080
:106650004B43E318BB63FA6B3B6A9A4200D020E7D6
:1066600001F05EFFFB69002B11D10E257C19002182
:10667000002001F09DFB030023807B191B88002B69
:1066800005D07B191B88122B01D0022300E00023C8
:106690001800BD4610B0B0BDE075FF1F00FE07003A
:1066A0000075FF1F2020024000FC0F0090B585B050
:1066B00000AF0200FB1D1A700023FB6001F07EFF9B
:1066C000031E01D00E2331E19A4B1A68C0239B04AC
:1066D00013400ED0974B1A68C0239B041A408023A6
:1066E0005B049A420BD1944B1A6880239B0313409E
:1066F00005D1924B1B689B02914A134005E08F4BDA
:106700001B689B025B088F4A1340F722D2021900D4
:106710001000E9F7A5FD0B00DB0AFB6072E0FB1D32
:106720001B78002B08D1FB680121180001F068FEDE
:10673000031E64D00123F9E0FB68802252029446D4
:106740006344DC027B4B1A68C0239B0413400ED0C9
:10675000784B1A68C0239B041A4080235B049A423A
:106760000BD1754B1A6880239B03134005D1734BE3
:106770001B689B02724A134005E0704B1B689B022A
:106780005B08704A13401900F723D802E9F7E2FCCE
:1067900003001900674B1A68C0239B0413400ED0F6
:1067A000644B1A68C0239B041A4080235B049A42FE
:1067B0000BD1614B1A6880239B03134005D15F4BBB
:1067C0001B689B025E4A134005E05C4B1B689B0202
:1067D0005B085C4A13404B43E3188022120111000E
:1067E000180000F026FC0300102B08D1FB680121E3
:1067F000180001F005FE031E01D0012396E0FB689E
:106800000133FB604B4B1A68C0239B0413400ED02E
:10681000484B1A68C0239B041A4080235B049A42A9
:106820000BD1454B1A6880239B03134005D1434B82
:106830001B689B02424A134005E0404B1B689B02C9
:106840005B08404A1340F722D20219001000E9F712
:1068500007FD0B00DB0A0833FA689A4200D25EE7B4
:1068600001F05EFE334B1A68C0239B0413400ED028
:10687000304B1A68C0239B041A4080235B049A4261
:106880000BD12D4B1A6880239B03134005D12B4B52
:106890001B689B022A4A134005E0284B1B689B0299
:1068A0005B08284A1340F722D20219001000E9F7CA
:1068B000D7FC0B00DB0A0221180001F04FFB031E7E
:1068C00001D0022332E0204B00221A80194B1A68B3
:1068D000C0239B0413400ED0164B1A68C0239B04A0
:1068E0001A4080235B049A420BD1134B1A68802311
:1068F0009B03134005D1114B1B689B02104A1340A8
:1069000005E00E4B1B689B025B080E4A1340F72202
:10691000D20219001000E9F7A3FC0B00DB0ADAB27F
:106920000A4B1A700A4B20221A6000231800BD4639
:1069300005B090BD0075FF1F20200240E075FF1FCD
:1069400000FC0F0000FE0700542F0020562F0020EF
:10695000D4010020B0B584B000AF02003960BB1D87
:106960001A80BB1D1B88002B1CD0BB1D1B88104A26
:10697000934217D00023BB600E257B1900221A809A
:106980007C190823FA18BB1D1B881100180000F0A1
:1069900087F903002380BB689AB23B681A807B1991
:1069A0001B8800E008231800BD4604B0B0BDC046F7
:1069B000FFFF000080B582B000AF0200BB1D1A804F
:1069C0003B1D0A1C1A80BB1D1B88002B0ED0BB1D53
:1069D0001B88094A934209D03B1D1A88BB1D1B889E
:1069E0001100180000F0FCFA030000E00823180072
:1069F000BD4602B080BDC046FFFF000090B587B025
:106A000000AF00237B6100233B610023FB60002378
:106A1000BB60FB1D05221A70BB1D05221A709B4B23
:106A20001A68C0239B0413400ED0984B1A68C023E9
:106A30009B041A4080235B049A420BD1944B1A6842
:106A400080239B03134005D1924B1B689B02924A03
:106A5000134005E08F4B1B689B025B088F4A134075
:106A6000F722D20219001000E9F7FAFB0B00DB0A4B
:106A70007B61D8E07B698022520294466344DC0249
:106A8000824B1A68C0239B0413400ED07F4B1A68B8
:106A9000C0239B041A4080235B049A420BD17C4B99
:106AA0001A6880239B03134005D17A4B1B689B0215
:106AB000794A134005E0774B1B689B025B08774AD5
:106AC00013401900F723D802E9F744FB030019002B
:106AD0006E4B1A68C0239B0413400ED06B4B1A6890
:106AE000C0239B041A4080235B049A420BD1684B5D
:106AF0001A6880239B03134005D1664B1B689B02D9
:106B0000654A134005E0634B1B689B025B08634AC0
:106B100013404B43E318FB60FC1DFB68180001F0B9
:106B2000CFFB03002370FB1D1B78042B00D077E004
:106B30007B6901333B6161E03B69802252029446EC
:106B40006344DC02514B1A68C0239B0413400ED0EF
:106B50004E4B1A68C0239B041A4080235B049A4260
:106B60000BD14B4B1A6880239B03134005D1494B33
:106B70001B689B02484A134005E0464B1B689B027A
:106B80005B08464A13401900F723D802E9F7E2FAF6
:106B9000030019003D4B1A68C0239B0413400ED01C
:106BA0003A4B1A68C0239B041A4080235B049A4224
:106BB0000BD1374B1A6880239B03134005D1354B0B
:106BC0001B689B02344A134005E0324B1B689B0252
:106BD0005B08324A13404B43E318BB60BC1DBB68E3
:106BE000180001F06DFB03002370BB1D1B78042B04
:106BF00001D0052346E03B6901333B617B690433E7
:106C00003A699A4298D37B690421180001F0F8FB95
:106C1000031E01D0012335E001F082FC002331E0A6
:106C20007B6904337B61194B1A68C0239B041340B2
:106C30000ED0164B1A68C0239B041A4080235B04B5
:106C40009A420BD1124B1A6880239B03134005D143
:106C5000104B1B689B02104A134005E00D4B1B684C
:106C60009B025B080D4A1340F722D2021900100064
:106C7000E9F7F6FA0B00DB0A08337A699A4200D288
:106C8000F8E605231800BD4607B090BD0075FF1F4C
:106C900020200240E075FF1F00FC0F0000FE0700EF
:106CA000F0B58FB000AF020039611623FB181A80CF
:106CB000002200233A627B6200237B6300233B6354
:106CC0000023FB620023FB611B2310229B18DB19AE
:106CD00005221A70002000F0D3F903007B637B6B60
:106CE000013301D103236CE17B6B80225202944675
:106CF0006344DE02B54B1A68C0239B0413400ED0D8
:106D0000B24B1A68C0239B041A4080235B049A424A
:106D10000BD1AF4B1A6880239B03134005D1AD4BB9
:106D20001B689B02AC4A134005E0AA4B1B689B0200
:106D30005B08AA4A13401900F723D802E9F70AFAB8
:106D400003001900A14B1A68C0239B0413400ED006
:106D50009E4B1A68C0239B041A4080235B049A420E
:106D60000BD19B4B1A6880239B03134005D1994B91
:106D70001B689B02984A134005E0964B1B689B02D8
:106D80005B08964A13404B43F3183B631B231022C6
:106D90009B18DE193B6B180001F092FA0300337068
:106DA000FAE0FF23DB00FB623DE03A6BFB6AD3189D
:106DB0001A685B683A627B623B6A013302D17B6A84
:106DC00001332DD03A6A7B6A131C9BB21622BA1883
:106DD00012889A4224D17B6A1B00BB600023FB60AF
:106DE000B8683A6A7B6A131C9BB2190001F0D2FAA8
:106DF0000300FB617B6A1B043A6A140C1C437B6A28
:106E00001D0CA3B21A00FB69934209D17B6A1B00D7
:106E10003B6000237B603A683B691A600023D0E046
:106E2000FB6A083BFB62FB6A1F2BBED8674B1A68E4
:106E3000C0239B0413400ED0644B1A68C0239B04EC
:106E40001A4080235B049A420BD1614B1A6880235D
:106E50009B03134005D15F4B1B689B025E4A1340A6
:106E600005E05C4B1B689B025B085C4A1340F72201
:106E7000D20219001000E9F7F3F90B00DB0A7A6B74
:106E8000D31A0733072213401E00504B1A68C02341
:106E90009B0413400ED04D4B1A68C0239B041A402C
:106EA00080235B049A420BD1494B1A6880239B03D1
:106EB000134005D1474B1B689B02474A134005E02E
:106EC000444B1B689B025B08444A1340F722D202E2
:106ED00019001000E9F7C4F90B00DB0AF3187B6313
:106EE0007B6B8022520294466344DE02374B1A6861
:106EF000C0239B0413400ED0344B1A68C0239B045C
:106F00001A4080235B049A420BD1314B1A688023CC
:106F10009B03134005D12F4B1B689B022E4A134045
:106F200005E02C4B1B689B025B082C4A13401900A0
:106F3000F723D802E9F70EF903001900234B1A686A
:106F4000C0239B0413400ED0204B1A68C0239B041F
:106F50001A4080235B049A420BD11D4B1A68802390
:106F60009B03134005D11B4B1B689B021A4A13401D
:106F700005E0184B1B689B025B08184A13404B4303
:106F8000F3183B631B2310229B18DE193B6B180080
:106F900001F096F9030033701B2210215318DB19FE
:106FA0001B78022B00D1FCE65318DB191B78032B4E
:106FB00000D1F6E65318DB191B78042B00D1F0E65C
:106FC00007231800BD460FB0F0BDC0460075FF1F77
:106FD00020200240E075FF1F00FC0F0000FE0700AC
:106FE000B0B584B000AF02003960BB1D1A800E2519
:106FF0007B1900221A807C193A68BB1D1B8811007E
:10700000180000F0D5FE030023807B191B88122B8B
:1070100008D13968BB1D1B880022180000F052FA05
:10702000030002E00E23FB181B881800BD4604B0C5
:10703000B0BD80B584B000AF786039600E23FB1816
:1070400011221A800023BB600FE07A68BB68D31856
:107050001A685B68511C01D1013303D00E23FB1861
:1070600010221A80BB680833BB60BA683B689A423A
:10707000EBD30E23FB181B881800BD4604B080BD5F
:1070800090B587B000AF0200FB1D1A701723FB18E4
:1070900005221A701623FB1805221A7000233B6183
:1070A0000023FB600023BB60CB4B1B783B613B693B
:1070B0008022520294466344DC02C84B1A68C02303
:1070C0009B0413400ED0C54B1A68C0239B041A4082
:1070D00080235B049A420BD1C14B1A6880239B0327
:1070E000134005D1BF4B1B689B02BF4A134005E00C
:1070F000BC4B1B689B025B08BC4A13401900F7237A
:10710000D802E9F727F803001900B44B1A68C02326
:107110009B0413400ED0B14B1A68C0239B041A4045
:1071200080235B049A420BD1AD4B1A6880239B03EA
:10713000134005D1AB4B1B689B02AB4A134005E0E3
:10714000A84B1B689B025B08A84A13404B43E318FB
:107150001722BC18180001F0B3F8030023709F4BEE
:107160001A68C0239B0413400ED09C4B1A68C0239E
:107170009B041A4080235B049A420BD1984B1A68F7
:1071800080239B03134005D1964B1B689B02964AB4
:10719000134005E0934B1B689B025B08934A134026
:1071A000F722D20219001000E9F75AF80B00DB0AA7
:1071B0003A69D31A0133072213401C00874B1A681F
:1071C000C0239B0413400ED0844B1A68C0239B0439
:1071D0001A4080235B049A420BD1814B1A688023AA
:1071E0009B03134005D17F4B1B689B027E4A1340D3
:1071F00005E07C4B1B689B025B087C4A1340F7222E
:10720000D20219001000E9F72BF80B00DB0AE31893
:10721000FB60FB688022520294466344DC026F4BA1
:107220001A68C0239B0413400ED06C4B1A68C0230D
:107230009B041A4080235B049A420BD1684B1A6866
:1072400080239B03134005D1664B1B689B02664A53
:10725000134005E0634B1B689B025B08634A1340C5
:107260001900F723D802E8F775FF030019005B4BFC
:107270001A68C0239B0413400ED0584B1A68C023D1
:107280009B041A4080235B049A420BD1544B1A682A
:1072900080239B03134005D1524B1B689B02524A2B
:1072A000134005E04F4B1B689B025B084F4A13409D
:1072B0004B43E3181622BC18180001F001F8030034
:1072C0002370464B1A68C0239B0413400ED0434BD7
:1072D0001A68C0239B041A4080235B049A420BD196
:1072E0003F4B1A6880239B03134005D13D4B1B681D
:1072F0009B023D4A134005E03A4B1B689B025B082A
:107300003A4A1340F722D20219001000E8F7A8FF0A
:107310000B00DB0A3A69D31A0733072213401C001B
:107320002E4B1A68C0239B0413400ED02B4B1A68B7
:10733000C0239B041A4080235B049A420BD1284B44
:107340001A6880239B03134005D1264B1B689B02C0
:10735000254A134005E0234B1B689B025B08234A28
:107360001340F722D20219001000E8F779FF0B0052
:10737000DB0AE318BB60FB1D1B78022B00D18EE0FB
:1073800000DD96E0002B00D178E0012B00D090E0EA
:107390001723FB181B78022B3BD1154B1A6880234F
:1073A0001B019A4201D23B6985E01623FB181B782A
:1073B000042B06D1FFF722FB031E02D001235B4200
:1073C00079E03B690321180000F0C8FD031E11D0CD
:1073D00001235B426FE0C046562F00200075FF1F5F
:1073E00020200240E075FF1F00FC0F0000FE070098
:1073F000D4010020FB680221180000F0AFFD031E3D
:1074000002D001235B4256E02D4B20221A60FB681C
:1074100051E01723FB181B78012B2CD1284B1A683D
:1074200080231B019A4201D23B6944E01623FB18DA
:107430001B78042B06D1FFF7E1FA031E02D00123CB
:107440005B4238E03B690321180000F087FD031E12
:1074500002D001235B422EE0FB680121180000F0FE
:107460007DFD031E02D001235B4224E0144B202249
:107470001A60FB681FE001235B421CE01723FB1826
:107480001B78022B01D13B6915E01723FB181B78F1
:10749000012B01D1BB680EE001235B420BE01623F8
:1074A000FB181B78002B01D1FB6804E001235B4231
:1074B00001E001235B421800BD4607B090BDC04605
:1074C000D4010020B0B58AB000AF39601100BB1DF7
:1074D000021C1A807B1D0A1C1A702723FB18052228
:1074E0001A700023BB6100233B620023FB61002272
:1074F00000233A617B610E23FB1800221A800023CF
:10750000BB607B1D1B78002B01D1022300E001230F
:107510001800FFF7B5FD03003B623B6A013302D15F
:10752000042300F032FCCC4B00221A803B6ADAB212
:10753000CA4B1A70CA4B20221A607B1D1B78002B85
:1075400009D13B6A0121180000F008FD031E02D09A
:10755000022300F01AFCC34B1A68C0239B0413409B
:107560000ED0C04B1A68C0239B041A4080235B04D2
:107570009A420BD1BC4B1A6880239B03134005D160
:10758000BA4B1B689B02BA4A134005E0B74B1B6815
:107590009B025B08B74A1340F722D2021900100081
:1075A000E8F75EFE0B00DB0A3A6AD31A07330722BC
:1075B00013401C00AB4B1A68C0239B0413400ED031
:1075C000A84B1A68C0239B041A4080235B049A428C
:1075D0000BD1A54B1A6880239B03134005D1A34B05
:1075E0001B689B02A24A134005E0A04B1B689B024C
:1075F0005B08A04A1340F722D20219001000E8F7F6
:107600002FFE0B00DB0AE3183B623B6A802252022A
:1076100094466344DC02934B1A68C0239B041340D6
:107620000ED0904B1A68C0239B041A4080235B0441
:107630009A420BD18C4B1A6880239B03134005D1CF
:107640008A4B1B689B028A4A134005E0874B1B68E4
:107650009B025B08874A13401900F723D802E8F71A
:1076600079FD030019007F4B1A68C0239B04134067
:107670000ED07C4B1A68C0239B041A4080235B0405
:107680009A420BD1784B1A6880239B03134005D193
:10769000764B1B689B02764A134005E0734B1B68D0
:1076A0009B025B08734A13404B43E318BB612725D9
:1076B0007C19BB69180000F003FE030023707B19DE
:1076C0001B78022B04D07B191B78042B00D0A1E17E
:1076D0002723FB181B78022B09D13B6A04211800D1
:1076E00000F03CFC031E02D0022300F04EFB5D4B79
:1076F0001A68C0239B0413400ED05A4B1A68C0234B
:107700009B041A4080235B049A420BD1564B1A68A3
:1077100080239B03134005D1544B1B689B02544AA2
:10772000134005E0514B1B689B025B08514A134014
:10773000F722D20219001000E8F792FD0B00DB0AD5
:107740003A6AD31A0733072213401C00454B1A68C4
:10775000C0239B0413400ED0424B1A68C0239B04E5
:107760001A4080235B049A420BD13F4B1A68802356
:107770009B03134005D13D4B1B689B023C4A1340C1
:1077800005E03A4B1B689B025B083A4A1340F7221C
:10779000D20219001000E8F763FD0B00DB0AE318C2
:1077A0003B623B6A8022520294466344DC022D4BCA
:1077B0001A68C0239B0413400ED02A4B1A68C023BA
:1077C0009B041A4080235B049A420BD1264B1A6813
:1077D00080239B03134005D1244B1B689B02244A42
:1077E000134005E0214B1B689B025B08214A1340B4
:1077F0001900F723D802E8F7ADFC03001900194B74
:107800001A68C0239B0413400ED0164B1A68C0237D
:107810009B041A4080235B049A420BD1124B1A68D6
:1078200080239B03134005D1104B1B689B02104A19
:10783000134005E00D4B1B689B025B080D4A13408B
:107840004B43E318BB612723FC18BB69180000F009
:1078500037FD03002370D1E0542F0020562F002065
:10786000D40100200075FF1F20200240E075FF1F9B
:1078700000FC0F0000FE07002723FB181B78032BDA
:1078800008D13B6A0421180000F068FB031E01D0F8
:1078900002237AE2CA4B1A68C0239B0413400ED01D
:1078A000C74B1A68C0239B041A4080235B049A428A
:1078B0000BD1C44B1A6880239B03134005D1C24BE4
:1078C0001B689B02C14A134005E0BF4B1B689B022B
:1078D0005B08BF4A1340F722D20219001000E8F7F4
:1078E000BFFC0B00DB0A3A6AD31A073307221340A6
:1078F0001C00B34B1A68C0239B0413400ED0B04B3E
:107900001A68C0239B041A4080235B049A420BD15F
:10791000AC4B1A6880239B03134005D1AA4B1B680C
:107920009B02AA4A134005E0A74B1B689B025B0819
:10793000A74A1340F722D20219001000E8F790FC82
:107940000B00DB0AE3183B623B6A8022520294463A
:107950006344DC029A4B1A68C0239B0413400ED088
:10796000974B1A68C0239B041A4080235B049A42F9
:107970000BD1944B1A6880239B03134005D1924B83
:107980001B689B02914A134005E08F4B1B689B02CA
:107990005B088F4A13401900F723D802E8F7DAFB97
:1079A00003001900864B1A68C0239B0413400ED0B5
:1079B000834B1A68C0239B041A4080235B049A42BD
:1079C0000BD1804B1A6880239B03134005D17E4B5B
:1079D0001B689B027D4A134005E07B4B1B689B02A2
:1079E0005B087B4A13404B43E318BB612723FC1819
:1079F000BB69180000F064FC030023702722BB1849
:107A00001B78032B00D137E7BB181B78042B00D160
:107A100032E70AE07B1D1B78012B04D12723FB18DA
:107A20001B78032B01D00A23AFE17B1D1B78012BB0
:107A300000D050E12023FB616DE0664B1B78802273
:107A4000520294466344DC025D4B1A68C0239B04D7
:107A500013400ED05A4B1A68C0239B041A4080234F
:107A60005B049A420BD1574B1A6880239B03134047
:107A700005D1554B1B689B02544A134005E0524BFD
:107A80001B689B025B08524A13401900F723D80277
:107A9000E8F760FB03001900494B1A68C0239B04F8
:107AA00013400ED0464B1A68C0239B041A40802313
:107AB0005B049A420BD1434B1A6880239B0313400B
:107AC00005D1414B1B689B02404A134005E03E4BE9
:107AD0001B689B025B083E4A13404B43E218FB695C
:107AE000D3181A685B683A617B613B69013303D143
:107AF0007B69013300D113E0374B1B8801339AB205
:107B0000354B1A80354B1B6808331A00334B1A600B
:107B1000FB690833FB61FA6980231B019A428CD30D
:107B20002C4B1B783B620023FB61CEE0244B1A6890
:107B3000C0239B0413400ED0214B1A68C0239B0422
:107B40001A4080235B049A420BD11E4B1A68802393
:107B50009B03134005D11C4B1B689B021B4A13401F
:107B600005E0194B1B689B025B08194A1340F7227A
:107B7000D20219001000E8F773FB0B00DB0A3A6A27
:107B8000D31A0733072213401C000D4B1A68C02379
:107B90009B0413400ED00A4B1A68C0239B041A4062
:107BA00080235B049A421BD1064B1A6880239B03F7
:107BB000134015D1044B1B689B02044A134015E087
:107BC0000075FF1F20200240E075FF1F00FC0F0022
:107BD00000FE0700562F0020542F0020D401002063
:107BE0006C4B1B689B025B086B4A1340F722D20266
:107BF00019001000E8F734FB0B00DB0AE3183B62C6
:107C00003B6A8022520294466344DC02634B1A684A
:107C1000C0239B0413400ED0604B1A68C0239B0402
:107C20001A4080235B049A420BD15D4B1A68802373
:107C30009B03134005D1574B1B689B02594A1340C5
:107C400005E0544B1B689B025B08534A1340190024
:107C5000F723D802E8F77EFA030019004F4B1A68A1
:107C6000C0239B0413400ED04C4B1A68C0239B04C6
:107C70001A4080235B049A420BD1494B1A68802337
:107C80009B03134005D1434B1B689B02454A13409D
:107C900005E0404B1B689B025B083F4A13404B4387
:107CA000E31827257C19180000F00AFB0300237055
:107CB0007B191B78032B0DD13B4B1B88FC339AB2ED
:107CC000394B1A80FB690133FB61FB69072B00D834
:107CD0002CE700E0C0463A68BB1D1B881100180065
:107CE00000F066F8031E01D002234EE02E4B1B88E5
:107CF000022B03D92C4B1B88023B00E00123FB61C4
:107D000032E0BB1D1B88FA699A422AD0FB699BB2FC
:107D10000E257C190822BA1811001800FEF7C0FFC2
:107D20000300238029007B181B88002B11D1FB69DD
:107D30009BB2BA680D007C181100180000F038F8EA
:107D4000030023807B191B88002B0AD07B191B881A
:107D50001BE00E22BB181B88072B02D0BB181B8808
:107D600013E0FB690133FB61FA69FA239B009A4235
:107D7000C7D90E4B1B780221180000F0EFF8031E44
:107D800001D0022301E080235B001800BD460AB049
:107D9000B0BDC046E075FF1F00FE07000075FF1F65
:107DA0002020024000FC0F00542F0020562F0020FE
:107DB000F0B591B000AF0300B9622E22BA1813805B
:107DC0000023FB635E4B1A88FC239B009A4201D37D
:107DD0001223B1E00120FFF753F90300BB63002336
:107DE0007B63BB6B013301D10323A5E0BB6B802216
:107DF000520294466344DE02524B1A68C0239B042D
:107E000013400ED04F4B1A68C0239B041A408023A6
:107E10005B049A420BD14C4B1A6880239B0313409E
:107E200005D14A4B1B689A02494B134005E0474B6A
:107E30001B689B025A08474B13401900F723D802CE
:107E4000E8F788F9030019003E4B1A68C0239B0429
:107E500013400ED03B4B1A68C0239B041A4080236A
:107E60005B049A420BD1384B1A6880239B03134062
:107E700005D1364B1B689A02354B134005E0334B56
:107E80001B689B025A08334B13404B43F3187B6328
:107E9000BB6A002B07D12E23FB181B88002B02D1B5
:107EA0000023FB6309E02E23FB181A88BB6A11002C
:107EB000180000F06FFA0300FB63274B1A687B6B16
:107EC000D118BB6ABB610023FB61BB691B007B62ED
:107ED00000233B62FB6B1B043B6100237B61386A20
:107EE0003A697B69160030430400786A184305003C
:107EF0002E23FB181B889BB2BB600023FB60BA6873
:107F0000FB681000204338602B437B603A687B6835
:107F1000080000F063FA031E01D002230CE00E4BB0
:107F20001B6808331A000C4B1A60054B1B88013381
:107F30009AB2034B1A8000231800BD4611B0F0BD61
:107F4000542F00200075FF1F20200240E075FF1F06
:107F500000FC0F0000FE0700D401002090B587B0A0
:107F600000AF78600A00FB1C1A7000237B610023BD
:107F70003B610023FB600023BB607B6880225202D0
:107F800094466344DC02C44B1A68C0239B0413402C
:107F90000ED0C14B1A68C0239B041A4080235B0497
:107FA0009A420BD1BD4B1A6880239B03134005D125
:107FB000BB4B1B689B02BB4A134005E0B84B1B68D8
:107FC0009B025B08B84A13401900F723D802E8F770
:107FD000C1F803001900B04B1A68C0239B0413407A
:107FE0000ED0AD4B1A68C0239B041A4080235B045B
:107FF0009A420BD1A94B1A6880239B03134005D1E9
:10800000A74B1B689B02A74A134005E0A44B1B68C3
:108010009B025B08A44A13404B43E3187B617B68D7
:108020008022520294466344DC029B4B1A68C023B0
:108030009B0413400ED0984B1A68C0239B041A402F
:1080400080235B049A420BD1944B1A6880239B03D4
:10805000134005D1924B1B689B02924A134005E0E6
:108060008F4B1B689B025B088F4A13401900F72354
:10807000D802E8F76FF803001900874B1A68C0238D
:108080009B0413400ED0844B1A68C0239B041A40F3
:1080900080235B049A420BD1804B1A6880239B0398
:1080A000134005D17E4B1B689B027E4A134005E0BE
:1080B0007B4B1B689B025B087B4A13404B43E318D6
:1080C00008333B617B688022520294466344DC02A1
:1080D000714B1A68C0239B0413400ED06E4B1A6874
:1080E000C0239B041A4080235B049A420BD16B4B44
:1080F0001A6880239B03134005D1694B1B689B02C0
:10810000684A134005E0664B1B689B025B08664AA1
:1081100013401900F723D802E8F71CF803001900F0
:108120005D4B1A68C0239B0413400ED05A4B1A684B
:10813000C0239B041A4080235B049A420BD1574B07
:108140001A6880239B03134005D1554B1B689B0283
:10815000544A134005E0524B1B689B025B08524A8D
:1081600013404B43E3181033FB607B6880225202BC
:1081700094466344DC02484B1A68C0239B041340B6
:108180000ED0454B1A68C0239B041A4080235B0421
:108190009A420BD1414B1A6880239B03134005D1AF
:1081A0003F4B1B689B023F4A134005E03C4B1B685A
:1081B0009B025B083C4A13401900F723D802E7F7FB
:1081C000C9FF03001900344B1A68C0239B041340F5
:1081D0000ED0314B1A68C0239B041A4080235B04E5
:1081E0009A420BD12D4B1A6880239B03134005D173
:1081F0002B4B1B689B022B4A134005E0284B1B6846
:108200009B025B08284A13404B43E3181833BB60BA
:10821000FB1C1B78042B30D039DC032B23D036DC3D
:10822000012B02D0022B0FD031E0204A1F4B79697D
:10823000080000F0D3F8031E01D002233CE07B6865
:10824000DAB21B4B1A7036E0184A184B396908002D
:1082500000F0C4F8031E01D002232DE07B68DAB2DF
:10826000134B1A7027E0114A104BF968080000F010
:10827000B5F8031E0DD002231EE00C4A0B4BB96863
:10828000080000F0ABF8031E14D0022314E0C0462F
:1082900011E0C0460FE0C0460075FF1F20200240DD
:1082A000E075FF1F00FC0F0000FE0700AAAAAAAAA3
:1082B000562F0020C04600231800BD4607B090BDD1
:1082C00080B58AB000AF7860002200233A627B62FA
:1082D00000220023BA61FB61002200233A617B6126
:1082E00000220023BA60FB607B681A685B683A6210
:1082F0007B627B6808331A685B68BA61FB617B68E4
:1083000010331A685B683A617B617B6818331A68BE
:108310005B68BA60FB60BB68013302D1FB68013364
:1083200001D0042318E03B69013302D17B6901339A
:1083300001D0032310E0BB69013302D1FB69013393
:1083400001D0022308E03B6A013302D17B6A01338A
:1083500001D0012300E000231800BD460AB080BD13
:1083600080B500AF80235B011800FCF74FFD074A82
:10837000074B11001800FCF715FD054B08211800EC
:10838000FCF7FEFCC046BD4680BDC046058000002F
:108390000030024080B582B000AF78600A00BB1C9C
:1083A0001A800D4B1800FCF7DDFC7B680A4A1900A7
:1083B0001000FCF703FDBB1C1B88074A19001000C6
:1083C000FCF708FD044B1800FCF715FD030018002E
:1083D000BD4602B080BDC0460030024080B584B0CA
:1083E00000AFF8603A607B603A687B68F96801200A
:1083F00005F048FA03001800BD4604B080BD000037
:1084000090B58BB000AF78600A00BB1C1A802623A1
:10841000FB1800221A800023FB607B688022520236
:1084200094466344DC02394B1A68C0239B04134012
:108430000ED0364B1A68C0239B041A4080235B047D
:108440009A420BD1324B1A6880239B03134005D10B
:10845000304B1B689B02304A134005E02D4B1B68D4
:108460009B025B082D4A13401900F723D802E7F757
:1084700071FE03001900254B1A68C0239B041340AA
:108480000ED0224B1A68C0239B041A4080235B0441
:108490009A420BD11E4B1A6880239B03134005D1CF
:1084A0001C4B1B689B021C4A134005E0194B1B68C0
:1084B0009B025B08194A13404B43E318180000F075
:1084C00035F803003B6210217B183A6A5A607B182A
:1084D00002221A60BB1C1A887B18DA607B187A6843
:1084E0009A600C23FA187B181100180005F0CCFADA
:1084F000031E03D02623FB1801221A802623FB1813
:108500001B881800BD460BB090BDC0460075FF1F0C
:1085100020200240E075FF1F00FC0F0000FE070056
:1085200080B500AFC046BD4680BD000080B584B0B8
:1085300000AF78600023FB601B4B1A68C0239B04CC
:1085400013400ED0184B1A68C0239B041A40802396
:108550005B049A420FD1154B1A6880239B0313408A
:1085600009D1134B1B689B02124A1340802212054B
:108570009446634409E00E4B1B689B025B080E4A5D
:10858000134080221205944663447A68934202D9CC
:108590000423FB6002E080231B02FB60FB681800E1
:1085A000BD4604B080BDC0460075FF1F20200240BC
:1085B000E075FF1F00FC0F0000FE070080B582B0D1
:1085C00000AFBB1D00221A80BB1D1B881800BD46D2
:1085D00002B080BD80B582B000AFEFF305837B6051
:1085E0007B685A1E9341DBB21800BD4602B080BDC5
:1085F00080B500AF01F0A4FD00231800BD4680BD8A
:1086000080B584B000AF78607B68FB60FB68002BAE
:1086100001D0FB6800E00123180001F069FC002391
:108620001800BD4604B080BD80B584B000AF78604E
:1086300039603B68012B11D103220021012000F099
:1086400056FE0300FB60FB68002B05D0F868002392
:108650000022002100F0B3FEFB6806E03B683A68A8
:108660001100180000F093FE03001800BD4604B08E
:1086700080BD000080B584B000AF78603960002311
:10868000BB607B68002B01D1802336E00023FB60B8
:108690003B68013303D101235B42FB6009E03B6887
:1086A000002B06D03B68FB60FB68002B01D1012347
:1086B000FB60FFF78FFF031E13D00823FA187B68B7
:1086C0000021180001F0FEF80300012B01D0FF2368
:1086D00013E0BB68002B0FD00A4B802252051A60B2
:1086E0000AE0FA687B681100180001F02FF8030017
:1086F000012B01D0FF2300E000231800BD4604B089
:1087000080BDC04604ED00E080B584B000AF786065
:108710000023FB600023BB60FFF75CFF031E13D048
:108720000823FA187B681100180000F030FF0300DE
:10873000012B01D0FF2313E0BB68002B0FD00A4BA5
:10874000802252051A600AE0786800230022002186
:1087500000F035FE0300012B01D0FF23FB60FB6816
:108760001800BD4604B080BD04ED00E080B500AF48
:1087700002F01CFA0300012B01D000F095FBC0466B
:10878000BD4680BD80B584B000AF78600023FB603B
:10879000082000F0C5FB0300BB60BB68002B12D0B3
:1087A00000F02EFBBB687A681A60BB6800225A6032
:1087B000074B1B68BA685A60054BBA681A6000F02C
:1087C00031FB0123FB60FB681800BD4604B080BD8F
:1087D000E001002080B588B000AFF860B9607A6031
:1087E0000123FB613E4B1B68002B46D13C4B3D4AAD
:1087F0001A603CE03A4B1B681B681B68BB61BB6995
:108800001800E7F78BFC03007B61FA687B69D318DB
:108810001B785BB2202B06D0FA687B69D3181B78D3
:108820005BB2002B1ED17A69B969FB6818000AF0A7
:1088300071FF031E16D12A4B1B681B681B7B5BB2A2
:10884000002B19DBFB68180000F062F903001A0026
:10885000234B1B681B681B7B5BB29A420CD0002326
:10886000FB6109E01E4B1B685A681D4B1A601C4BCC
:108870001B68002BBED100E0C046194B1B68002BC3
:108880000CD0FB69002B09D17A681749BB68180026
:108890000AF051FF124B00221A601CE0104B1B68BB
:1088A000002B10D00E4B1B681B689B68FA68796818
:1088B000B86898470300FB61FB69002B0BD1084B9C
:1088C00000221A6007E07A680849BB6818000AF0BD
:1088D00032FF0023FB61FB691800BD4608B080BD74
:1088E00014320020D801002008B1020860B102084B
:1088F00080B500AF014B1800BD4680BDB02F0020F1
:1089000080B586B000AFF860B9607A6000237B6103
:1089100000233B617B6800221A6042E0FB68013360
:10892000FB60FB681B785BB2002B08D0FB681B78F0
:108930005BB2202BF2D102E0FB680133FB60FB68E5
:108940001B785BB2002B04D0FB681B785BB2202B3A
:10895000F2D0FB681B785BB2002B27D07B69013318
:108960007B617A69BB689A421BD1FB683B6107E077
:108970007B681B685A1C7B681A60FB680133FB60CC
:10898000FB681B785BB2002B04D0FB681B785BB2E2
:10899000202BEDD17B681B68002B09D100233B61A4
:1089A00006E07A69BB689A42BBD302E0C04600E0A9
:1089B000C0463B691800BD4606B080BD80B586B094
:1089C00000AFF860B9607A6000233B611023FA18A9
:1089D0007B6801211800FFF793FF0200434B1A60E8
:1089E000424B1B68002B2BD0404B1B684049062292
:1089F00018000AF08FFE031E22D13E4B1B78072B76
:108A000002D13C4B00221A703A4B1B785A1CD1B24F
:108A1000384A11701A00384B9200D158BA68FB6876
:108A200018000AF088FE334B1B78072B05D1002372
:108A30007B61304B00221A7052E001237B614FE0D2
:108A40002A4B1B68002B4BD12C4B1B68002B05D1EC
:108A50002A4B2B4A1A602B4B01221A70294B1A7889
:108A6000294B1B789A421ED9FB6808331800234B08
:108A70001B681B685968BB68083B1A000AF05BFE5C
:108A8000FB680133214A110018000AF040FFFB681F
:108A900028221A70FB68063329221A70FB680733F4
:108AA00020221A7008E0154B1B681B685968BA68C9
:108AB000FB6818000AF03FFE104B1B685A680F4B0A
:108AC0001A60104B1B780133DAB20E4B1A700B4B45
:108AD0001B68002B02D100237B6101E001237B6135
:108AE0007B691800BD4606B080BDC0461832002024
:108AF000B0B102081C3200204C00002020320020BF
:108B0000D801002024320020440A002050840208AA
:108B100080B584B000AF78600F23FB1800221A7074
:108B20000023BB6018E07B681B785BB2202B0ED162
:108B3000BB68012B0DD00F217B181B785BB2DBB219
:108B40000133DAB27B181A700123BB6001E0002305
:108B5000BB607B6801337B607B681B785BB2002B5A
:108B6000E1D1BB68012B08D10F217B181B785BB2C8
:108B7000DBB2013BDAB27B181A700F23FB181B78AB
:108B80005BB21800BD4604B080BD80B582B000AFB6
:108B900078607B6808331A007B685A607B68012222
:108BA00052429A607B6808331A007B68DA607B68FF
:108BB00008331A007B681A617B6800221A60C0467D
:108BC000BD4602B080BD80B582B000AF78607B68E2
:108BD00000221A61C046BD4602B080BD80B584B097
:108BE00000AF786039607B685B68FB603B68FA685F
:108BF0005A60FB689A683B689A60FB689B683A68B1
:108C00005A60FB683A689A603B687A681A617B68C8
:108C10001B685A1C7B681A60C046BD4604B080BD04
:108C200080B584B000AF786039603B681B68BB607A
:108C3000BB68013303D17B681B69FB600CE07B6878
:108C40000833FB6002E0FB685B68FB60FB685B6805
:108C50001B68BA689A42F6D2FB685A683B685A6049
:108C60003B685B683A689A603B68FA689A60FB68A0
:108C70003A685A603B687A681A617B681B685A1CBC
:108C80007B681A60C046BD4604B080BD80B584B024
:108C900000AF78607B681B69FB607B685B687A6803
:108CA00092689A607B689B687A6852685A60FB6831
:108CB0005B687A689A4203D17B689A68FB685A605D
:108CC0007B6800221A61FB681B685A1EFB681A60E9
:108CD000FB681B681800BD4604B080BD80B584B039
:108CE00000AFF860B9607A60FB68043BFB60FB682A
:108CF000802252041A60FB68043BFB60BA68FB6880
:108D00001A60FB68043BFB60084AFB681A60FB685A
:108D1000143BFB607A68FB681A60FB68203BFB60D1
:108D2000FB681800BD4604B080BDC046318D010807
:108D300080B582B000AF00237B6072B6C0467B680E
:108D4000002BFCD0C046C046BD4602B080BD80B5F9
:108D500000AFC046BD4680BD00000000000000001E
:108D60000B4A13681868203080F30988022080F3CA
:108D70001488BFF36F8F3FBCAE4608BC04BC62B61C
:108D80001847C046C046C046C046C046C046C0465A
:108D900018920120C046C04680B500AF0E4B1A683D
:108DA0000D4BFF2109040A431A600B4B1A680A4B4A
:108DB000FF2109060A431A6000F090F8074B0022D1
:108DC0001A60FFF7CDFF01F0DDFBFFF7B1FF0023D5
:108DD0001800BD4680BDC04620ED00E0E401002043
:108DE00080B500AF054B802252051A60BFF34F8F4C
:108DF000BFF36F8FC046BD4680BDC04604ED00E0A6
:108E000080B500AF72B6064B1B685A1C044B1A6043
:108E1000BFF34F8FBFF36F8FC046BD4680BDC046C6
:108E2000E401002080B500AF064B1B685A1E054BBD
:108E30001A60044B1B68002B00D162B6C046BD46C9
:108E400080BDC046E4010020EFF3108072B6704789
:108E5000C046180080F310887047C046000000002C
:108E6000EFF309800E4B1A6820381060F0C04446BA
:108E70004D4656465F46F0C008B572B601F082FB1B
:108E800062B60CBC116808681030F0C8A046A9464C
:108E9000B246BB4680F309882038F0C81847C04660
:108EA00018920120C046C04680B582B000AFFFF7DF
:108EB000CBFF03007B6001F0BDFA031E03D0064B1D
:108EC000802252051A607B681800FFF7C3FFC04676
:108ED000BD4602B080BDC04604ED00E080B500AFE5
:108EE0000B4B00221A600B4B00221A600A4B1B68C6
:108EF000FA2291001800E7F72DF903001A00074B3A
:108F0000013A1A60024B07221A60C046BD4680BD76
:108F100010E000E018E000E0D001002014E000E0E4
:108F200080B586B000AF78600023FB6001F042F9A5
:108F3000454B1B68002B01D100F0D2F8434B1B6856
:108F40007A68134000D072E07B68002B0CD00822B6
:108F50007B689B187B607B680722134004D07B688A
:108F60000722934308337B607B68002B5FD0384B2C
:108F70001B687A689A425AD8364B3B61354B1B685E
:108F80007B6104E07B693B617B691B687B617B697A
:108F90005B687A689A4203D97B691B68002BF1D120
:108FA000294B1B687A699A4241D03B691B680822A9
:108FB0009B18FB607B691A683B691A607B695A6879
:108FC0007B68D21A08235B009A4210D97A697B68C1
:108FD000D318BB607B695A687B68D21ABB685A6039
:108FE0007B697A685A60BB68180000F0D9F8184BA2
:108FF0001A687B695B68D21A154B1A60144B1A68A1
:10900000154B1B689A4203D2114B1A68124B1A6017
:109010007B695A680D4B1B681A437B695A607B69F0
:1090200000221A600D4B1B685A1C0C4B1A6001F091
:10903000CDF8FB68002B01D1FAF75EFCFB68180045
:10904000BD4606B080BDC046C0910120D49101202C
:10905000C4910120B8910120C8910120CC91012038
:1090600080B584B000AF78607B68FB607B68002BC4
:109070002CD008235B42FA68D318FB60FB68BB6006
:10908000BB685A68134B1B6813401FD0BB681B6832
:10909000002B1BD1BB685A680E4B1B68DB431A4080
:1090A000BB685A6001F086F8BB685A680A4B1B68B7
:1090B000D218094B1A60BB68180000F071F8074B12
:1090C0001B685A1C054B1A6001F080F8C046BD466B
:1090D00004B080BDD4910120C4910120D091012021
:1090E00080B584B000AF274BBB60274BFB60FB68AB
:1090F000072213400CD0FB680733FB60FB68072294
:109100009343FB60BA68FB68D21A1F4BD318BB604D
:10911000FB687B601D4B7A681A601C4B00225A600A
:109120007B68BA68D318FB600822FB689B1AFB6057
:10913000FB6807229343FB60FA68154B1A60144BD7
:109140001B6800225A60124B1B6800221A607B6861
:109150003B603B68FA68D21A3B685A600C4B1A684D
:109160003B681A603B685A680A4B1A603B685A6849
:10917000094B1A60094B802212061A60C046BD4690
:1091800004B080BD905F010028320020B89101201A
:10919000C0910120C8910120C4910120D4910120E7
:1091A00080B584B000AF7860274BFB6002E0FB68BD
:1091B0001B68FB60FB681B687A689A42F7D8FB68FB
:1091C000BB60FB685B68BA68D3187A689A4208D1BA
:1091D000FB685A687B685B68D218FB685A60FB685A
:1091E0007B607B68BB607B685B68BA68D218FB6891
:1091F0001B689A4218D1FB681A68144B1B689A4284
:109200000DD07B685A68FB681B685B68D2187B6866
:109210005A60FB681B681A687B681A6008E00B4B91
:109220001A687B681A6003E0FB681A687B681A603A
:10923000FA687B689A4202D0FB687A681A60C04676
:10924000BD4604B080BDC046B8910120C091012048
:1092500080B584B000AF786039607B68FB60FFF751
:10926000CFFDFB681A68FB68D96BFB681B6C4B432E
:10927000D218FB689A60FB6800229A63FB681A6840
:10928000FB685A60FB681A68FB68DB6B591EFB6859
:109290001B6C4B43D218FB68DA60FB684422FF2149
:1092A0009954FB684522FF2199543B68002B0DD14E
:1092B000FB681B69002B13D0FB681033180001F00A
:1092C0002FFA031E0CD0FFF78BFD09E0FB6810336B
:1092D0001800FFF75AFCFB6824331800FFF755FC11
:1092E000FFF7A0FD01231800BD4604B080BD90B576
:1092F0008BB002AFF860B960FB1D1A70FB68BA68EA
:109300005343FB61FB6950331800FFF709FE03006C
:10931000BB61BB69002B0ED0BB697B617B6950339D
:109320007B61FB1D1C787A69B968F868BB6900939A
:10933000230000F005F8BB691800BD4609B090BDD8
:1093400080B584B000AFF860B9607A601A00FB1C89
:109350001A70BB68002B03D1BB69BA691A6002E0BE
:10936000BB697A681A60BB69FA68DA63BB69BA6874
:109370001A64BB6901211800FFF76AFFBB69FA1C78
:109380004C2112785A54C046BD4604B080BD80B509
:1093900084B000AF786039607B6802220021180039
:1093A000FFF7A5FF0300FB60FB68002B02D0FB6802
:1093B0003A689A63FB681800BD4604B080BD80B56A
:1093C0008AB000AFF860B9607A603B6000237B62CE
:1093D000FB683B62FFF714FD3B6A9A6B3B6ADB6BF1
:1093E0009A4202D33B68022B1ED13A68B9683B6AA5
:1093F000180000F0CDFA0300FB613B6A5B6A002BAA
:1094000009D03B6A2433180001F08AF9031E07D003
:10941000FFF7E6FC04E0FB69002B01D0FFF7E0FC5E
:10942000FFF700FD01235BE07B68002B03D1FFF712
:10943000F9FC002354E07B6A002B06D11423FB18AF
:10944000180001F0C5F901237B62FFF7EBFC00F087
:10945000B1FEFFF7D5FC3B6A44229B5C5BB2013353
:1094600003D13B6A4422002199543B6A45229B5C0C
:109470005BB2013303D13B6A452200219954FFF7C7
:10948000D1FC3A1D1423FB181100180001F0B4F9A7
:10949000031E1ED13B6A180000F07FFB031E11D093
:1094A0003B6A10337A681100180001F0FDF83B6A3E
:1094B000180000F0FEFA00F089FE031E8AD1FFF7C3
:1094C0008FFC87E73B6A180000F0F3FA00F07EFE9D
:1094D00080E73B6A180000F0ECFA00F077FE00230A
:1094E0001800BD460AB080BD90B58BB000AFF860E3
:1094F000B9607A603B60FB683B62FFF7A5FC030044
:10950000FB613B6A9A6B3B6ADB6B9A4202D33B6816
:10951000022B31D11B243B193A6A4521525C1A7047
:109520003B6A9B6B7B613A68B9683B6A180000F044
:109530002FFA3B191B785BB2013311D13B6A5B6A8E
:10954000002B16D03B6A2433180001F0E9F8031E03
:109550000FD07B68002B0CD07B6801221A6008E0DA
:109560001B23FB181B780133DBB259B23B6A45223F
:10957000995401237B6201E000237B62FB691800A0
:10958000FFF768FC7B6A1800BD460BB090BD80B544
:1095900088B000AF786039607B68BB61FFF754FC2E
:1095A00003007B61BB699B6B3B61BB69DB6B3A6909
:1095B0009A422CD20F203B18BA694521525C1A708E
:1095C0003B695A1CBB699A633B181B785BB2013339
:1095D00011D1BB695B6A002B16D0BB69243318001C
:1095E00001F09EF8031E0FD03B68002B0CD03B68A7
:1095F00001221A6008E00F23FB181B780133DBB24D
:1096000059B2BB69452299540123FB6101E0002353
:10961000FB617B691800FFF71DFCFB691800BD4664
:1096200008B080BD80B58AB000AFF860B9607A60DC
:1096300000237B62FB683B62FFF7E2FB3B6A9B6BAC
:10964000FB61FB69002B1AD0BA683B6A1100180055
:1096500000F009FAFB695A1E3B6A9A633B6A1B6970
:10966000002B08D03B6A1033180001F059F8031E94
:1096700001D0FFF7B5FBFFF7D5FB012362E07B6864
:10968000002B03D1FFF7CEFB00235BE07B6A002BAE
:1096900006D11423FB18180001F09AF801237B620D
:1096A000FFF7C0FB00F086FDFFF7AAFB3B6A4422F0
:1096B0009B5C5BB2013303D13B6A44220021995485
:1096C0003B6A45229B5C5BB2013303D13B6A452276
:1096D00000219954FFF7A6FB3A1D1423FB18110033
:1096E000180001F089F8031E1ED13B6A180000F033
:1096F0003EFA031E11D03B6A24337A681100180029
:1097000000F0D2FF3B6A180000F0D3F900F05EFDD4
:10971000031E91D1FFF764FB8EE73B6A180000F04F
:10972000C8F900F053FD87E73B6A180000F0C1F963
:1097300000F04CFD3B6A180000F019FA031E00D13E
:109740007AE700231800BD460AB080BD80B58AB014
:1097500000AF7860396000237B627B68FB61002387
:109760003B62FFF74DFBFB699B6BBB61BB69002B49
:109770001DD0BB695A1EFB699A63FB691B68002BED
:1097800004D101F09FFC0200FB699A60FB691B6930
:10979000002B08D0FB691033180000F0C1FF031E36
:1097A00001D0FFF71DFBFFF73DFB012386E03B687F
:1097B000002B03D1FFF736FB00237FE07B6A002BF1
:1097C00006D10C23FB18180001F002F801237B627C
:1097D000FFF728FB00F0EEFCFFF712FBFB694422C9
:1097E0009B5C5BB2013303D1FB6944220021995495
:1097F000FB6945229B5C5BB2013303D1FB694522C7
:1098000000219954FFF70EFB3A000C23FB181100BE
:10981000180000F0F1FF031E2ED1FB69180000F0C4
:10982000A6F9031E21D0FB691B68002B0AD1FFF7A4
:10983000E7FAFB699B68180001F0D4F903003B626A
:10984000FFF7F0FAFB6924333A681100180000F0C2
:109850002BFFFB69180000F02CF900F0B7FC031E89
:1098600000D07EE7FFF7BCFA7BE7FB69180000F049
:1098700020F900F0ABFC74E7FB69180000F019F95F
:1098800000F0A4FCFB69180000F071F9031E00D180
:1098900067E73B6A002B10D0FFF7B2FAFB691800AC
:1098A00000F060F803007B61FB699B687A69110036
:1098B000180001F04BFAFFF7B5FA00231800BD4677
:1098C0000AB080BD90B58BB000AFF860B9607A6027
:1098D000FB683B62FFF7B8FA0300FB613B6A9B6BD6
:1098E000BB61BB69002B32D017243B193A6A442173
:1098F000525C1A70BA683B6A1100180000F0B3F8A5
:10990000BB695A1E3B6A9A633B191B785BB20133F1
:1099100011D13B6A1B69002B16D03B6A103318002B
:1099200000F0FEFE031E0FD07B68002B0CD07B687E
:1099300001221A6008E01723FB181B780133DBB201
:1099400059B23B6A4422995401237B6201E000230F
:109950007B62FB691800FFF77DFA7B6A1800BD4641
:109960000BB090BD80B584B000AF78607B685B6A57
:10997000002B06D07B681B6B1B680722D31AFB6089
:1099800001E00023FB60FB681800BD4604B080BD09
:1099900080B586B000AFF860B9607A6000237B6163
:1099A000FB689B6B3B61FB681B6C002B0ED1FB685B
:1099B0001B68002B4ED1FB689B68180001F07AF9F8
:1099C00003007B61FB6800229A6043E07B68002B08
:1099D00019D1FB685868FB681A6CBB68190009F05C
:1099E0009EFFFB685A68FB681B6CD218FB685A60C4
:1099F000FB685A68FB689B689A422BD3FB681A681D
:109A0000FB685A6026E0FB68D868FB681A6CBB6884
:109A1000190009F084FFFB68DA68FB681B6C5B4285
:109A2000D218FB68DA60FB68DA68FB681B689A4248
:109A300007D2FB689A68FB681B6C5B42D218FB6814
:109A4000DA607B68022B05D13B69002B02D03B69B1
:109A5000013B3B613B695A1CFB689A637B691800B8
:109A6000BD4606B080BD80B582B000AF7860396079
:109A70007B681B6C002B18D07B68DA687B681B6CDA
:109A8000D2187B68DA607B68DA687B689B689A42E8
:109A900003D37B681A687B68DA607B68D9687B6867
:109AA0001A6C3B68180009F03AFFC046BD4602B088
:109AB00080BD80B584B000AF7860FFF7A1F90F23B7
:109AC000FB187A684521525C1A7013E07B685B6A68
:109AD000002B16D07B682433180000F021FE031EF3
:109AE00001D000F0CFFE0F217B181B78013BDAB2CA
:109AF0007B181A700F23FB181B785BB2002BE5DC78
:109B000000E0C0467B684522FF219954FFF78AF99F
:109B1000FFF776F90E23FB187A684421525C1A701D
:109B200013E07B681B69002B16D07B68103318008C
:109B300000F0F6FD031E01D000F0A4FE0E217B18FC
:109B40001B78013BDAB27B181A700E23FB181B78C6
:109B50005BB2002BE5DC00E0C0467B684422FF21BD
:109B60009954FFF75FF9C046BD4604B080BD80B58B
:109B700084B000AF7860FFF743F97B689B6B002BE4
:109B800002D10123FB6001E00023FB60FFF74AF9EB
:109B9000FB681800BD4604B080BD80B584B000AF3E
:109BA0007860FFF72DF97B689A6B7B68DB6B9A42D4
:109BB00002D10123FB6001E00023FB60FFF732F9D3
:109BC000FB681800BD4604B080BD000080B584B0BD
:109BD00000AF786039600023FB6015E00E4BFA6837
:109BE000D200D358002B0CD10B4BFA68D200396845
:109BF000D150094AFB68DB00D31804337A681A6035
:109C000006E0FB680133FB60FB68072BE6D9C04622
:109C1000C046BD4604B080BDD891012080B586B055
:109C200000AFF860B9607A60FB687B61FFF7E8F825
:109C30007B6944229B5C5BB2013303D17B69442284
:109C4000002199547B6945229B5C5BB2013303D1AF
:109C50007B69452200219954FFF7E4F87B699B6BEF
:109C6000002B06D17B6924337A68B968180000F0AC
:109C700035FD7B691800FFF71CFFC046BD4606B0E6
:109C800080BD90B58DB004AFF860B9603B60BB1D7E
:109C90001A80BB1D1B889B001800FFF741F90300C9
:109CA0007B617B69002B10D06020FFF739F903003E
:109CB000FB61FB69002B03D0FB697A691A6306E03C
:109CC0007B691800FFF7CCF901E00023FB61FB6919
:109CD000002B16D0BB1D1A883C68B968F8680023B1
:109CE0000393FB6902937B6B01933B6B009323000F
:109CF00000F010F8FB69180000F092F80123BB6136
:109D000002E001235B42BB61BB691800BD4609B09C
:109D100090BD000080B586B000AFF860B9607A6091
:109D20003B60BB6A186B7B689B001A00A52109F099
:109D3000CEFCBB6A1A6B7B6838498C4663449B0037
:109D4000D3183B613B69072293433B61BB68002BFF
:109D500020D000237B6113E0BA687B69D3181878A0
:109D6000BA6A34217B69D3185B18021C1A70BA686E
:109D70007B69D3181B78002B06D07B6901337B618C
:109D80007B690C2BE8D900E0C046BB6A4022002169
:109D9000995403E0BB6A3422002199543B6A062B94
:109DA00001D906233B62BB6A3A6ADA62BB6A3A6A45
:109DB000DA64BB6A00221A65BB6A04331800FEF736
:109DC00002FFBB6A18331800FEF7FDFEBB6ABA6AD1
:109DD0001A613B6A0722D21ABB6A9A61BB6ABA6AE5
:109DE0005A62BB6A00225A65BB6A00229A65BB6A46
:109DF0005C22002199543A68F9683B691800FEF723
:109E00006DFF0200BB6A1A607B6A002B02D07B6A7E
:109E1000BA6A1A60C046BD4606B080BDFFFFFF3F6C
:109E200080B582B000AF7860FEF7EAFF2A4B1B686E
:109E30005A1C294B1A60294B1B68002B09D1274B50
:109E40007A681A60244B1B68012B10D100F034FD96
:109E50000DE0234B1B68002B09D1204B1B68DA6AED
:109E60007B68DB6A9A4202D81C4B7A681A601D4BE9
:109E70001B685A1C1B4B1A601A4B1A687B685A6481
:109E80007B68DA6A184B1B689A4203D97B68DA6AE6
:109E9000154B1A607B68DA6A13009B009B189B00C5
:109EA000124A9A187B68043319001000FEF796FED8
:109EB000FEF7B8FF0A4B1B68002B08D0074B1B6846
:109EC000DA6A7B68DB6A9A4201D2FEF789FFC046F4
:109ED000BD4602B080BDC0461893012018920120F3
:109EE0002493012034930120209301201C9201200F
:109EF00080B584B000AF78600023FB607B68002BE6
:109F00000AD000F057F97B680021180001F0BCFA74
:109F100000F05CF90300FB60FB68002B01D1FEF749
:109F20005FFFC046BD4604B080BD000080B588B06C
:109F300000AF78607B68BB612B4B1B68BA699A42A3
:109F400004D11F23FB1800221A7046E0FEF758FFC9
:109F5000BB695B697B61254B1B683B61244B1B68BC
:109F6000FB60FEF75FFF7A693B699A4203D07A692A
:109F7000FB689A4204D11F23FB1802221A702CE0BE
:109F80007A691C4B9A4218D1BB699B6A002B0FD18E
:109F9000BB695C229B5CDBB2012B04D11F23FB1845
:109FA00002221A7019E01F23FB1803221A7014E012
:109FB0001F23FB1802221A700FE07A690E4B9A4297
:109FC00002D07B69002B04D11F23FB1804221A70D6
:109FD00003E01F23FB1801221A701F23FB181B78B4
:109FE0001800BD4608B080BD18920120D092012013
:109FF000D492012004930120EC92012080B584B01A
:10A0000000AF7860FEF7FCFE7B68002B02D1074BA7
:10A010001B6800E07B68FB60FB68DB6ABB60FEF7E7
:10A0200001FFBB681800BD4604B080BD1892012036
:10A0300080B586B000AF7860396000237B613B68F3
:10A04000062B01D906233B60FEF7DAFE7B68002B66
:10A0500002D1384B1B6800E07B683B613B69DB6CDD
:10A06000FB60FA683B689A425DD03A68FB689A42A6
:10A070000DD9304B1B683A699A420FD02D4B1B68A3
:10A08000DB6A3A689A4209D301237B6106E0294BD7
:10A090001B683A699A4201D101237B613B69DB6A03
:10A0A000BB603B69DA6C3B69DB6A9A4202D13B696F
:10A0B0003A68DA623B693A68DA643B699B69002B6B
:10A0C00004DB3B680722D21A3B699A613B695969F4
:10A0D000BA6813009B009B189B00174A9B18994273
:10A0E0001CD13B6904331800FEF7D0FD3B69DA6AE6
:10A0F000124B1B689A4203D93B69DA6A0F4B1A600C
:10A100003B69DA6A13009B009B189B000A4A9A1865
:10A110003B69043319001000FEF760FD7B69002BDA
:10A1200001D0FEF75DFEFEF77DFEC046BD4606B0DF
:10A1300080BDC046189201201C920120209301206E
:10A1400080B584B002AF144A14491548154B0193E9
:10A15000002300930023FFF794FD03007B607B68DE
:10A16000012B03D101F0E4F903007B607B68012B34
:10A170000ED172B60C4B012252421A600B4B0122D7
:10A180001A600B4B00221A60F0F728F9FEF704FE64
:10A19000C046BD4602B080BDC4090000B8B1020887
:10A1A00099A801083C9301203893012024930120B1
:10A1B0001C93012080B500AF034B1B685A1C024B57
:10A1C0001A60C046BD4680BD4093012080B584B072
:10A1D00000AF0023FB600023BB60FEF711FE364B8F
:10A1E0001B685A1E344B1A60334B1B68002B5BD123
:10A1F000324B1B68002B57D02FE0314BDB68DB68FC
:10A20000FB60FB6818331800FEF740FDFB68043361
:10A210001800FEF73BFDFB68DA6A2A4B1B689A427E
:10A2200003D9FB68DA6A274B1A60FB68DA6A130005
:10A230009B009B189B00244A9A18FB680433190062
:10A240001000FEF7CBFCFB68DA6A204B1B68DB6A68
:10A250009A4202D31E4B01221A60194B1B68002B35
:10A26000CBD1FB68002B01D000F082FC194B1B689E
:10A270007B607B68002B0FD000F0DCF8031E02D05F
:10A28000134B01221A607B68013B7B607B68002BCB
:10A29000F2D1104B00221A600D4B1B68002B03D02B
:10A2A0000123BB60FEF79CFDFEF7BCFDBB681800F8
:10A2B000BD4604B080BDC0464093012018930120E4
:10A2C000D8920120209301201C9201201892012095
:10A2D0002C9301202893012080B582B000AF044B5D
:10A2E0001B687B607B681800BD4602B080BDC0461D
:10A2F0001C93012080B582B000AF00237B60044B2B
:10A300001B683B603B681800BD4602B080BDC0467C
:10A310001C93012080B586B000AFF860B9607A6008
:10A3200000237B6107233B61FFF744FF3B4B1B6826
:10A33000BA689A426AD33B69013B3B617A69130070
:10A34000DB009B189B001A00FB6898183A69130001
:10A350009B009B189B00324A9B180122190000F0B9
:10A3600089FB02007B699B187B613B69002BE2D172
:10A370007A691300DB009B189B001A00FB68981891
:10A38000284B1B680222190000F074FB02007B6955
:10A390009B187B617A691300DB009B189B001A00F5
:10A3A000FB689818204B1B680222190000F062FB22
:10A3B00002007B699B187B617A691300DB009B18A4
:10A3C0009B001A00FB689B1818490422180000F033
:10A3D00051FB02007B699B187B617A691300DB00EB
:10A3E0009B189B001A00FB689B1811490322180058
:10A3F00000F040FB02007B699B187B617B68002BAF
:10A4000004D0F0F701F802007B681A60FFF7DEFE67
:10A410007B691800BD4606B080BDC0461893012078
:10A420001C920120D0920120D4920120EC920120B4
:10A430000493012080B586B000AF00237B61464BBA
:10A440001B68002B00D07DE0444B1B6801333B614F
:10A45000424B3A691A603B69002B10D1404B1B6894
:10A46000FB60404B1A683E4B1A603E4BFA681A601C
:10A470003D4B1B685A1C3C4B1A6000F079FB3B4B70
:10A480001B683A699A4249D3354B1B681B68002BFD
:10A4900004D1364B012252421A603FE0304B1B6818
:10A4A000DB68DB68BB60BB685B687B603A697B68C4
:10A4B0009A4203D22D4B7A681A602FE0BB680433AE
:10A4C0001800FEF7E3FBBB689B6A002B04D0BB6857
:10A4D00018331800FEF7DAFBBB68DA6A244B1B68F6
:10A4E0009A4203D9BB68DA6A214B1A60BB68DA6A00
:10A4F00013009B009B189B001E4A9A18BB680433EC
:10A5000019001000FEF76AFBBB68DA6A1A4B1B6879
:10A51000DB6A9A42B8D301237B61B5E7164B1B680F
:10A52000DA6A144913009B009B189B005B58012BAF
:10A5300001D901237B61114B1B68002B07D001233C
:10A540007B6104E00E4B1B685A1C0D4B1A607B6943
:10A550001800BD4606B080BD409301201C93012029
:10A56000D0920120D4920120309301203893012011
:10A57000209301201C920120189201202C9301208D
:10A580002893012080B584B000AF3F4B1B68002B9F
:10A5900003D03E4B01221A6071E03C4B00221A604E
:10A5A000EFF732FF02003A4B1A60394B1A68394B09
:10A5B0001B689A4209D9384B1B68596D344A106898
:10A5C000344A1268821A8A185A65314B1A68314B1C
:10A5D0001A60314B1B681B6BBB60304B7B60BB68E8
:10A5E0001B687A689A4211D1BB6804331B687A6889
:10A5F0009A420BD1BB6808331B687A689A4205D12E
:10A60000BB680C331B687A689A4208D0224B1A68E0
:10A61000214B1B68343319001000F9F74BF9204B1C
:10A620001B68FB6002E0FB68013BFB601D49FA68A8
:10A6300013009B009B189B005B58002BF3D0FA681B
:10A6400013009B009B189B00164A9B183B603B68BD
:10A650005B685A683B685A603B685A683B680833D5
:10A660009A4204D13B685B685A683B685A603B6811
:10A670005B68DA68084B1A60094BFA681A60C046D2
:10A68000BD4604B080BDC046409301202C930120FC
:10A69000489301204493012018920120A5A5A5A567
:10A6A000209301201C92012080B582B000AF786019
:10A6B0003960094B1B6818331A007B6811001800B9
:10A6C000FEF7AEFA3B680121180000F0DDFEC0463F
:10A6D000BD4602B080BDC0461892012080B584B04E
:10A6E00000AFF860B9607A600C4B1B6818331A0031
:10A6F000FB6811001800FEF771FA7B68002B02D08E
:10A7000001235B42BB607A68BB681100180000F04F
:10A71000BBFEC046BD4604B080BDC04618920120B5
:10A7200080B584B000AF78607B68DB68DB68BB60B5
:10A73000BB6818331800FEF7A9FA1F4B1B68002BE3
:10A740001DD1BB6804331800FEF7A0FABB68DA6AB3
:10A750001A4B1B689A4203D9BB68DA6A174B1A6016
:10A76000BB68DA6A13009B009B189B00144A9A1876
:10A77000BB68043319001000FEF730FA07E0BB682D
:10A7800018331A000F4B11001800FEF727FABB68A8
:10A79000DA6A0D4B1B68DB6A9A4205D90123FB601C
:10A7A0000A4B01221A6001E00023FB60FB681800DD
:10A7B000BD4604B080BDC0464093012020930120D7
:10A7C0001C920120D8920120189201202C93012084
:10A7D00080B582B000AF7860054B1A687B681A605C
:10A7E000044B1A687B685A60C046BD4602B080BD03
:10A7F000309301201C93012080B586B000AF7860B3
:10A800003960FEF7FDFA1D4B1B683B617B685B6896
:10A810003A69D31AFB603B681B68013302D10023FD
:10A820007B6124E07B681A68154B1B689A4207D04D
:10A830007B685B683A699A4202D301237B6116E028
:10A840003B681B68FA689A420CD23B681A68FB683E
:10A85000D21A3B681A607B681800FFF7B9FF002323
:10A860007B6104E03B6800221A6001237B61FEF7F4
:10A87000D9FA7B691800BD4606B080BD1C93012043
:10A880003093012080B500AF024B01221A60C04610
:10A89000BD4680BD2C93012080B582B000AF7860AA
:10A8A00000F04EF8034B1B68012BF9D9FEF798FA1C
:10A8B000F6E7C0461C92012080B582B000AF0023AD
:10A8C0007B600CE07A6813009B009B189B00144A85
:10A8D0009B181800FEF759F97B6801337B607B6891
:10A8E000062BEFD90F4B1800FEF74FF90E4B18004F
:10A8F000FEF74BF90D4B1800FEF747F90C4B18000B
:10A90000FEF743F90B4B1800FEF73FF90A4B054AD7
:10A910001A600A4B044A1A60C046BD4602B080BDA8
:10A920001C920120A8920120BC920120D892012003
:10A93000EC92012004930120D0920120D4920120B6
:10A9400080B582B000AF1AE0FEF75AFA104BDB6810
:10A95000DB687B607B6804331800FEF797F90D4BCA
:10A960001B685A1E0B4B1A600B4B1B685A1E0A4B76
:10A970001A60FEF757FA7B68180000F0E8F8064BFB
:10A980001B68002BE0D1C046C046BD4602B080BD6A
:10A99000EC920120189301200093012080B586B02D
:10A9A00000AFF860B9607A601A00FB1C1A70FB688F
:10A9B000002B02D12E4B1B6800E0FB687B61BB685B
:10A9C0007A691A607B6934331A00BB685A607B6904
:10A9D000DA6ABB681A617B691A6BBB68DA617B69EA
:10A9E0005A6CBB689A607B69DA6CBB685A617B6998
:10A9F0005A6DBB689A61FB1C1B78052B1CD01C4B45
:10AA00001B687A699A4203D1BB6800221A731BE063
:10AA1000BB68FA1C12781A73FB1C1B78032B13D12A
:10AA2000FFF7C8FB7B699B6A002B02D0BB68022240
:10AA30001A73FFF7CBFB07E07B691800FFF776FA84
:10AA400003001A00BB681A737B68002B09D07B696E
:10AA50001B6B180000F061F803001A00BB681A8431
:10AA600002E0BB6800221A84C046BD4606B080BD25
:10AA70001892012080B58AB000AFF860B960FB1D64
:10AA80001A7000237B62BB681B68002B40D0BB6838
:10AA90003B623B6A5B685A683B6A5A603B6A5A6829
:10AAA0003B6A08339A4204D13B6A5B685A683B6A46
:10AAB0005A603B6A5B68DB68FB61BB68BB61BB6972
:10AAC0005B685A68BB695A60BB695A68BB690833DE
:10AAD0009A4204D1BB695B685A68BB695A60BB691A
:10AAE0005B68DB687B617A6A1300DB009B189B0064
:10AAF0001A00FB689918FB1D1B7878690122FFF783
:10AB00004DFF7B6A01337B627A69FB699A42D4D13B
:10AB10007B6A1800BD460AB080BD80B584B000AF26
:10AB200078600023FB6005E07B6801337B60FB6895
:10AB30000133FB607B681B78A52BF5D0FB689B0875
:10AB4000FB60FB689BB21800BD4604B080BD80B5B9
:10AB500082B000AF78607B681B6B1800FEF780FA4C
:10AB60007B681800FEF77CFAC046BD4602B080BD87
:10AB700080B582B000AF0B4B1B681B68002B04D163
:10AB8000094B012252421A6008E0064B1B68DB6841
:10AB9000DB687B607B685A68034B1A60C046BD4621
:10ABA00002B080BDD09201203893012080B582B0E0
:10ABB00000AF0A4B1B68002B02D101237B6008E029
:10ABC000074B1B68002B02D102237B6001E00023AE
:10ABD0007B607B681800BD4602B080BD24930120D5
:10ABE0004093012080B584B000AF78607B68BB6083
:10ABF0000023FB607B68002B51D0BB68DA6A2A4BCC
:10AC00001B68DB6A9A4241D2BB689B69002B06DB5A
:10AC1000254B1B68DB6A0722D21ABB689A61BB68A6
:10AC20005969BB68DA6A13009B009B189B001F4A96
:10AC30009B18994222D1BB6804331800FEF726F80E
:10AC4000194B1B68DA6ABB68DA62BB68DA6A184BB0
:10AC50001B689A4203D9BB68DA6A154B1A60BB6855
:10AC6000DA6A13009B009B189B00104A9A18BB6875
:10AC7000043319001000FDF7B1FF04E00A4B1B6814
:10AC8000DA6ABB68DA620123FB6008E0BB68DA6C51
:10AC9000054B1B68DB6A9A4201D20123FB60FB680B
:10ACA0001800BD4604B080BD189201201C920120FE
:10ACB0002093012080B584B000AF78607B68BB60D2
:10ACC0000023FB607B68002B37D0BB681B6D5A1ECE
:10ACD000BB681A65BB68DA6ABB68DB6C9A422CD029
:10ACE000BB681B6D002B28D1BB6804331800FDF72F
:10ACF000CDFFBB68DA6CBB68DA62BB68DB6A07222F
:10AD0000D21ABB689A61BB68DA6A0E4B1B689A421A
:10AD100003D9BB68DA6A0B4B1A60BB68DA6A1300A6
:10AD20009B009B189B00084A9A18BB6804331900C3
:10AD30001000FDF753FF0123FB60FB681800BD46C0
:10AD400004B080BD209301201C92012080B586B004
:10AD500000AF786039607B683B610123FB607B68F2
:10AD6000002B4BD03B69DB6C3A689A4202D93B68B6
:10AD70007B6102E03B69DB6C7B613B69DB6A7A6982
:10AD80009A423BD03B691B6DFA689A4236D13B69C7
:10AD9000DB6ABB603B697A69DA623B699B69002BBD
:10ADA00004DB7B690722D21A3B699A613B695969C6
:10ADB000BA6813009B009B189B00124A9B1899428B
:10ADC0001CD13B6904331800FDF760FF3B69DA6A68
:10ADD0000D4B1B689A4203D93B69DA6A0A4B1A6029
:10ADE0003B69DA6A13009B009B189B00054A9A187E
:10ADF0003B69043319001000FDF7F0FEC046BD4664
:10AE000006B080BD1C9201202093012080B584B043
:10AE100000AF786039603A687B681100180008F06C
:10AE200076FD7B681800E5F779F90300FB6007E021
:10AE30007A68FB68D31820221A70FB680133FB6024
:10AE4000FB680B2BF4D97A68FB68D31800221A70C0
:10AE50007A68FB68D3181800BD4604B080BD0000B6
:10AE6000F0B589B002AF78607B6800221A704C4B55
:10AE70001B68FB604A4B1A681300DB009B189B00A1
:10AE80001800FEF74DF80300BB60BB68002B00D133
:10AE900082E0F968BB6800221800FFF73BFA030064
:10AEA000FB6000237B616FE07A691300DB009B1875
:10AEB0009B001A00BB689B181B7B042B1DD89A00B3
:10AEC000384BD3181B689F461323FB1858221A705F
:10AED00018E01323FB1852221A7013E01323FB18F7
:10AEE00042221A700EE01323FB1853221A7009E055
:10AEF0001323FB1844221A7004E01323FB180022CA
:10AF00001A70C0467A691300DB009B189B001A0078
:10AF1000BB689B185A687B6811001800FFF776FF22
:10AF200003007B601323FB181C787A691300DB0095
:10AF30009B189B001A00BB689B181D697A69130057
:10AF4000DB009B189B001A00BB689B181B8C1E0023
:10AF50007A691300DB009B189B001A00BB689B18E2
:10AF60009B6811497868019300962B00220008F035
:10AF70002FFB7B681800E5F7D1F802007B689B186F
:10AF80007B607B6901337B617A69FB689A428BD372
:10AF9000BB681800FEF764F8C046BD4607B0F0BDB8
:10AFA00018930120D0B10208C0B1020880B588B062
:10AFB00000AF78607B6800221A703F4B1B68BB6152
:10AFC0003D4B1A681300DB009B189B001800FDF72F
:10AFD000A7FF03007B617B69002B68D00C23FA1864
:10AFE000B9697B691800FFF795F90300BB61FB683D
:10AFF00064211800E5F7AEF80300FB60FB68002B46
:10B0000051D00023FB614AE0FA691300DB009B1872
:10B010009B001A007B699B189B69FA681100180055
:10B02000E5F798F803003B61FA691300DB009B1811
:10B030009B001A007B699B185A687B6811001800F6
:10B04000FFF7E4FE03007B603B69002B0ED0FA693A
:10B050001300DB009B189B001A007B699B189A6900
:10B060003B691649786808F0B3FA0DE0FA691300F5
:10B07000DB009B189B001A007B699B189A6910499A
:10B080007B68180008F0A4FA7B681800E5F746F81A
:10B0900002007B689B187B60FB690133FB61FA69E6
:10B0A000BB699A42B0D37B691800FDF7D9FFC0464F
:10B0B000BD4608B080BDC04618930120E4B1020827
:10B0C000F0B1020880B500AF064B1B68002B04D01E
:10B0D000044B1B681A6D01321A65024B1B6818007D
:10B0E000BD4680BD1892012080B584B000AF786065
:10B0F0003960FDF785FE1C4B1B689B6D002B0ED144
:10B10000194B1B685C22012199543B68002B06D027
:10B110003B680121180000F0B7F9FDF761FEFDF76B
:10B1200081FEFDF76DFE104B1B689B6DFB60FB689D
:10B13000002B0CD07B68002B04D00B4B1B6800222B
:10B140009A6504E0084B1B68FA68013A9A65064B59
:10B150001B685C2200219954FDF764FEFB6818000F
:10B16000BD4604B080BDC0461892012080B588B0AD
:10B1700000AFF860B9603B60FB1D1A700123FB61F2
:10B18000FB68BB61FDF73CFE3B68002B03D0BB694D
:10B190009A6D3B681A601723FB18BA695C21525CF0
:10B1A0001A70BB695C2202219954FB1D1B78042B89
:10B1B00021D89A002A4BD3181B689F46BB699A6D09
:10B1C000BB681A43BB699A6518E0BB699B6D5A1C42
:10B1D000BB699A6512E0BB69BA689A650EE01723ED
:10B1E000FB181B78022B03D0BB69BA689A6505E08F
:10B1F0000023FB6102E0C04600E0C0461723FB18B5
:10B200001B78012B25D1BB6904331800FDF73EFDE7
:10B21000BB69DA6A134B1B689A4203D9BB69DA6AC5
:10B22000104B1A60BB69DA6A13009B009B189B00E5
:10B230000D4A9A18BB69043319001000FDF7CEFCC3
:10B24000BB69DA6A094B1B68DB6A9A4201D9FDF7D0
:10B25000C7FDFDF7E7FDFB691800BD4608B080BDDE
:10B26000FCB10208209301201C92012018920120B9
:10B2700080B588B000AFF860B9603B60FB1D1A7004
:10B280000123FB61FB68BB61FDF7DEFD03007B6111
:10B290003B68002B03D0BB699A6D3B681A6013238F
:10B2A000FB18BA695C21525C1A70BB695C220221EE
:10B2B0009954FB1D1B78042B21D89A00354BD318C9
:10B2C0001B689F46BB699A6DBB681A43BB699A6548
:10B2D00018E0BB699B6D5A1CBB699A6512E0BB699B
:10B2E000BA689A650EE01323FB181B78022B03D073
:10B2F000BB69BA689A6505E00023FB6102E0C046BD
:10B3000000E0C0461323FB181B78012B39D1224BD8
:10B310001B68002B1DD1BB6904331800FDF7B6FC78
:10B32000BB69DA6A1D4B1B689A4203D9BB69DA6AAA
:10B330001A4B1A60BB69DA6A13009B009B189B00CA
:10B34000174A9A18BB69043319001000FDF746FC30
:10B3500007E0BB6918331A00124B11001800FDF703
:10B360003DFCBB69DA6A104B1B68DB6A9A4208D95C
:10B37000BB6A002B02D0BB6A01221A600B4B012270
:10B380001A607B691800FDF765FDFB691800BD4672
:10B3900008B080BD10B20208409301202093012024
:10B3A0001C920120D8920120189201202C93012098
:10B3B00080B586B000AF786039607B687B61FDF74F
:10B3C00043FD03003B610F203B187A695C21525C0E
:10B3D0001A707B695C22022199547B699B6D5A1C0F
:10B3E0007B699A653B181B78012B39D1204B1B6870
:10B3F000002B1DD17B6904331800FDF747FC7B69E6
:10B40000DA6A1C4B1B689A4203D97B69DA6A194BCA
:10B410001A607B69DA6A13009B009B189B00164A2E
:10B420009A187B69043319001000FDF7D7FB07E079
:10B430007B6918331A00114B11001800FDF7CEFB81
:10B440007B69DA6A0E4B1B68DB6A9A4208D93B6853
:10B45000002B02D03B6801221A600A4B01221A60BD
:10B460003B691800FDF7F6FCC046BD4606B080BD3E
:10B4700040930120209301201C920120D8920120AA
:10B48000189201202C93012080B584B000AF786021
:10B490003960214B1B68FB60204B1B68043318008C
:10B4A000FDF7F4FB7B6801330BD13B68002B08D020
:10B4B0001A4B1B681A1D1A4B11001800FDF78EFB62
:10B4C00026E0FA687B68D318BB60144B1B68BA6827
:10B4D0005A60BA68FB689A4209D2124B1A680F4B3D
:10B4E0001B68043319001000FDF79AFB10E00E4BA7
:10B4F0001A680A4B1B68043319001000FDF790FB13
:10B500000A4B1B68BA689A4202D2084BBA681A60A2
:10B51000C046BD4604B080BD1C9301201892012096
:10B5200004930120D4920120D0920120389301206D
:10B5300080B584B002AF00237B6000F0E3FA0A4BD1
:10B540001B68002B0BD0094A09490A480A4B019392
:10B55000032300930023FEF794FB03007B607B68CA
:10B560001800BD4602B080BD7C930120C4090000D4
:10B5700024B2020829B701088093012090B589B050
:10B5800002AFF860B9607A603B602C20FDF7C8FC20
:10B5900003007B617B69002B0ED07B692822002190
:10B5A00099543C687A68B968F8687B690193BB6A0A
:10B5B0000093230000F005F87B691800BD4607B032
:10B5C00090BD80B584B000AFF860B9607A603B6030
:10B5D000FB69002B1ED000F095FAFB69FA681A602F
:10B5E000FB69BA689A61FB693A68DA61FB69BA6912
:10B5F0001A62FB6904331800FDF7E5FA7B68002B3B
:10B6000008D0FB6928229B5C04221343D9B2FB6952
:10B6100028229954C046BD4604B080BD90B58BB079
:10B6200000AFF860B9607A603B6000237B621D4B1D
:10B630001B68002B30D014243B19BA681A603B19E0
:10B640007A685A603B19FA689A60BB68052B19DC66
:10B65000FFF7ACFA0300022B09D1124B1868BA6B42
:10B6600039190023FDF7ABFE03007B6214E00D4B9C
:10B6700018681423F91800230022FDF7A0FE030028
:10B680007B6209E0074B18683A681423F918002315
:10B69000FDF72AFF03007B627B6A1800BD460BB0F2
:10B6A00090BDC0467C93012080B586B002AF786023
:10B6B00039601C4B1B68DB68DB68FB60FB6804338C
:10B6C0001800FDF7E3FAFB6828229B5C1A000423AC
:10B6D000134015D0FB689A697B68D1187B683A687B
:10B6E000F86800F0BFF8031E13D07A68F8680023EA
:10B6F000009300230021FFF791FF0300BB6008E0E7
:10B70000FB6828229B5C01229343D9B2FB68282264
:10B710009954FB681B6AFA6810009847C046BD46FA
:10B7200004B080BD7493012080B584B000AF786010
:10B730000823FB18180000F053F80300FB60BA68F8
:10B74000FB681100180000F003F800F0CDF8EFE7F7
:10B7500080B584B000AF78603960FEF72BFD082318
:10B76000FB18180000F05EF80300FB60BB68002BBC
:10B770002BD13B68002B0CD17A68FB689A4208D821
:10B78000FEF724FDFA687B6811001800FFF78CFFB4
:10B790001DE03B68002B08D00F4B1B681B68002B7B
:10B7A00001D1012300E000233B600C4B18687A684C
:10B7B000FB68D31A3A681900FEF730FAFEF706FD67
:10B7C000031E04D1FDF70CFB01E0FEF7FFFCC046B1
:10B7D000BD4604B080BDC046789301207C93012013
:10B7E00080B584B000AF78600D4B1B681B68002BE0
:10B7F00001D1012200E000227B681A607B681B688F
:10B80000002B05D1064B1B68DB681B68FB6001E061
:10B810000023FB60FB681800BD4604B080BDC04635
:10B820007493012080B584B000AF7860FEF754FDBA
:10B830000300FB600A4B1B68FA689A4205D200F0CD
:10B8400009F97B6801221A6002E07B6800221A6015
:10B85000034BFA681A60FB681800BD4604B080BD4F
:10B860008493012080B586B000AFF860B9607A603B
:10B870003B6000237B61FB68BA685A60FB68FA682A
:10B880001A61BA687B689A4212D87A683B68D21A01
:10B89000FB689B699A4202D301237B611BE0104B3A
:10B8A0001A68FB68043319001000FDF7B9F912E0BB
:10B8B0007A683B689A4206D2BA683B689A4202D3D9
:10B8C00001237B6107E0074B1A68FB68043319000A
:10B8D0001000FDF7A5F97B691800BD4606B080BDD4
:10B8E000789301207493012090B58DB002AF9CE055
:10B8F0000822BB181B68002B0ADABB1804337B62D2
:10B900007B6A1A687B6A58687B6A9B681900904753
:10B910000822BB181B68002B00DA86E0BB189B6866
:10B920003B623B6A5B69002B04D03B6A043318001E
:10B93000FDF7ACF93B1D1800FFF774FF0300FB6136
:10B940000823FB181B68092B6ED89A003F4BD318AD
:10B950001B689F463B6A28229B5C01221343D9B295
:10B960003B6A2822995408243B195A683B6A9B6910
:10B97000D1183B195B68FA69386AFFF773FF031E39
:10B9800053D03B6A1B6A3A6A100098473B6A2822E8
:10B990009B5C1A000423134047D03B195A683B6A4A
:10B9A0009B69D218386A0023009300230021FFF717
:10B9B00035FE0300BB6138E03B6A28229B5C012214
:10B9C0009343D9B23B6A282299542EE03B6A28223D
:10B9D0009B5C01221343D9B23B6A28229954082365
:10B9E000FB185A683B6A9A613B6A9A69FB69D118ED
:10B9F000FB69FA69386AFFF735FF16E03B6A2822CF
:10BA00009B5C1A000223134004D13B6A1800FDF727
:10BA100027FB0AE03B6A28229B5C01229343D9B2B0
:10BA20003B6A2822995400E0C046094B1B68082253
:10BA3000B91800221800FDF7F5FD031E00D057E7E6
:10BA4000C046C046BD460BB090BDC0462CB20208F1
:10BA50007C93012080B588B002AF3CE0274B1B6887
:10BA6000DB681B683B61254B1B68DB68DB68FB60A0
:10BA7000FB6804331800FDF709F9FB681B6AFA68D4
:10BA800010009847FB6828229B5C1A00042313408F
:10BA900021D0FB689B693A69D318BB60BA683B69DF
:10BAA0009A420ED9FB68BA685A60FB68FA681A6154
:10BAB000124B1A68FB68043319001000FDF7B0F848
:10BAC00009E03A69F8680023009300230021FFF79A
:10BAD000A5FD03007B60094B1B681B68002BBDD1D3
:10BAE000064B1B687B61064B1A68044B1A60044BBB
:10BAF0007A691A60C046BD4606B080BD74930120C5
:10BB00007893012080B500AFFDF77AF9144B1B68DC
:10BB1000002B20D1134B1800FDF737F8124B1800FB
:10BB2000FDF733F8114B0F4A1A60114B0E4A1A6099
:10BB3000002210210420FDF7DAFB0200084B1A60F6
:10BB4000074B1B68002B06D0054B1B68094A1100E8
:10BB50001800FEF73BF8FDF765F9C046BD4680BD0D
:10BB60007C9301204C930120609301207493012069
:10BB70007893012054B2020880B582B000AFFB1D5B
:10BB800000221A700B4B1A680A4B802149000A43A5
:10BB90001A60032000F010F8031E03D0FB1D0122E1
:10BBA0001A7001E002F0E1F9FB1D1B781800BD4698
:10BBB00002B080BD0020024090B585B000AF786033
:10BBC0000F23FB1800221A701D4B1B78002B2BD063
:10BBD0001C4B1C681A4B1B781900FA239800E4F7D9
:10BBE000B9FA030019002000E4F7B4FA03001800C2
:10BBF00001F08FF8031E12D17B68032B0AD87968F5
:10BC000001235B420022180001F05EF80E4B7A68B7
:10BC10001A600DE00F23FB1801221A7008E00F23B1
:10BC2000FB1801221A7003E00F23FB1801221A707F
:10BC30000F23FB181B781800BD4605B090BDC04609
:10BC4000EC010020D0010020E801002080B500AF09
:10BC5000054B1B781A00054B1B68D218034B1A6062
:10BC6000C046BD4680BDC046EC010020889301203F
:10BC700080B500AF024B1B681800BD4680BDC046B2
:10BC80008893012080B584B000AF7860FFF7F0FFA3
:10BC90000300BB607B68FB60FB68013305D00A4B87
:10BCA0001B781A00FB689B18FB60C046FFF7E0FF9B
:10BCB0000200BB68D31AFA689A42F7D8C046C04659
:10BCC000BD4604B080BDC046EC01002080B500AF89
:10BCD000034B1B681B0C1B041B0C1800BD4680BDCE
:10BCE0000058014080B500AF034B1B681B051B0DBE
:10BCF0001800BD4680BDC0460058014080B582B0E6
:10BD000000AF786039607B681B68054A1A403B6861
:10BD10001A437B681A60C046BD4602B080BDC0466B
:10BD2000FFFF3FFE80B582B000AF78607B681A6885
:10BD3000E0235B0413401800BD4602B080BD80B50F
:10BD400084B000AFF860B9607A60FB685B69BA687C
:10BD500004210A40072191400A00D2431A40BB68DF
:10BD600004210B40796899400B001A43FB685A6123
:10BD7000C046BD4604B080BD80B582B000AF7860DB
:10BD800039607B685B693A6804210A400721914069
:10BD90000A001A403B6804210B40DA4013001800E7
:10BDA000BD4602B080BD80B582B000AF78607B68D0
:10BDB000DA68C0231B01134001D1012300E00023F6
:10BDC0001800BD4602B080BD80B584B000AFF860F9
:10BDD000B9607A60FB689B6ABA681F210A400F212C
:10BDE00091400A00D2431A407B689B0E0F211940F4
:10BDF000BB681F20034099400B001A43FB689A62FE
:10BE0000C046BD4604B080BD80B582B000AF78604A
:10BE100039607B689A6A3B685B035B0B1A437B68FB
:10BE20009A62C046BD4602B080BD80B582B000AF08
:10BE3000786039607B689B6A3A685203520BD24340
:10BE40001A407B689A62C046BD4602B080BD0000C1
:10BE500080B584B000AFF860B9607A60FB685B6958
:10BE6000BA681202D2431A40BB681B0279680B40C1
:10BE700004490B401A43FB685A61C046BD4604B0F2
:10BE800080BDC04600FFFF0780B582B000AF78607C
:10BE90007B689B68054A1340802252051A437B68E1
:10BEA0009A60C046BD4602B080BDC046E8FFFF6F45
:10BEB00080B582B000AF78607B689A6880235B05AC
:10BEC0001A4080235B059A4201D1012300E0002340
:10BED0001800BD4602B080BD80B582B000AF78606A
:10BEE0007B689B68044A134001221A437B689A606E
:10BEF000C046BD4602B080BDE8FFFF7F80B582B07E
:10BF000000AF78607B689B68044A134002221A43A2
:10BF10007B689A60C046BD4602B080BDE8FFFF7FE7
:10BF200080B582B000AF78607B689B6801221340C7
:10BF3000012B01D1012300E000231800BD4602B00F
:10BF400080BD80B582B000AF78607B689B680222BC
:10BF50001340022B01D1012300E000231800BD464D
:10BF600002B080BD80B582B000AF78607B689B680E
:10BF7000044A134004221A437B689A60C046BD46B7
:10BF800002B080BDE8FFFF7F80B582B000AF78606F
:10BF90007B689B68044A134010221A437B689A60AE
:10BFA000C046BD4602B080BDE8FFFF7F80B582B0CD
:10BFB00000AF78607B689B6804221340042B01D19A
:10BFC000012300E000231800BD4602B080BD000040
:10BFD00080B588B000AF78601F23FB1800221A706C
:10BFE0000023BB6100237B610023FB607B68002B87
:10BFF00001D101237FE17B689B6D002B0AD17B6817
:10C000001800F6F723F87B680022DA657B68542273
:10C01000002199547B681B681800FFF749FF031E35
:10C0200015D17B681B681800FFF72EFFB44B1B6807
:10C03000B4491800E4F78EF8030001335B00FB609D
:10C0400002E0FB68013BFB60FB68002BF9D17B68D9
:10C050001B681800FFF72CFF031E0FD17B689B6D38
:10C0600010221A437B689A657B68DB6D01221A43B4
:10C070007B68DA651F23FB1801221A707B681B6836
:10C080001800FFF793FF03003B617B689B6D102254
:10C09000134000D022E13B69002B00D01EE17B68F9
:10C0A0009B6D994A134002221A437B689A657B680C
:10C0B0001B681800FFF734FF031E00D0ADE07B685B
:10C0C0009A687B681B7E9B031A437B685B7EDB035D
:10C0D0001A437B689B7E5B031A437B681B6B002BB8
:10C0E00002D080235B0100E000231A437B68DB68F9
:10C0F0001A437B681B69002B04DA7B681B695B00B1
:10C100005B0801E080239B031A437B682C215B5C66
:10C110005B001343BA691343BB617B6820229B5CBD
:10C12000012B15D17B689B7E002B05D1BB6980223A
:10C1300052021343BB610BE07B689B6D20221A43C4
:10C140007B689A657B68DB6D01221A437B68DA6540
:10C150007B685B6A002B0AD07B685A6AE0235B002D
:10C160001A407B689B6A1343BA691343BB617B68BF
:10C170001B68DB68654A134019007B681B68BA6955
:10C180000A43DA607B685B689B0F9A077B68DB6C0D
:10C1900013437A6913437B617B683C229B5C012BD0
:10C1A00011D17B685B689B0F9A077B681B6C1A43F5
:10C1B0007B685B6C1A437B689B6C1A437B691343F7
:10C1C000012213437B617B681B681B69504A134043
:10C1D00019007B681B687A690A431A617B685A6890
:10C1E000C0231B069A4218D07B685A688023DB055F
:10C1F0009A4212D07B685A6880231B069A420CD060
:10C20000444B1B68444A134019007B685A68F0236A
:10C210009B031A403F4B0A431A607B6818687B688F
:10C220005B6B1A000021FFF78AFD7B6818687B684A
:10C230009B6B3A491A00FFF782FD7B681B69002B54
:10C2400009D17B681B689A6A7B681B681021494288
:10C250000A439A6218E07B681A6980239B039A421A
:10C2600012D17B681B689B6A7B68DB69013B9B0082
:10C270001C221340102252429A4011007B681A6E11
:10C280007B681B680A439A627B681B680021180060
:10C29000FFF772FD02007B685B6B9A420BD17B68F3
:10C2A0000022DA657B689B6D0322934301221A43C7
:10C2B0007B689A651CE07B689B6D12229343102279
:10C2C0001A437B689A657B68DB6D01221A437B68A1
:10C2D000DA651F23FB1801221A7009E07B689B6D49
:10C2E00010221A437B689A651F23FB1801221A70DB
:10C2F0001F23FB181B781800BD4608B080BDC04640
:10C30000D0010020400D0300FDFEFFFF0102DEFF13
:10C3100002FCFF1F08270140FFFFC3FF04FFFF07C8
:10C32000B0B584B000AF78607B681B681800FFF779
:10C330003DFE031E35D17B6854229B5C012B01D14D
:10C34000022335E07B685422012199540F257C1982
:10C350007B68180000F028FB030023707B191B7812
:10C36000002B19D17B689B6D134A13408022520029
:10C370001A437B689A657B680022DA657B681B68D4
:10C380001C221A607B685422002199547B681B6828
:10C390001800FFF7E7FD08E07B685422002199545C
:10C3A00003E00F23FB1802221A700F23FB181B78DF
:10C3B0001800BD4604B0B0BDFEF0FFFFB0B584B0BC
:10C3C00000AF78607B6854229B5C012B01D1022373
:10C3D00029E07B685422012199540F257C197B6840
:10C3E000180000F09FFA030023707B191B78002BC4
:10C3F00012D17C197B68180000F05CFB03002370ED
:10C400007B191B78002B07D17B689B6D084A134072
:10C4100001221A437B689A657B6854220021995453
:10C420000F23FB181B781800BD4604B0B0BDC046F2
:10C43000FEFEFFFF80B584B000AF786039607B6896
:10C440005B69082B02D10823FB600FE07B681B6847
:10C45000DB680122134007D07B689B6D20221A43C2
:10C460007B689A65012372E00423FB60FFF700FC00
:10C470000300BB601FE03B6801331CD0FFF7F8FBF3
:10C480000200BB68D31A3A689A4202D33B68002B79
:10C4900011D17B681B681B68FA6813400BD17B685D
:10C4A0009B6D04221A437B689A657B6854220021A5
:10C4B000995403234BE07B681B681B68FA681340A0
:10C4C000D9D07B689B6D802292001A437B689A6565
:10C4D0007B681B681800FFF766FC031E2ED07B6884
:10C4E0009B7E002B2AD17B681B681B6808221340A7
:10C4F000082B23D17B681B681800FFF757FD031E2C
:10C5000010D17B681B685A687B681B680C218A43C2
:10C510005A607B689B6D104A134001221A437B6866
:10C520009A650BE07B689B6D20221A437B689A65B5
:10C530007B68DB6D01221A437B68DA657B681B7EB2
:10C54000002B03D17B681B680C221A6000231800A3
:10C55000BD4604B080BDC046FEFEFFFF80B582B080
:10C5600000AF78607B681B681B6C1800BD4602B08A
:10C5700080BD000080B586B000AF786039601723B9
:10C58000FB1800221A700023FB607B6854229B5C1E
:10C59000012B01D10223C0E17B685422012199546F
:10C5A0007B681B681800FFF701FD031E00D0A3E1A4
:10C5B0003B685B68022B00D143E17B681A698023EA
:10C5C0001B069A4204D07B681B69C14A934208D17A
:10C5D0007B681A683B681B6819001000FFF714FCA1
:10C5E000C9E07B681A6E3B685B681F210B400F2116
:10C5F00099400B00DB43134019003B681B685B0349
:10C600005B0B05D13B681B689B0E1F22134098E013
:10C610003B681B680122134000D091E03B681B6817
:10C620000222134000D089E03B681B6804221340BB
:10C6300000D081E03B681B680822134000D079E0FD
:10C640003B681B681022134000D071E03B681B68F8
:10C650002022134000D069E03B681B684022134051
:10C6600000D061E03B681B688022134000D059E095
:10C670003B681A6880235B00134051D13B681A68FD
:10C6800080239B00134049D13B681A688023DB005C
:10C69000134041D13B681A6880231B01134039D1F4
:10C6A0003B681A6880235B01134031D13B681A68EC
:10C6B00080239B01134029D13B681A688023DB014A
:10C6C000134021D13B681A6880231B02134019D103
:10C6D0003B681A6880235B02134011D13B681A68DB
:10C6E00080239B02134009D13B681A688023DB0238
:10C6F000134001D0122324E0002322E0112320E084
:10C7000010231EE00F231CE00E231AE00D2318E077
:10C710000C2316E00B2314E00A2312E0092310E097
:10C7200008230EE007230CE006230AE0052308E0B7
:10C73000042306E0032304E0022302E0012300E0D7
:10C7400000233A6852681F20024093400A001A43AF
:10C750007B681A663B685B689B085A1C7B68DB69D0
:10C760009A4208D87B6818683B6859683B681B6820
:10C770001A00FFF729FB7B6818683B6819683B685B
:10C780009B681A00FFF764FB3B681B68002B00DB0B
:10C79000BCE0504B1800FFF7C5FA03003B613B6853
:10C7A0001B684D4A934222D13A6980231B041340EF
:10C7B0001DD13B69802212041343464A1900100020
:10C7C000FFF79CFA454B1B6845491800E3F7C2FC8C
:10C7D00003005A1C13005B009B189B00FB6002E0E7
:10C7E000FB68013BFB60FB68002BF9D18EE03B68E6
:10C7F0001B683C4A93420ED13A6980235B04134084
:10C8000009D13B69802252041343324A19001000B7
:10C81000FFF774FA7AE03B681B68334A934200D012
:10C8200074E03A698023DB03134000D06EE03B697B
:10C830008022D2031343274A19001000FFF75EFA43
:10C8400064E07B681A6980231B069A4204D07B68E7
:10C850001B691F4A934207D17B681A683B681B68B3
:10C8600019001000FFF7E1FA3B681B68002B4DDA56
:10C87000184B1800FFF756FA03003B613B681B6832
:10C88000154A934208D13B69184A1340114A1900CE
:10C890001000FFF733FA39E03B681B68114A9342F6
:10C8A00008D13B69124A13400A4A19001000FFF7E9
:10C8B00025FA2BE03B681B680B4A934226D13B6963
:10C8C0000C4A1340034A19001000FFF717FA1DE045
:10C8D0000400008008270140001000B0D0010020B3
:10C8E000400D0300004000B8002000B4FFFF7FFFB0
:10C8F000FFFFFFFEFFFFBFFF7B689B6D20221A43F7
:10C900007B689A651723FB1801221A707B685422F2
:10C91000002199541723FB181B781800BD4606B058
:10C9200080BDC04680B584B000AF78607B681B686E
:10C930001800FFF73BFB031E31D07B681B68180013
:10C94000FFF7FFFA031E04D17B681B681800FFF78E
:10C950001BFBFFF78DF90300FB601AE0FFF788F976
:10C960000200FB68D31A022B13D97B681B689B68F3
:10C97000042213400DD07B689B6D10221A437B6804
:10C980009A657B68DB6D01221A437B68DA650123B7
:10C9900006E07B681B689B6804221340DED10023FD
:10C9A0001800BD4604B080BD80B584B000AF78608B
:10C9B0000023BB607B681B681800FFF7B1FA031EF9
:10C9C00000D069E07B681B689B68364A13400DD035
:10C9D0007B689B6D10221A437B689A657B68DB6DD0
:10C9E00001221A437B68DA65012356E07B681B68E5
:10C9F0001800FFF771FA2C4B1800FFF793F90200AB
:10CA000080231B0413400FD0284B1B6828491800B3
:10CA1000E3F7A0FB03000133BB6002E0BB68013B0E
:10CA2000BB60BB68002BF9D17B685B7E012B33D0E8
:10CA3000FFF71EF90300FB6027E07B681B68180006
:10CA4000FFF76EFA031E04D17B681B681800FFF71E
:10CA500043FAFFF70DF90200FB68D31A022B14D931
:10CA60007B681B681B6801221340012B0DD07B687B
:10CA70009B6D10221A437B689A657B68DB6D0122EF
:10CA80001A437B68DA65012307E07B681B681B6833
:10CA900001221340012BD0D100231800BD4604B061
:10CAA00080BDC0461700008008270140D00100204B
:10CAB000400D030080B584B000AF78607B681B68D0
:10CAC0001800FFF73EFA0300FB607B681B68180044
:10CAD000FFF726FA031E46D0FB68002B43D17B6884
:10CAE0001B689B6805221340012B0DD17B681B68D6
:10CAF0001800FFF703FA7B681B6803221A60FFF730
:10CB0000B7F80300BB6028E07B689B6D10221A43D6
:10CB10007B689A657B68DB6D01221A437B68DA6566
:10CB2000012321E0FFF7A4F80200BB68D31A022B0F
:10CB300013D97B681B689B68012213400DD07B686A
:10CB40009B6D10221A437B689A657B68DB6D01221E
:10CB50001A437B68DA65012306E07B681B689B68E3
:10CB600001221340DED100231800BD4604B080BD71
:10CB700080B582B000AF0200FB1D1A70FB1D1B7850
:10CB80007F2B09D8FB1D1B781A001F231A40044B6A
:10CB9000012191400A001A60C046BD4602B080BD26
:10CBA00000E100E090B583B000AF02003960FB1DEA
:10CBB0001A70FB1D1B787F2B28D82F4AFB1D1B7872
:10CBC0005BB29B08C0339B009B58FA1D1278110082
:10CBD00003220A40D200FF2191400A00D2431A40AA
:10CBE00011003B689B01FF221A40FB1D1B781800B7
:10CBF00003230340DB009A401F48FB1D1B785BB2F8
:10CC00009B080A43C0339B001A5031E01B4AFB1DAE
:10CC10001B7819000F230B40083B9B0806339B0031
:10CC2000D31804331B68FA1D1278110003220A403E
:10CC3000D200FF2191400A00D2431A4011003B6804
:10CC40009B01FF221A40FB1D1B78180003230340A1
:10CC5000DB009A400948FB1D1B781C000F23234072
:10CC6000083B9B080A4306339B00C31804331A6031
:10CC7000C046BD4603B090BD00E100E000ED00E01D
:10CC800080B582B000AF78607B685A1E80235B0459
:10CC90009A4201D3012310E00A4B7A68013A5A60A4
:10CCA00001235B4203211800FFF77CFF054B0022A4
:10CCB0009A60044B07221A6000231800BD4602B098
:10CCC00080BDC04610E000E080B584B000AFB96020
:10CCD0007A600F217B18021C1A70BA687B181B78C7
:10CCE0005BB211001800FFF75DFFC046BD4604B0FF
:10CCF00080BD80B582B000AF0200FB1D1A70FB1D25
:10CD00001B785BB21800FFF733FFC046BD4602B088
:10CD100080BD80B582B000AF78607B681800FFF7F7
:10CD2000AFFF03001800BD4602B080BD80B582B0E1
:10CD300000AF78607B68002B01D1012356E07B684F
:10CD40005B7FDBB2002B06D17B6800221A777B6801
:10CD50001800F4F7F7FD7B6802225A777B681B798D
:10CD6000002B0CD17B681B68224A5A617B681B68C8
:10CD70009A687B681B6818218A439A600BE07B687D
:10CD800099687B68DA687B68180000F093F9031EE5
:10CD900001D001232AE07B685B79002B05D17B68F9
:10CDA0001B68012252421A6104E07B681B687A68A2
:10CDB00012691A617B681B689B68602293431900A3
:10CDC0007B685A697B681B680A439A607B681B68AA
:10CDD0009B688022934319007B689A697B681B6873
:10CDE0000A439A607B6801225A7700231800BD46E7
:10CDF00002B080BDB71DC10480B586B000AFF86039
:10CE0000B9607A6000233B61FB6802225A77FB68B5
:10CE10001B6A032B05D02DD8012B19D0022B20D053
:10CE200028E000237B610AE07B699B00BA68D21886
:10CE3000FB681B6812681A607B6901337B617A6941
:10CE40007B689A42F0D3FB681B681B683B6112E069
:10CE50007A68B968FB68180000F064F803003B6169
:10CE600009E07A68B968FB68180000F0ECF8030084
:10CE70003B6100E0C046FB6801225A773B6918001D
:10CE8000BD4606B080BD80B586B000AFF860B96021
:10CE90007A6000233B61FB6802225A77FB681B68BB
:10CEA0009A68FB681B6801210A439A60FB681B6A49
:10CEB000032B05D02DD8012B19D0022B20D028E030
:10CEC00000237B610AE07B699B00BA68D218FB688B
:10CED0001B6812681A607B6901337B617A697B6821
:10CEE0009A42F0D3FB681B681B683B6112E07A68CA
:10CEF000B968FB68180000F015F803003B6109E011
:10CF00007A68B968FB68180000F09DF803003B617F
:10CF100000E0C046FB6801225A773B691800BD4615
:10CF200006B080BD80B588B000AFF860B9607A60A7
:10CF30000023FB6123E0FB699B00BA68D3181B78D0
:10CF40001A06FB699B000133B968CB181B781B04D8
:10CF50001A43FB699B000233B968CB181B781B028C
:10CF60001A43FB699B000333B968CB181B7819007F
:10CF7000FB681B680A431A60FB690133FB617B682D
:10CF80009B08FA699A42D6D37B680322134053D098
:10CF90007B6803221340012B07D1FB699B00BA6811
:10CFA000D218FB681B6812781A707B680322134042
:10CFB000022B19D1FB699B00BA68D3181B781B029E
:10CFC0001AB2FB699B000133B968CB181B781BB2FE
:10CFD00013431AB21A217B181A80FB681B687B6105
:10CFE0007B697A1812881A807B6803221340032B0E
:10CFF00022D1FB699B00BA68D3181B781B021AB2B6
:10D00000FB699B000133B968CB181B781BB2134333
:10D010001AB21A217B181A80FB681B687B617B6936
:10D020007A1812881A80FB699B000233BA68D218FA
:10D03000FB681B6812781A70FB681B681B68180075
:10D04000BD4608B080BD80B586B000AFF860B9605D
:10D050007A6000237B6113E07B699B00BA68D31878
:10D060001B881A047B699B000233B968CB181B88A4
:10D070001900FB681B680A431A607B6901337B61F6
:10D080007B685B087A699A42E6D37B680122134089
:10D0900009D0FB681B683B617B699B00BA68D318A9
:10D0A0001A883B691A80FB681B681B681800BD461C
:10D0B00006B080BD80B586B000AFF860B9607A6018
:10D0C00017217B1800221A701F233B61BB680122C5
:10D0D000134003D17B1801221A7045E0C0463B691A
:10D0E0005A1E3A61002B08D03B691F221340BA68D0
:10D0F000DA40130001221340F1D07B68182B0FD0C7
:10D100007B68182B24D87B68102B11D07B68102BE0
:10D110001ED87B68002B20D07B68082B10D017E02E
:10D120003B69062B1BD91723FB1801221A7016E046
:10D130003B69072B15D91723FB1801221A7010E041
:10D140003B690F2B0FD91723FB1801221A700AE035
:10D150001723FB1801221A7006E0C04604E0C046FF
:10D1600002E0C04600E0C0461723FB181B78002BE6
:10D170000ED1FB681B68BA685A61FB681B689B6824
:10D18000182293431900FB681B687A680A439A6067
:10D190001723FB181B781800BD4606B080BD0000A1
:10D1A00080B582B000AF78607B68002B01D101238D
:10D1B00091E07B681B681A00494B9A4210D87B6843
:10D1C0001B68484A9446634414211800E2F7C2FFE2
:10D1D00003009A007B685A647B68434A1A640FE034
:10D1E0007B681B68414A9446634414211800E2F7A7
:10D1F000B1FF03009A007B685A647B683C4A1A645A
:10D200007B682522022199547B681B681A687B6819
:10D210001B6838490A401A607B681B6819687B687C
:10D220009A687B68DB681A437B681B691A437B68D2
:10D230005B691A437B689B691A437B68DB691A4305
:10D240007B681B6A1A437B681B680A431A607B6809
:10D25000180000F0A9FA7B689A688023DB019A42E3
:10D2600002D17B6800225A607B685A687B689B6C9D
:10D270007F210A401A607B68DB6C7A68126D5A6005
:10D280007B685B68002B11D07B685B68042B0DD832
:10D290007B68180000F0D2FA7B685B6D00221A6090
:10D2A0007B689B6D7A68D26D5A6008E07B680022CB
:10D2B0005A657B6800229A657B680022DA657B6884
:10D2C0000022DA637B682522012199547B6824229D
:10D2D0000021995400231800BD4602B080BDC0460D
:10D2E00007040240F8FFFDBF00000240F8FBFDBF4D
:10D2F000000402400F80FFFF80B586B000AFF860E9
:10D30000B9607A603B601723FB1800221A70FB6833
:10D3100024229B5C012B01D102236FE0FB682422B5
:10D3200001219954FB6825229B5CDBB2012B57D16C
:10D33000FB68252202219954FB680022DA63FB680E
:10D340001B681A68FB681B6801218A431A603B68E6
:10D350007A68B968F86800F0EBF9FB681B6B002B82
:10D3600008D0FB681B681A68FB681B680E210A431B
:10D370001A600FE0FB681B681A68FB681B680421D1
:10D380008A431A60FB681B681A68FB681B680A21DD
:10D390000A431A60FB689B6C1A6880235B02134087
:10D3A00008D0FB689B6C1A68FB689B6C8021490065
:10D3B0000A431A60FB685B6D002B08D0FB685B6D4D
:10D3C0001A68FB685B6D802149000A431A60FB689C
:10D3D0001B681A68FB681B6801210A431A600AE08F
:10D3E000FB688022DA63FB6824220021995417230A
:10D3F000FB1801221A701723FB181B781800BD4672
:10D4000006B080BD80B582B000AF78607B68002B2D
:10D4100001D101234FE07B6825229B5CDBB2022B0C
:10D4200008D07B680422DA637B68242200219954A7
:10D43000012340E07B681B681A687B681B680E212B
:10D440008A431A607B689B6C1A687B689B6C1C49DA
:10D450000A401A607B681B681A687B681B68012198
:10D460008A431A607B685B6C1C221A407B681B6CC9
:10D47000012191400A005A607B68DB6C7A68126D6A
:10D480005A607B685B6D002B0CD07B685B6D1A6803
:10D490007B685B6D0A490A401A607B689B6D7A68FD
:10D4A000D26D5A607B682522012199547B68242221
:10D4B0000021995400231800BD4602B080BDC0462B
:10D4C000FFFEFFFF80B584B000AF78600F217B18AE
:10D4D00000221A707B6825229B5CDBB2022B06D0EF
:10D4E0007B680422DA637B1801221A7048E07B68AB
:10D4F0001B681A687B681B680E218A431A607B6868
:10D500001B681A687B681B6801218A431A607B6864
:10D510009B6C1A687B689B6C1D490A401A607B688B
:10D520005B6C1C221A407B681B6C012191400A0035
:10D530005A607B68DB6C7A68126D5A607B685B6D41
:10D54000002B0CD07B685B6D1A687B685B6D1049A3
:10D550000A401A607B689B6D7A68D26D5A607B685E
:10D560002522012199547B682422002199547B684B
:10D570009B6B002B04D07B689B6B7A6810009847EC
:10D580000F23FB181B781800BD4604B080BDC046B1
:10D59000FFFEFFFF80B584B000AF78607B681B6C36
:10D5A0001B68FB607B681B681B68BB607B685B6CEF
:10D5B0001C22134004229A401300FA68134026D01C
:10D5C000BB680422134022D07B681B681B682022A2
:10D5D000134007D17B681B681A687B681B680421AD
:10D5E0008A431A607B685B6C1C221A407B681B6C48
:10D5F000042191400A005A607B681B6B002B00D10C
:10D6000080E07B681B6B7A68100098477AE07B6843
:10D610005B6C1C22134002229A401300FA681340EC
:10D620003CD0BB680222134038D07B681B681B6863
:10D63000202213400BD17B681B681A687B681B682B
:10D640000A218A431A607B682522012199547B684C
:10D650001B681A002E4B9A4209D97B685B6C1C220E
:10D660001A402C4B022191400A005A6008E07B6866
:10D670005B6C1C221A40284B022191400A005A6020
:10D680007B682422002199547B68DB6A002B39D007
:10D690007B68DB6A7A681000984733E07B685B6CD4
:10D6A0001C22134008229A401300FA6813402AD023
:10D6B000BB680822134026D07B681B681A687B6809
:10D6C0001B680E218A431A607B685B6C1C221A401F
:10D6D0007B681B6C012191400A005A607B68012223
:10D6E000DA637B682522012199547B68242200217A
:10D6F00099547B685B6B002B05D07B685B6B7A6809
:10D7000010009847C046C046BD4604B080BDC04624
:10D7100080000240000402400000024080B582B058
:10D7200000AF78607B68DB6B1800BD4602B080BD3F
:10D7300080B584B000AFF860B9607A603B60FB6888
:10D74000DB6CFA68126D5A60FB685B6D002B04D0CD
:10D75000FB689B6DFA68D26D5A60FB685B6C1C229B
:10D760001A40FB681B6C012191400A005A60FB685B
:10D770001B683A685A60FB689B68102B08D1FB68ED
:10D780001B687A689A60FB681B68BA68DA6007E011
:10D79000FB681B68BA689A60FB681B687A68DA6085
:10D7A000C046BD4604B080BD80B584B000AF78608F
:10D7B0007B681B681A001D4B9A4214D87B685B6C0F
:10D7C0009B089B001A4A9A187B689A647B681B68BE
:10D7D0001A00FF231340083B14211800E2F7BAFC9B
:10D7E0000300FB6014E07B685B6C9B089B00114AA4
:10D7F0009A187B689A647B681B681A00FF231340A1
:10D80000083B14211800E2F7A5FC03000733FB6076
:10D810007B68094ADA64FB681F22134001229A40A0
:10D820007B681A65C046BD4604B080BD070402404F
:10D83000000802401C0802408008024080B584B005
:10D8400000AF78607B685B687F221340FB60FB68F9
:10D850000A4A944663449B001A007B685A657B68B9
:10D86000074A9A65FB68013B0322134001229A4054
:10D870007B68DA65C046BD4604B080BD3F820010BB
:10D8800040090240B0B586B000AFF860B9603A60B8
:10D890007B60214B1B78012B01D1022338E01E4B0A
:10D8A00001221A701C4B00225A6017257C19FA239A
:10D8B0009B00180000F07AF8030023707B191B7896
:10D8C000002B1FD1FB68012B06D13A687B68B96831
:10D8D000080000F0B9F805E03A68BB6811001800CC
:10D8E0000AF07AFD1723FC18FA239B00180000F0B9
:10D8F0005DF803002370094B5A69FB68D943074B55
:10D900000A405A61044B00221A701723FB181B7837
:10D910001800BD4606B0B0BD8C9301200020024027
:10D9200080B582B000AFFB1D00221A700B4B5B6903
:10D93000002B0CDA094B0A4A9A60084B094A9A6094
:10D94000064B5B69002B02DAFB1D01221A70FB1DDE
:10D950001B781800BD4602B080BDC04600200240C2
:10D9600023016745AB89EFCD80B582B000AFFB1DC9
:10D9700001221A70FA239B00180000F017F80A4BD6
:10D980005A69094B802109060A435A61064B5B69B3
:10D99000002B02DAFB1D00221A70FB1D1B781800F9
:10D9A000BD4602B080BDC0460020024080B584B0B4
:10D9B00000AF7860FEF75CF90300FB60C0239B02B8
:10D9C000BB600CE07B68013309D0FEF751F902001F
:10D9D000FB68D31A7A689A4201D8032328E0164BD1
:10D9E0001B69BA681340EDD1134B1B69134A1340EE
:10D9F000BB60114B124A1A61BB68002B11D0114B4E
:10DA0000BA685A60012313E07B68013309D0FEF73E
:10DA10002FF90200FB68D31A7A689A4201D80323CF
:10DA200006E0054B1A698023DB021340ECD100238A
:10DA30001800BD4604B080BD00200240FAC30000BB
:10DA4000FBC308008C930120B0B584B000AFF86030
:10DA50003A607B600B4B5A690A4B01210A435A61B9
:10DA6000FB683A681A60BFF36F8FC0467B681C0082
:10DA700000231D00FB68043322001A60C046BD4627
:10DA800004B0B0BD00200240B0B584B000AF7860F3
:10DA90003960334B1B78012B01D102235CE0304B02
:10DAA00001221A702E4B00225A600F257C19FA238E
:10DAB0009B001800FFF77AFF030023702C003B192E
:10DAC0001B78002B42D17B681B68042B0DD17B682F
:10DAD0005B68180000F048F83C19FA239B00180016
:10DAE000FFF764FF0300237030E03B6801225242DD
:10DAF0001A607B689B68BB601AE07B685B68BA68E9
:10DB00001100180000F044F80F257C19FA239B003F
:10DB10001800FFF74BFF030023707B191B78002BC5
:10DB200003D03B68BA681A600AE0BB680133BB6087
:10DB30007B689A687B68DB68D318BA689A42DCD342
:10DB4000084B5A69074B02218A435A61044B002251
:10DB50001A700F23FB181B781800BD4604B0B0BD27
:10DB60008C9301200020024080B582B000AF786025
:10DB7000064B5A697B681A43044B802149020A43C9
:10DB80005A61C046BD4602B080BDC046002002407A
:10DB900080B584B000AF786039600F4B5B690F4A85
:10DBA0001340FB607B68042B05D0FB688022920148
:10DBB0001343FB6003E0FB68094A1340FB603B68CA
:10DBC000DA00FB681A43044B06490A435A61C0460F
:10DBD000BD4604B080BDC0460020024007E0FFFF04
:10DBE000FFDFFFFF0200010080B586B000AF786064
:10DBF000396000237B614DE13B681B6801217A6934
:10DC000091400A001340FB60FB68002B00D13EE10D
:10DC10003B685B6803221340012B05D03B685B68BF
:10DC200003221340022B30D17B689B683B617B69E8
:10DC30005B0003229A401300DA433B6913403B61C7
:10DC40003B68DA687B695B009A4013003A691343CA
:10DC50003B617B683A699A607B685B683B61012243
:10DC60007B699A401300DA433B6913403B613B6890
:10DC70005B681B0901221A407B699A4013003A69CC
:10DC800013433B617B683A695A603B685B680322D7
:10DC90001340032B17D07B68DB683B617B695B001B
:10DCA00003229A401300DA433B6913403B613B680F
:10DCB0009A687B695B009A4013003A6913433B61A1
:10DCC0007B683A69DA603B685B6803221340022B89
:10DCD00023D17B69DA087B6808329200D3583B6114
:10DCE0007B69072213409B000F229A401300DA43FE
:10DCF0003B6913403B613B681A697B6907210B4014
:10DD00009B009A4013003A6913433B617B69DA0830
:10DD10007B68083292003969D1507B681B683B618F
:10DD20007B695B0003229A401300DA433B6913408E
:10DD30003B613B685B6803221A407B695B009A4049
:10DD400013003A6913433B617B683A691A603B6888
:10DD50005A68C0239B02134000D198E0534A7B6964
:10DD60009B0818339B009B583B617B69032213403F
:10DD7000DB000F229A401300DA433B6913403B61FA
:10DD80007A68A023DB059A4219D07B68484A9342FF
:10DD900013D07B68474A93420DD07B68464A934232
:10DDA00007D07B68454A934201D1042308E005234C
:10DDB00006E0032304E0022302E0012300E0002345
:10DDC0007A6903210A40D20093403A6913433B61C8
:10DDD00036497B699B0818339B003A695A50334B8C
:10DDE0001B683B61FB68DA433B6913403B613B685E
:10DDF0005A6880235B03134003D03A69FB681343DE
:10DE00003B612A4B3A691A60284B5B683B61FB68AF
:10DE1000DA433B6913403B613B685A6880239B03AC
:10DE2000134003D03A69FB6813433B611F4B3A69C7
:10DE30005A601E4A8423D3583B61FB68DA433B692E
:10DE400013403B613B685A6880239B02134003D018
:10DE50003A69FB6813433B61144984223B698B5048
:10DE6000124A8023D3583B61FB68DA433B69134075
:10DE70003B613B685A6880235B02134003D03A69D8
:10DE8000FB6813433B61094980223B698B507B69E6
:10DE900001337B613B681A687B69DA40131E00D04E
:10DEA000AAE6C046C046BD4606B080BD0018024086
:10DEB0000004005000080050000C005000100050FA
:10DEC00080B584B000AF78600A00BB1C1A807B6804
:10DED0001B69BA1C1288134004D00F23FB180122BF
:10DEE0001A7003E00F23FB1800221A700F23FB188F
:10DEF0001B781800BD4604B080BD80B582B000AF6D
:10DF0000786008001100BB1C021C1A807B1C0A1CD4
:10DF10001A707B1C1B78002B04D0BB1C1A887B68F2
:10DF20009A6103E0BB1C1A887B689A62C046BD46B2
:10DF300002B080BD80B584B000AF78600A00BB1C21
:10DF40001A807B685B69FB60BB1C1B88FA68134006
:10DF50001A04FB68DB43B91C09880B401A437B6831
:10DF60009A61C046BD4604B080BD80B500AFC046D2
:10DF7000BD4680BD80B582B000AF78600C4BDB68D9
:10DF80007A683F210A40D2431A4011007B681A0A7E
:10DF9000074B0A43DA60064B99687B683F221A40B8
:10DFA000034B0A439A60C046BD4602B080BDC046DE
:10DFB0000070004080B582B000AF7860064B9A6870
:10DFC0007B683F210B40D943034B0A409A60C0460F
:10DFD000BD4602B080BDC0460070004080B582B032
:10DFE00000AF78600A00FB1C1A707B68002B09D018
:10DFF000144B1B68072293431A00124B01210A435A
:10E000001A6005E00F4B1A680E4B07218A431A600D
:10E010000D4B1A690C4B04210A431A61FB1C1B7837
:10E02000012B01D130BF02E040BF20BF20BF064B13
:10E030001A69054B04218A431A61C046BD4602B0E5
:10E0400080BDC0460070004000ED00E080B500AF2C
:10E05000094B1B68072293431A00074B03210A430D
:10E060001A60064B1A69054B04210A431A6130BF36
:10E07000C046BD4680BDC0460070004000ED00E0D7
:10E0800080B500AF044B9A68034B802149000A43D6
:10E090009A60C046BD4680BD0070004080B584B027
:10E0A00000AF7860194B1B68194A13401900174BD1
:10E0B0007A680A431A607A6880239B009A421FD1CB
:10E0C000144B1A6813005B009B185B001249180080
:10E0D000E2F740F803000133FB6008E0FB68002B27
:10E0E00003D0FB68013BFB6001E0032309E0074B21
:10E0F0005A698023DB001A408023DB009A42EDD06E
:10E1000000231800BD4604B080BDC046007000402A
:10E11000FFF9FFFFD001002040420F0080B500AFA3
:10E12000034B9A68E023DB0113401800BD4680BD15
:10E130000010024080B588B000AF78607B68002B8B
:10E1400002D1012300F050FB7B681B6801221340C1
:10E1500000D17CE0C34B9B6838221340BB61C14BAC
:10E16000DB68032213407B61BB69102B02D17B6902
:10E17000032B02D0BB69082B0BD1BA4B1A68802342
:10E180009B02134062D07B685B68002B5ED1012349
:10E190002AE37B685A6880235B029A4207D1B14B1D
:10E1A0001A68B04B802149020A431A6020E07B685C
:10E1B0005A68A023DB029A420ED1AA4B1A68A94BD7
:10E1C0008021C9020A431A60A64B1A68A54B802118
:10E1D00049020A431A600BE0A24B1A68A14BA249FC
:10E1E0000A401A609F4B1A689E4BA0490A401A6069
:10E1F0007B685B68002B14D0FDF73AFD03003B61A0
:10E2000008E0FDF735FD02003B69D31A642B01D904
:10E210000323E9E2934B1A6880239B021340F0D05A
:10E2200015E0FDF725FD03003B6108E0FDF720FD4B
:10E2300002003B69D31A642B01D90323D4E2894B32
:10E240001A6880239B021340F0D100E0C0467B682F
:10E250001B680222134000D199E0824B9B68382250
:10E260001340BB617F4BDB68032213407B61BB69BA
:10E27000102B02D17B69022B02D0BB69002B35D158
:10E28000784B1A688023DB00134005D07B68DB687D
:10E29000002B01D10123A7E2724B5B68744A134043
:10E2A00019007B685B691A026E4B0A435A60BB69AE
:10E2B000002B12D16B4B1B686E4A134019007B6810
:10E2C0001A69684B0A431A60664B1B68DB0A07220F
:10E2D0001340694ADA40694B1A60694B1B681800A1
:10E2E000FDF76AFC031E51D001237DE27B68DB68E9
:10E2F000002B30D05B4B1B685E4A134019007B68D3
:10E300001A69584B0A431A60564B1A68554B8021BC
:10E3100049000A431A60FDF7ABFC03003B6108E0CB
:10E32000FDF7A6FC02003B69D31A022B01D9032397
:10E330005AE24C4B1A688023DB001340F0D0494B63
:10E340005B684B4A134019007B685B691A02454BB6
:10E350000A435A601BE0434B1A68424B49490A4042
:10E360001A60FDF785FC03003B6108E0FDF780FCC7
:10E3700002003B69D31A022B01D9032334E2394B43
:10E380001A688023DB001340F0D100E0C0467B68B0
:10E390001B680822134047D0324B9B683822134039
:10E3A000182B0AD12F4B1B6E022213403CD07B68E6
:10E3B0009B69002B38D1012316E27B689B69002BF7
:10E3C00019D0284B1A6E274B01210A431A66FDF714
:10E3D0004FFC03003B6108E0FDF74AFC02003B698B
:10E3E000D31A022B01D90323FEE11E4B1B6E02221E
:10E3F0001340F1D018E01B4B1A6E1A4B01218A43CF
:10E400001A66FDF735FC03003B6108E0FDF730FCC0
:10E4100002003B69D31A022B01D90323E4E1114B1B
:10E420001B6E02221340F1D17B681B68042213404B
:10E4300000D1C7E01F23FB1800221A70094B9B680C
:10E4400038221340202B1FD1064BDB6D02221340D4
:10E4500000D1B7E07B689B68002B00D0B2E00123BD
:10E46000C2E1C04600100240FFFFFEFFFFFFFBFFBE
:10E47000FF80FFFFFFC7FFFF0024F400D001002052
:10E48000E8010020FFFEFFFFB54BDA6B80235B0540
:10E49000134001D1012300E00023002B11D0B04B29
:10E4A000DA6BAF4B802149050A43DA63AC4BDA6B78
:10E4B00080235B051340FB60FB681F23FB180122D0
:10E4C0001A70A84B1A6880235B0013401AD1A54B21
:10E4D0001A68A44B802149000A431A60FDF7C8FB63
:10E4E00003003B6108E0FDF7C3FB02003B69D31A60
:10E4F000022B01D9032377E19A4B1A6880235B0032
:10E500001340F0D07B689B68012B06D1944BDA6DE9
:10E51000934B01210A43DA651CE07B689B68052B5D
:10E520000CD18F4BDA6D8E4B04210A43DA658C4B8C
:10E53000DA6D8B4B01210A43DA650BE0884BDA6D0B
:10E54000874B01218A43DA65854BDA6D844B0421C0
:10E550008A43DA657B689B68002B14D0FDF788FB43
:10E5600003003B6109E0FDF783FB02003B69D31A1E
:10E570007D4A934201D9032336E1794BDB6D0222B8
:10E580001340F0D013E0FDF773FB03003B6109E09B
:10E59000FDF76EFB02003B69D31A734A934201D91F
:10E5A000032321E16E4BDB6D02221340F0D11F23C8
:10E5B000FB181B78012B05D1694BDA6B684B6B4953
:10E5C0000A40DA637B681B682022134039D07B68DD
:10E5D000DB69002B1BD0624B1A68614B8021C90399
:10E5E0000A431A60FDF744FB03003B6108E0FDF7B6
:10E5F0003FFB02003B69D31A022B01D90323F3E04E
:10E60000574B1A6880231B041340F0D019E0544B79
:10E610001A68534B56490A401A60FDF729FB03005C
:10E620003B6108E0FDF724FB02003B69D31A022B93
:10E6300001D90323D8E04A4B1A6880231B041340F6
:10E64000F0D17B681B6A002B00D1CCE0444B9B6867
:10E6500038221340102B00D17BE07B681B6A022B11
:10E6600056D13F4B1A683E4B42490A401A60FDF7AB
:10E67000FFFA03003B6108E0FDF7FAFA02003B698C
:10E68000D31A022B01D90323AEE0354B1A6880233D
:10E690009B041340F0D1324BDB68374A134019001A
:10E6A0007B685A6A7B689B6A1A437B68DB6A1B0239
:10E6B0001A437B681B6B1A437B685B6B1A437B684E
:10E6C0009B6B1A43264B0A43DA60254B1A68244B8E
:10E6D000802149040A431A60214BDA68204B8021CB
:10E6E00049050A43DA60FDF7C3FA03003B6108E01D
:10E6F000FDF7BEFA02003B69D31A022B01D90323AE
:10E7000072E0174B1A6880239B041340F0D06AE034
:10E71000134B1A68124B17490A401A60FDF7A8FA02
:10E7200003003B6108E0FDF7A3FA02003B69D31A3E
:10E73000022B01D9032357E0094B1A6880239B045D
:10E740001340F0D1064BDA68054B0C490A40DA60F9
:10E7500049E07B681B6A012B12D1012344E0C046CB
:10E76000001002400070004088130000FFFFFFEF20
:10E77000FFFFBFFFFFFFFFFE8C80C111FCFFFEEE1D
:10E780001B4BDB687B617B6903221A407B685B6AF9
:10E790009A4226D17B6970221A407B689B6A9A4212
:10E7A0001FD17A69FE23DB011A407B68DB6A1B02FA
:10E7B0009A4216D17A69F8239B031A407B681B6B37
:10E7C0009A420ED17A69E0231B051A407B685B6B85
:10E7D0009A4206D17B695B0F5A077B689B6B9A4212
:10E7E00001D0012300E000231800BD4608B080BD21
:10E7F0000010024080B584B000AF786039607B685B
:10E80000002B01D10123E9E0764B1B68072213405E
:10E810003A689A421ED9734B1B680722934319002A
:10E82000704B3A680A431A60FDF722FA0300FB6056
:10E8300009E0FDF71DFA0200FB68D31A6A4A934209
:10E8400001D90323CAE0674B1B68072213403A68CB
:10E850009A42EED17B681B680222134015D07B6878
:10E860001B680422134006D0604B9A685F4BE0217E
:10E87000C9010A439A605D4B9B685D4A13401900C9
:10E880007B689A68594B0A439A607B681B6801222F
:10E89000134057D07B685B68012B07D1534B1A6834
:10E8A00080239B0213402BD1012397E07B685B6898
:10E8B000022B07D14D4B1A6880239B0413401FD1B4
:10E8C00001238BE07B685B68002B07D1474B1A68FC
:10E8D0008023DB00134013D101237FE07B685B685A
:10E8E000032B06D1414B1B6E0222134008D101239A
:10E8F00074E03E4BDB6D0222134001D101236DE039
:10E900003A4B9B680722934319007B685A68374B40
:10E910000A439A60FDF7ACF90300FB6009E0FDF7DC
:10E92000A7F90200FB68D31A2F4A934201D90323A7
:10E9300054E02E4B9B6838221A407B685B68DB00F2
:10E940009A42ECD1274B1B68072213403A689A423F
:10E950001ED2244B1B68072293431900214B3A68AF
:10E960000A431A60FDF784F90300FB6009E0FDF734
:10E970007FF90200FB68D31A1B4A934201D9032393
:10E980002CE0184B1B68072213403A689A42EED1DC
:10E990007B681B680422134009D0144B9B68154AFE
:10E9A000134019007B68DA68104B0A439A6000F044
:10E9B00029F801000D4B9B681B0A0F221A400E4BD1
:10E9C0009200D3581F2213400A00DA400B4B1A6002
:10E9D0000B4B1B681800FDF7EFF803001800BD464D
:10E9E00004B080BD002002408813000000100240E7
:10E9F000FFF0FFFFFF8FFFFF0CB00208D0010020E7
:10EA0000E801002080B586B000AF3C4B9B683822FF
:10EA100013400FD1394B1B68DB0A07221340012238
:10EA20009A4013003B6039683548E1F793FB0300D7
:10EA30003B615DE0314B9B6838221340082B02D1CB
:10EA4000304B3B6154E02D4B9B6838221340102B18
:10EA500038D12A4BDB6803221340FB60274BDB686D
:10EA60001B09072213400133BB60FB68032B0DD148
:10EA7000B9682448E1F76EFB030019001F4BDB68FF
:10EA80001B0A7F2213404B437B610DE0B9681C4891
:10EA9000E1F760FB03001900184BDB681B0A7F22BB
:10EAA00013404B437B61C046144BDB685B0F07226E
:10EAB000134001337B6079687869E1F74BFB030011
:10EAC0003B6115E00D4B9B6838221340202B03D18E
:10EAD00080231B023B610BE0084B9B6838221340EC
:10EAE000182B03D1FA23DB013B6101E000233B61DA
:10EAF0003B691800BD4606B080BDC046001002400C
:10EB00000024F40000127A0080B500AF024B1B68AD
:10EB10001800BD4680BDC046D0010020B0B500AF92
:10EB2000FFF7F2FF0400FFF7F9FA03001A0B054B99
:10EB30009200D3581F221340DC4023001800BD462A
:10EB4000B0BDC0464CB0020880B586B000AF78605A
:10EB50001323FB1800221A701223FB1800221A70CC
:10EB60007B681A6880239B02134000D1ADE011201E
:10EB70003B1800221A70474BDA6B80235B05134069
:10EB800010D1444BDA6B434B802149050A43DA63C9
:10EB9000404BDA6B80235B051340BB60BB683B18BE
:10EBA00001221A703C4B1A683B4B802149000A43F2
:10EBB0001A60FDF75DF80300FB600BE0FDF758F805
:10EBC0000200FB68D31A022B04D91323FB1803227B
:10EBD0001A7005E0304B1A6880235B001340EDD0BB
:10EBE0001323FB181B78002B5ED12A4BDA6DC02350
:10EBF0009B0013407B617B69002B19D07B681B6CE9
:10EC00007A699A4214D0234BDB6D244A13407B610E
:10EC1000204BDA6D1F4B802149020A43DA651D4BF8
:10EC2000DA6D1C4B1E490A40DA651A4B7A69DA65BF
:10EC30007B690122134016D0FDF71AF80300FB6030
:10EC40000CE0FDF715F80200FB68D31A154A934251
:10EC500004D91323FB1803221A7004E00D4BDB6D5B
:10EC600002221340EDD01323FB181B78002B0AD18E
:10EC7000084BDB6D094A134019007B681A6C054B81
:10EC80000A43DA6516E01223FB181322BA18127829
:10EC90001A700FE00010024000700040FFFCFFFF00
:10ECA000FFFFFEFF881300001223FB181322BA187F
:10ECB00012781A701123FB181B78012B05D1B64B63
:10ECC000DA6BB54BB5490A40DA637B681B680122F1
:10ECD000134009D0B04B5B6D0322934319007B684E
:10ECE0005A68AD4B0A435A657B681B680222134081
:10ECF00009D0A94B5B6D0C22934319007B689A687D
:10ED0000A54B0A435A657B681B680422134009D04F
:10ED1000A14B5B6D3022934319007B68DA689E4BF0
:10ED20000A435A657B681B681022134009D09A4B2E
:10ED30005B6D9B4A134019007B681A69964B0A4326
:10ED40005A657B681A6880235B01134009D0924B97
:10ED50005B6D944A134019007B685A698E4B0A43D5
:10ED60005A657B681A6880239B00134009D08A4B40
:10ED70005B6D8D4A134019007B689A6A864B0A4383
:10ED80005A657B681A688023DB00134009D0824BE8
:10ED90005B6D864A134019007B68DA6A7E4B0A4332
:10EDA0005A657B681B682022134009D07A4B5B6D43
:10EDB0007F4A134019007B689A69774B0A435A656A
:10EDC0007B681B684022134009D0734B5B6D794A06
:10EDD000134019007B68DA696F4B0A435A657B68F8
:10EDE0001A688023DB01134015D06B4B5B6D9B00D1
:10EDF00099087B681A6B684B0A435A657B681A6BE3
:10EE00008023DB059A4206D1634BDA68624B80218E
:10EE100049020A43DA607B681A6880231B031340A7
:10EE200009D05D4B5B6D4022934319007B685A6BA0
:10EE3000594B0A435A657B681A6880239B03134029
:10EE400016D0554B5B6D5C4A134019007B689A6B7A
:10EE5000514B0A435A657B689A6B8023DB039A42C5
:10EE600006D14D4BDA684C4B802149040A43DA60E5
:10EE70007B681A688023DB03134016D0464B5B6D1A
:10EE80004E4A134019007B68DA6B434B0A435A65BC
:10EE90007B68DA6B80235B049A4206D13E4BDA68CA
:10EEA0003D4B802149040A43DA607B681A6880235D
:10EEB0001B01134014D0384B9B6D03229343190060
:10EEC0007B681A6A344B0A439A657B681B6A012B7C
:10EED00006D1314BDA68304B802149020A43DA60AF
:10EEE0007B681A6880239B01134014D02A4B9B6DCA
:10EEF0000C22934319007B685A6A274B0A439A6590
:10EF00007B685B6A042B06D1234BDA68224B802195
:10EF100049020A43DA607B681A6880235B04134065
:10EF200016D01D4B9B6D224A134019007B685A6C0A
:10EF3000194B0A439A657B685A6C80239B019A425D
:10EF400006D1154BDA68144B802149040A43DA6074
:10EF50007B681A6880239B04134016D00E4B9B6D70
:10EF6000104A134019007B689A6C0B4B0A439A6550
:10EF70007B689A6C80235B009A4206D1064BDA6864
:10EF8000054B802149040A43DA601223FB181B78E1
:10EF90001800BD4606B080BD00100240FFFFFFEF25
:10EFA000FFF3FFFFFFFCFFFFFFFFF3FFFFFFCFFFBC
:10EFB000FFCFFFFFFF3FFFFFFFFFBFFFFFFFFFFE92
:10EFC000B0B584B000AF78600F23FB1801221A702F
:10EFD0007B68002B00D18CE07B6829229B5CDBB234
:10EFE000002B0BD17B682822002199547B68882252
:10EFF00012025A607B681800F4F7E2FE7B6829224F
:10F00000022199547B681B68DB6810221340102B87
:10F0100062D07B681B68CA225A627B681B685322D5
:10F020005A620F257C197B68180000F011FB030061
:10F03000237028003B181B78002B2CD17B681B68A1
:10F040009A697B681B682E490A409A617B681B6835
:10F0500099697B689A687B685B691A437B68DB699E
:10F060001A437B681B680A439A617B681B687A684D
:10F0700012691A617B681B6819697B68DB681A046E
:10F080007B681B680A431A613C187B68180000F013
:10F0900021FB030023700F23FB181B78002B16D1D4
:10F0A0007B681B689A697B681B68D200D2089A61EA
:10F0B0007B681B6899697B685A6A7B681B6A1A437C
:10F0C0007B689B691A437B681B680A439A617B686B
:10F0D0001B68FF225A6203E00F23FB1800221A70FC
:10F0E0000F23FB181B78002B03D17B6829220121F9
:10F0F00099540F23FB181B781800BD4604B0B0BD0F
:10F10000BFFF8FFBB0B584B000AF78607B68292269
:10F11000022199547B681B68CA225A627B681B686B
:10F1200053225A620F257C197B68180000F090FA70
:10F13000030023707B191B78002B5CD17B681B6854
:10F1400000221A607B681B68394A5A607B681B681A
:10F150009A697B681B6807210A409A61FCF788FD61
:10F160000300BB6012E0FCF783FD0200BB68D21A0B
:10F17000FA239B009A4209D97B681B68FF225A62D6
:10F180007B6829220321995403234CE07B681B6888
:10F19000DB6804221340E6D07B681B689B697B68B0
:10F1A0001B6800229A617B681B68224A5A617B684F
:10F1B0001B68214A1A617B681B6800221A647B68FD
:10F1C0001B6800229A647B681B680022DA627B68F5
:10F1D0001B6800229A627B681B6800225A647B6865
:10F1E0001B680022DA640F23FC187B68180000F00B
:10F1F00071FA030023707B681B68FF225A620F2399
:10F20000FB181B78002B07D17B681800F4F712FE5F
:10F210007B682922002199547B6828220021995477
:10F220000F23FB181B781800BD4604B0B0BDC046C4
:10F2300001210000FFFF0000FF007F00B0B586B095
:10F2400000AFF860B9607A60FB6828229B5C012BF4
:10F2500001D1022392E0FB68282201219954FB6826
:10F26000292202219954FB681B68CA225A62FB6852
:10F270001B6853225A6213257C19FB68180000F0A2
:10F28000E7F9030023707B191B78002B62D17B68A0
:10F29000002B25D1FB681B689B694022134002D1DB
:10F2A000BB680022DA70BB681B78180000F056FAC1
:10F2B00003001C04BB685B78180000F04FFA0300E1
:10F2C0001B021C43BB689B78180000F047FA030040
:10F2D00022001A43BB68DB789B0513437B6117E070
:10F2E000FB681B689B694022134002D1BB68002267
:10F2F000DA70BB681B781A04BB685B781B02134387
:10F30000BA6892781A43BB68DB789B0513437B612C
:10F31000FB681B687A691B490A401A60FB681B6816
:10F320009A69FB681B6818490A409A61FB681B6868
:10F330009969BB68DA68BB681B691A43FB681B687C
:10F340000A439A611323FC18FB68180000F0C2F905
:10F3500003002370FB681B68FF225A621323FB180B
:10F360001B78002B03D1FB68292201219954FB68EB
:10F370002822002199541323FB181B781800BD463E
:10F3800006B0B0BD7F7F7F00FFFFFBFF80B586B07A
:10F3900000AFF860B9607A60FB681B689A68BB6868
:10F3A0005A60FB681B681B695B045A0CBB689A6057
:10F3B000FB681B681B68224A13407B617B691B0C3E
:10F3C000DBB23F221340DAB2BB681A707B691B0ABA
:10F3D000DBB27F221340DAB2BB685A707B69DBB2C2
:10F3E0007F221340DAB2BB689A707B699B0DDBB257
:10F3F00001221340DAB2BB68DA707B68002B1AD1A5
:10F40000BB681B78180000F0D1F903001A00BB6834
:10F410001A70BB685B78180000F0C8F903001A0086
:10F42000BB685A70BB689B78180000F0BFF90300F6
:10F430001A00BB689A7000231800BD4606B080BD54
:10F440007F7F7F00B0B586B000AFF860B9607A60AA
:10F45000FB6828229B5C012B01D102237EE0FB6824
:10F46000282201219954FB682922022199547B68A2
:10F47000002B0ED1BB685B781A001023134008D014
:10F48000BB685B7810229343DBB20A33DAB2BB6805
:10F490005A707B68002B1CD1BB68DB78180000F029
:10F4A0005DF903001C04BB685B78180000F056F996
:10F4B00003001B021C43BB689B78180000F04EF948
:10F4C000030022001A43BB681B785B0313437B6174
:10F4D0000EE0BB68DB781A04BB685B781B02134341
:10F4E000BA6892781A43BB681B785B0313437B614D
:10F4F000FB681B68CA225A62FB681B6853225A6267
:10F5000013257C19FB68180000F0A2F80300237093
:10F5100028003B181B78002B0CD1FB681B687A690C
:10F5200010490A405A603C18FB68180000F0D2F8F5
:10F5300003002370FB681B68FF225A621323FB1829
:10F540001B78002B03D1FB68292201219954FB6809
:10F550002822002199541323FB181B781800BD465C
:10F5600006B0B0BD3FFFFF0080B586B000AFF860C9
:10F57000B9607A60FB681B685B68214A13407B6155
:10F580007B691B0CDAB2BB68DA707B691B0ADBB2E1
:10F590001F221340DAB2BB685A707B69DBB23F228C
:10F5A0001340DAB2BB689A707B695B0BDBB207224F
:10F5B0001340DAB2BB681A707B68002B1AD1BB68A3
:10F5C000DB78180000F0F2F803001A00BB68DA706C
:10F5D000BB685B78180000F0E9F803001A00BB680C
:10F5E0005A70BB689B78180000F0E0F803001A001E
:10F5F000BB689A7000231800BD4606B080BDC046A7
:10F600003FFFFF0080B584B000AF78607B681B6867
:10F610000E4ADA60FCF72CFB0300FB600AE0FCF703
:10F6200027FB0200FB68D21AFA239B009A4201D9F9
:10F63000032306E07B681B68DB6820221340EED0C2
:10F6400000231800BD4604B080BDC0465F00010025
:10F6500080B584B000AF78600F23FB1800221A70C9
:10F660007B681B68DB68402213402CD17B681B68D9
:10F67000DA687B681B6880210A43DA60FCF7F8FAD5
:10F680000300BB6014E0FCF7F3FA0200BB68D21A77
:10F690000F203B18391809781970FA239B009A42F9
:10F6A00006D93B1803221A707B682922032199543A
:10F6B0007B681B68DB684022134004D10F23FB18D2
:10F6C0001B78032BDFD10F23FB181B781800BD46D6
:10F6D00004B080BD90B585B000AF78600F243B19B1
:10F6E00000221A701C4BDA681B4B80218A43DA60B7
:10F6F000194B9B69202213400DD17B681800FFF73E
:10F7000081FF031E21D07B682922032199543B19D4
:10F7100003221A7019E0104B9A690F4B20218A437B
:10F720009A617B681800FFF76DFF031E07D07B68A6
:10F730002922032199540F23FB1803221A70064B28
:10F740009A69054B20210A439A610F23FB181B7805
:10F750001800BD4605B090BD0028004080B584B0BB
:10F7600000AF0200FB1D1A700023FB600B23FB1887
:10F77000FA1D12781A7008E0FB680133FB600B2257
:10F78000BB18BA1812780A3A1A700B217B181B782A
:10F79000092BF1D8FB68DBB21B01DAB27B181B78AE
:10F7A0001343DBB21800BD4604B080BD80B584B001
:10F7B00000AF0200FB1D1A70FB1D1B781B09DBB29A
:10F7C0001A0013009B009B185B00FB60FB68DAB219
:10F7D000FB1D1B780F210B40DBB2D318DBB21800E6
:10F7E000BD4604B080BD80B586B000AFF860B9609A
:10F7F0007A60FB681B681A00FB685B68D3187B6142
:10F800007B690133FF333B61BB689B003A69D318C6
:10F810003B613B697A681A60C046BD4606B080BD50
:10F8200080B584B000AF786039607B681B681A00CF
:10F830007B685B68D318FB60FB680133FF33BB60F8
:10F840003B689B00BA68D318BB60BB681B68180094
:10F85000BD4604B080BD80B582B000AF78607B68E3
:10F86000002B01D101234AE07B683D229B5CDBB287
:10F87000002B07D17B683C22002199547B6818003B
:10F8800000F041F87B683D22022199547B681A6898
:10F890007B6804331900100000F098F87B68482258
:10F8A000012199547B683E22012199547B683F22B3
:10F8B000012199547B684022012199547B6841229F
:10F8C000012199547B684222012199547B6843228B
:10F8D000012199547B684422012199547B68452277
:10F8E000012199547B684622012199547B68472263
:10F8F000012199547B683D2201219954002318006D
:10F90000BD4602B080BD80B582B000AF7860C04611
:10F91000BD4602B080BD000080B584B000AF786005
:10F920007B683D229B5CDBB2012B01D001233FE0D1
:10F930007B683D22022199547B681B681E4A9342D2
:10F9400014D07B681A688023DB059A420ED07B684E
:10F950001B681A4A934209D07B681B68184A934275
:10F9600004D07B681B68174A934216D17B681B68DA
:10F970009B68154A1340FB60FB68062B16D0FA689B
:10F9800080235B029A4211D07B681B681A687B68EF
:10F990001B6801210A431A6008E07B681B681A682B
:10F9A0007B681B6801210A431A6000E0C0460023FF
:10F9B0001800BD4604B080BD002C0140000400408A
:10F9C00000080040004001400700010080B584B0FD
:10F9D00000AF786039607B681B68FB607B683F4ADA
:10F9E00093420CD07A688023DB059A4207D07B686B
:10F9F0003B4A934203D07B683A4A934208D1FB6862
:10FA000070229343FB603B685B68FA681343FB60BA
:10FA10007B68324A93421CD07A688023DB059A4285
:10FA200017D07B682E4A934213D07B682D4A9342AD
:10FA30000FD07B682C4A93420BD07B682B4A9342B1
:10FA400007D07B682A4A934203D07B68294A9342B5
:10FA500008D1FB68284A1340FB603B68DB68FA6802
:10FA60001343FB60FB68802293431A003B685B6989
:10FA70001343FB607B68FA681A603B689A687B688E
:10FA8000DA623B681A687B689A627B68134A934221
:10FA90000BD07B68154A934207D07B68144A934287
:10FAA00003D07B68134A934203D13B681A697B6891
:10FAB0001A637B6801225A617B681B69012213402B
:10FAC000012B06D17B681B69012293431A007B68D6
:10FAD0001A61C046BD4604B080BDC046002C01403E
:10FAE00000040040000800400020004000400140A9
:10FAF0000044014000480140FFFCFFFF80B582B098
:10FB000000AF78607B68002B01D1012346E07B6861
:10FB100088229B58002B07D17B68842200219954AE
:10FB20007B681800F4F7B0FB7B6888222421995089
:10FB30007B681B681A687B681B6801218A431A600E
:10FB40007B689B6A002B03D07B68180001F0D8F813
:10FB50007B68180000F07EFD0300012B01D101231A
:10FB60001CE07B681B685A687B681B680D490A406B
:10FB70005A607B681B689A687B681B682A218A43E5
:10FB80009A607B681B681A687B681B6801210A43BE
:10FB90001A607B68180001F067F903001800BD4681
:10FBA00002B080BDFFB7FFFF80B582B000AF7860C4
:10FBB0007B68002B01D1012332E07B68882224215D
:10FBC00099507B681B681A687B681B6801218A430F
:10FBD0001A607B681B6800221A607B681B68002221
:10FBE0005A607B681B6800229A607B68180000F0EE
:10FBF0001BF87B689022002199507B6888220021A5
:10FC000099507B688C22002199507B680022DA662B
:10FC10007B6800221A677B688422002199540023A4
:10FC20001800BD4602B080BD80B582B000AF7860DC
:10FC3000C046BD4602B080BD80B58AB002AFF86054
:10FC4000B9603B60BB1D1A80FB6888229B58202B43
:10FC500000D090E0BB68002B03D0BB1D1B88002B9D
:10FC600001D1012388E0FB689A6880235B019A42F6
:10FC700009D1FB681B69002B05D1BB680122134029
:10FC800001D0012378E0FB68902200219950FB68A5
:10FC9000882221219950FBF7EBFF03007B61FB6871
:10FCA000BA1D542112885A52FB68BA1D5621128877
:10FCB0005A52FB689A6880235B019A4208D1FB681C
:10FCC0001B69002B04D10023FB61BB68BB6103E00F
:10FCD000BB68FB610023BB6130E07A69F8683B6870
:10FCE000009313000022802101F068F9031E05D063
:10FCF000FB6888222021995003233DE0FB69002BFB
:10FD00000BD1BB691B881A00FB681B68D205D20D9A
:10FD10009A62BB690233BB6107E0FB691A78FB6832
:10FD20001B689A62FB690133FB61FB6856229B5A90
:10FD30009BB2013B99B2FB6856229952FB6856224E
:10FD40009B5A9BB2002BC8D17A69F8683B68009334
:10FD500013000022402101F031F9031E05D0FB6899
:10FD6000882220219950032306E0FB688822202165
:10FD70009950002300E002231800BD4608B080BD62
:10FD800080B58CB000AFF860B960BB1D1A80FB680D
:10FD900088229B58202B00D08DE0BB68002B03D01D
:10FDA000BB1D1B88002B01D1012385E0FB689A68ED
:10FDB00080235B019A4209D1FB681B69002B05D1A6
:10FDC000BB680122134001D0012375E0FB68BA68CB
:10FDD0001A65FB68BA1D542112885A52FB68BA1D75
:10FDE000562112885A52FB6800229A67FB689022BB
:10FDF00000219950FB68882221219950FB685A6E96
:10FE000080239B059A422AD1FB689A6880235B0174
:10FE10009A4207D1FB681B69002B03D1FB68284A73
:10FE20009A6702E0FB68274A9A67EFF31083FB6149
:10FE3000FB69BB6201233B623B6A83F31088C046C7
:10FE4000FB681B689A68FB681B68802109040A43E9
:10FE50009A60BB6A7B627B6A83F3108829E0FB6847
:10FE60009A6880235B019A4207D1FB681B69002BCB
:10FE700003D1FB68144A9A6702E0FB68134A9A6749
:10FE8000EFF310833B613B69FB6201237B617B697C
:10FE900083F31088C046FB681B681A68FB681B6800
:10FEA00080210A431A60FB6ABB61BB6983F3108837
:10FEB000C046002300E002231800BD460CB080BD00
:10FEC000B9170208CD1602080F1602085B150208C2
:10FED00080B58CB000AF78607B6888229B58FB624D
:10FEE0007B688C229B58BB627B681B689B68802266
:10FEF0001340802B38D1FB6A212B35D1EFF31083CF
:10FF00007B617B697B620123BB61BB6983F31088E2
:10FF1000C0467B681B689A687B681B6880218A439F
:10FF20009A607B6AFB61FB6983F31088C0467B683B
:10FF3000DB6F002B14D07B68DB6F1800FDF762FAD3
:10FF4000031E0DD07B68DB6F1800FDF7E7FB030095
:10FF5000202B05D17B68902210219950032347E084
:10FF60007B68180001F040F97B681B689B684022A1
:10FF70001340402B3BD1BB6A222B38D1EFF31083C7
:10FF8000BB60BB683B620123FB60FB6883F31088A6
:10FF9000C0467B681B689A687B681B6840218A435F
:10FFA0009A603B6A3B613B6983F31088C0467B687B
:10FFB00080229B58002B16D07B6880229B5818000B
:10FFC000FDF720FA031E0ED07B6880229B58180094
:10FFD000FDF7A4FB0300202B05D17B6890221021A4
:10FFE0009950032304E07B68180001F03DF90023D9
:10FFF0001800BD460CB080BDB0B5AAB000AF7860A7
:020000040802F0
:100000007B681B68DB69A422B9180B607B681B68DE
:100010001B68A02039180B607B681B689B689C24B8
:1000200039190B601100BB181B68A24A13409822B3
:10003000BD182B60BB181B68002B1AD17B181B68DE
:100040002022134015D03B181B682022134005D1F5
:100050003B191A6880235B0513400AD07B685B6FED
:10006000002B00D1DCE27B685B6F7A681000984758
:10007000D6E29823FB181B68002B00D122E19C23B9
:10008000FB181B688C4A134006D1A023FB181B6881
:100090008A4A134000D115E1A423FB181B680122F2
:1000A000134012D0A023FB181A6880235B00134072
:1000B0000BD07B681B6801221A627B6890229B58D8
:1000C00001221A437B6890215A50A423FB181B6815
:1000D0000222134011D09C23FB181B6801221340FD
:1000E0000BD07B681B6802221A627B6890229B58A7
:1000F00004221A437B6890215A50A423FB181B68E2
:100100000422134011D09C23FB181B6801221340CA
:100110000BD07B681B6804221A627B6890229B5874
:1001200002221A437B6890215A50A423FB181B68B3
:100130000822134017D0A023FB181B68202213406D
:1001400005D19C23FB181B685B4A13400BD07B68CE
:100150001B6808221A627B6890229B5808221A4367
:100160007B6890215A50A423FB181A6880231B0136
:10017000134013D0A023FB181A688023DB0413401C
:100180000CD07B681B68802212011A627B68902267
:100190009B5820221A437B6890215A507B689022FA
:1001A0009B58002B00D13DE2A423FB181B682022A2
:1001B000134015D0A023FB181B682022134006D142
:1001C0009C23FB181A6880235B05134008D07B68CA
:1001D0005B6F002B04D07B685B6F7A6810009847D8
:1001E0007B6890229B5894217A1813607B681B6867
:1001F0009B6840221340402B04D07B181B682822A8
:1002000013404CD07B68180001F02EF87B681B6807
:100210009B6840221340402B3CD1EFF310833B6698
:100220003B6E90203A18136001237B667B6E83F34C
:100230001088C0467B681B689A687B681B684021F1
:100240008A439A603B181B68BB66BB6E83F31088B9
:10025000C0467B6880229B58002B16D07B6880228A
:100260009B58174A9A637B6880229B581800FDF7B9
:1002700029F9031E1CD07B6880229B589B6B7A68EF
:10028000802152581000984712E07B681800F3F75D
:1002900071FA0DE07B681800F3F76CFA08E07B68F0
:1002A0001800F3F767FA7B68902200219950B9E1B2
:1002B000C046B7E10F080000010000102001000453
:1002C0002D1502087B68DB6E012B00D03EE1A423D4
:1002D000FB181B681022134000D137E1A023FB1844
:1002E0001B681022134000D130E17B681B6810228C
:1002F0001A627B681B689B6840221340402B00D029
:10030000A4E07B6880229B581B685A687E217B187A
:100310001A807B181B88002B00D185E17B685C224A
:100320009B5A7A1812889A4200D37DE17B687A182A
:100330005E2112885A527B6880229B581B681B687A
:100340002022134070D1EFF310833B633B6BBB67FC
:1003500001237B637B6B83F31088C0467B681B683B
:100360001A687B681B68B4490A401A60BB6FBB639C
:10037000BB6B83F31088C046EFF31083FB63FB6B0A
:100380007B6701233B643B6C83F31088C0467B682A
:100390001B689A687B681B6801218A439A607B6F9F
:1003A0007B647B6C83F31088C046EFF31083BB64DF
:1003B000BB6C3B670123FB64FB6C83F31088C04676
:1003C0007B681B689A687B681B6840218A439A6037
:1003D0003B6F3B653B6D83F31088C0467B688C2286
:1003E000202199507B680022DA66EFF310837B6549
:1003F0007B6DFB660123BB65BB6D83F31088C04634
:100400007B681B681A687B681B6810218A431A6026
:10041000FB6EFB65FB6D83F31088C0467B68802212
:100420009B581800FCF7EEFF7B6802221A677B6876
:100430005C229A5A7B685E215B5A9BB2D31A9AB2AD
:100440007B6811001800F2F7EFFEEDE07B685C229C
:10045000995A7B685E229B5A9AB28E203B188A1A60
:100460001A807B685E229B5A9BB2002B00D1DDE094
:100470003B181B88002B00D1D8E0EFF31083FB6002
:10048000FB6888243A19136001233B613B6983F3BD
:100490001088C0467B681B681A687B681B686749C0
:1004A0000A401A603B191B687B617B6983F31088E3
:1004B000C046EFF31083BB61BB6984243A19136013
:1004C0000123FB61FB6983F31088C0467B681B68CE
:1004D0009A687B681B685A490A409A603B191B68F6
:1004E0003B623B6A83F31088C0467B688C222021E4
:1004F00099507B680022DA667B6800225A67EFF326
:1005000010837B627B6A80243A1913600123BB62EB
:10051000BB6A83F31088C0467B681B681A687B68D7
:100520001B6810218A431A603B191B68FB62FB6A37
:1005300083F31088C0467B6802221A673B181A882A
:100540007B6811001800F2F76FFE6FE0A423FB1820
:100550001A6880235B03134010D09C23FB181A6891
:100560008023DB03134009D07B681B688022520381
:100570001A627B681800F3F76FF95AE0A423FB189E
:100580001B688022134016D0A023FB181B68802212
:10059000134006D19C23FB181A6880231B041340C8
:1005A00009D07B689B6F002B42D07B689B6F7A6879
:1005B000100098473CE0A423FB181B68402213401E
:1005C0000AD0A023FB181B684022134004D07B688C
:1005D000180001F06BF92CE0A423FB181A688023A3
:1005E0001B0413400BD0A023FB181A688023DB05E3
:1005F000134004D07B68180001F08CF919E0A423A3
:10060000FB181A6880235B04134012D0A023FB1848
:100610001B68002B0DDA7B68180001F073F908E005
:10062000C04606E0C04604E0C04602E0C04600E026
:10063000C046BD462AB0B0BDFFFEFFFFDFFEFFFF94
:10064000FEFFFFEF80B582B000AF7860C046BD46C8
:1006500002B080BDB0B590B000AF78621A232022FE
:100660009B18DB1900221A707B6A9A687B6A1B69E7
:100670001A437B6A5B691A437B6ADB691343FB633A
:100680007B6A1B681B68C14A134019007B6A1A68A1
:10069000FB6B0B4313607B6A1B685B68BC4A1340AF
:1006A00018007B6AD9687B6A1A6803000B435360A1
:1006B0007B6A9B69FB637B6A1B68B64A934209D0DD
:1006C0007B6A1B68B44A934204D07B6A1B6AFA6B4C
:1006D0001343FB637B6A1B689B68B04A1340190095
:1006E0007B6A1A68FB6B0B4393607B6A1B68DB6A4F
:1006F0000F22934318007B6A596A7B6A1A680300C9
:100700000B43D3627B6A1B68A54A934231D1A54B48
:100710005B6D03221340032B1DD023D8022B0CD07A
:1007200020D8002B02D0012B0ED01BE01B2320224F
:100730009B18DB1900221A7054E11B2320229B18FE
:10074000DB1902221A704DE11B2320229B18DB19B2
:1007500004221A7046E11B2320229B18DB19082271
:100760001A703FE11B2320229B18DB1910221A70FC
:1007700038E17B6A1B688C4A934231D1894B5B6DAF
:100780000C2213400C2B1DD023D8082B0CD020D8C2
:10079000002B02D0042B0ED01BE01B2320229B1821
:1007A000DB1900221A701DE11B2320229B18DB1984
:1007B00002221A7016E11B2320229B18DB19042247
:1007C0001A700FE11B2320229B18DB1908221A70D4
:1007D00008E11B2320229B18DB1910221A7001E16B
:1007E0007B6A1B68714A934231D16E4B5B6D30223C
:1007F0001340302B1DD023D8202B0CD020D8002B19
:1008000002D0102B0ED01BE01B2320229B18DB19DB
:1008100000221A70E6E01B2320229B18DB1902221B
:100820001A70DFE01B2320229B18DB1904221A70A8
:10083000D8E01B2320229B18DB1908221A70D1E074
:100840001B2320229B18DB1910221A70CAE07B6A36
:100850001B68574A934206D11B2320229B18DB19A1
:1008600000221A70BEE07B6A1B68524A934206D18E
:100870001B2320229B18DB1900221A70B2E07B6A2E
:100880001B684D4A934206D11B2320229B18DB197B
:1008900000221A70A6E07B6A1B683E4A93423ED152
:1008A000404B5A6DC0231B011340C02212019342DA
:1008B00027D0C022120193422AD8802212019342EB
:1008C00011D080221201934222D8002B04D0802222
:1008D000D20093420ED01BE01B2320229B18DB1971
:1008E00000221A707EE01B2320229B18DB190222B3
:1008F0001A7077E01B2320229B18DB1904221A7040
:1009000070E01B2320229B18DB1908221A7069E073
:100910001B2320229B18DB1910221A7062E07B6ACD
:100920001B681D4A934257D11E4B5A6DC0239B0032
:100930001340C0229200934240D0C02292009342C2
:1009400043D880229200934211D080229200934299
:100950003BD8002B04D08022520093420ED034E0CA
:100960001B2320229B18DB1900221A703AE01B235C
:1009700020229B18DB1902221A7033E01B2320224D
:100980009B18DB1904221A702CE0C046F369FFCFD4
:10099000FFCFFFFF0080004000840040FFF4FF1104
:1009A0000038014000100240004400400048004070
:1009B000004C004000500040003C01401B2320221E
:1009C0009B18DB1908221A700CE01B2320229B18AD
:1009D000DB1910221A7005E01B2320229B18DB195B
:1009E00010221A707B6A1B68C14A934205D07B6A49
:1009F0001B68C04A934200D093E01B2320229B181F
:100A0000DB191B78082B15D018DC042B0DD015DC56
:100A1000002B02D0022B05D010E0FEF77FF8030078
:100A20007B6314E0B44B7B6311E0FDF7EBFF030045
:100A30007B630CE080231B027B6308E000237B6365
:100A40001A2320229B18DB1901221A70C0467B6BE7
:100A5000002B00D135E17B6A5A6AA84B5200D35A69
:100A60001900786BDFF776FB0300BB627B6A5A687C
:100A700013005B009B18BA6A9A4205D37B6A5B68D5
:100A80001B03BA6A9A4206D91A2320229B18DB1943
:100A900001221A7044E07B6BBB610023FB617B6A1F
:100AA0005A6A964B5200D35A3B6100237B613A69E4
:100AB0007B69B869F969DFF73BFD02000B00110E95
:100AC0001D020D4314027B6A5B685B08BB60002358
:100AD000FB60B868F968001969417B6A5B683B6034
:100AE00000237B603A687B68DFF722FD02000B0081
:100AF00013003B633A6BC0239B009A4209D33A6BC5
:100B000080235B039A4204D27B6A1B683A6BDA60EB
:100B100006E01A2320229B18DB1901221A70D0E06C
:100B2000CFE07B6ADA6980231B029A4200D070E032
:100B30001B2320229B18DB191B78082B15D018DCEF
:100B4000042B0DD015DC002B02D0022B05D010E0B9
:100B5000FDF7E4FF03007B6314E0674B7B6311E068
:100B6000FDF750FF03007B630CE080231B027B63D7
:100B700008E000237B631A2320229B18DB19012243
:100B80001A70C0467B6B002B00D19AE07B6A5A6AD0
:100B90005A4B5200D35A1900786BDFF7DBFA030087
:100BA0005A007B6A5B685B08D2187B6A5B68190035
:100BB0001000DFF7CFFA03003B633B6B0F2B21D90B
:100BC0003A6B80235B029A421CD23B6B9AB20E2096
:100BD00020240319DB190F218A431A803B6B5B0821
:100BE0009BB20722134099B20319DB190219D219DB
:100BF00012880A431A807B6A1B680219D21912886C
:100C0000DA605EE01A2320229B18DB1901221A7099
:100C100057E01B2320229B18DB191B78082B15D0CB
:100C200018DC042B0DD015DC002B02D0022B05D0D4
:100C300010E0FDF773FF03007B6314E02E4B7B6332
:100C400011E0FDF7DFFE03007B630CE080231B0255
:100C50007B6308E000237B631A2320229B18DB19A7
:100C600001221A70C0467B6B002B2AD07B6A5A6A1D
:100C7000224B5200D35A1900786BDFF76BFA03004E
:100C80001A007B6A5B685B08D2187B6A5B68190094
:100C90001000DFF75FFA03003B633B6B0F2B0AD9B1
:100CA0003A6B80235B029A4205D23B6B9AB27B6A15
:100CB0001B68DA6005E01A2320229B18DB19012249
:100CC0001A707B6A6A22012199527B6A682201218B
:100CD00099527B6A00225A677B6A00229A671A231C
:100CE00020229B18DB191B781800BD4610B0B0BD40
:100CF00000800040008400400024F40064B2020838
:100D000080B582B000AF78607B689B6A0822134090
:100D10000BD07B681B685B684A4A134019007B68EC
:100D20009A6B7B681B680A435A607B689B6A012246
:100D300013400BD07B681B685B68434A1340190063
:100D40007B68DA6A7B681B680A435A607B689B6A27
:100D5000022213400BD07B681B685B683B4A134040
:100D600019007B681A6B7B681B680A435A607B68B2
:100D70009B6A042213400BD07B681B685B68344A73
:100D8000134019007B685A6B7B681B680A435A60E2
:100D90007B689B6A102213400BD07B681B689B68A2
:100DA0002C4A134019007B68DA6B7B681B680A4386
:100DB0009A607B689B6A202213400BD07B681B687B
:100DC0009B68254A134019007B681A6C7B681B6876
:100DD0000A439A607B689B6A402213401DD07B685F
:100DE0001B685B681D4A134019007B685A6C7B685E
:100DF0001B680A435A607B685A6C80235B039A42E3
:100E00000BD17B681B685B68154A134019007B682F
:100E10009A6C7B681B680A435A607B689B6A8022D5
:100E200013400BD07B681B685B680E4A13401900A7
:100E30007B68DA6C7B681B680A435A60C046BD4613
:100E400002B080BDFF7FFFFFFFFFFDFFFFFFFEFF42
:100E5000FFFFFBFFFFEFFFFFFFDFFFFFFFFFEFFFE6
:100E6000FFFF9FFFFFFFF7FF80B592B002AF7860F2
:100E70007B68902200219950FAF7FAFE0300FB6389
:100E80007B681B681B6808221340082B2DD1FB6B65
:100E9000802291037868474A0092002200F08EF881
:100EA000031E22D0EFF310837B627B6ABB630123B6
:100EB000BB62BB6A83F31088C0467B681B681A68F4
:100EC0007B681B6880218A431A60BB6BFB62FB6AEC
:100ED00083F31088C0467B688822202199507B6864
:100EE000842200219954032360E07B681B681B68FF
:100EF00004221340042B46D1FB6B8022D103786877
:100F00002C4A0092002200F059F8031E3BD0EFF368
:100F10001083FB60FB687B6301233B613B6983F3C8
:100F20001088C0467B681B681A687B681B6822496A
:100F30000A401A607B6B7B617B6983F31088C04633
:100F4000EFF31083BB61BB693B630123FB61FB696A
:100F500083F31088C0467B681B689A687B681B68AF
:100F600001218A439A603B6B3B623B6A83F31088A2
:100F7000C0467B688C22202199507B688422002106
:100F80009954032312E07B688822202199507B68C2
:100F90008C22202199507B680022DA667B6800222F
:100FA0001A677B6884220021995400231800BD46EB
:100FB00010B080BDFFFFFF01DFFEFFFF80B584B0F2
:100FC00000AFF860B9603B60FB1D1A7051E0BB696F
:100FD00001334ED0FAF74CFE02003B68D31ABA69CF
:100FE0009A4202D3BB69002B01D1032351E0FB6875
:100FF0001B681B68042213403BD0BB68802B38D091
:10100000BB68402B35D0FB681B68DB6908221340A6
:10101000082B11D1FB681B6808221A62FB681800B4
:1010200000F022F9FB68902208219950FB68842285
:101030000021995401232CE0FB681B68DA698023A6
:101040001B011A4080231B019A4212D1FB681B68C6
:10105000802212011A62FB68180000F005F9FB6893
:10106000902220219950FB68842200219954032367
:101070000FE0FB681B68DB69BA681340BA68D31AD3
:101080005A425341DBB21A00FB1D1B789A429ED094
:1010900000231800BD4604B080BD000080B590B0AC
:1010A00000AFF860B960BB1D1A80FB68BA689A652A
:1010B000FB68BA1D5C2112885A52FB6890220021FD
:1010C0009950FB688C2222219950FB6880229B5802
:1010D000002B2DD0FB6880229B58404ADA62FB68C7
:1010E00080229B583E4A1A63FB6880229B583D4AE7
:1010F0005A63FB6880229B5800229A63FB68802217
:101100009858FB681B6824331900FB689B6D1A0014
:10111000BB1D1B88FCF7F0F8031E09D0FB6890226A
:1011200010219950FB688C2220219950012350E016
:10113000FB681B69002B19D0EFF31083BB62BB6AFD
:10114000FB630123FB62FB6A83F31088C046FB68E4
:101150001B681A68FB681B68802149000A431A60F3
:10116000FB6B3B633B6B83F31088C046EFF310834C
:101170003B613B69BB6301237B617B6983F310881F
:10118000C046FB681B689A68FB681B6801210A431C
:101190009A60BB6BBB61BB6983F31088C046EFF3F9
:1011A0001083FB61FB697B6301233B623B6A83F332
:1011B0001088C046FB681B689A68FB681B68402162
:1011C0000A439A607B6B7B627B6A83F31088C0461C
:1011D00000231800BD4610B080BDC046351302087C
:1011E00065140208A714020880B58AB000AF7860C1
:1011F000EFF31083BB60BB687B620123FB60FB687D
:1012000083F31088C0467B681B681A687B681B687C
:10121000C0218A431A607B6A3B613B6983F3108873
:10122000C046EFF310837B617B693B620123BB61A6
:10123000BB6983F31088C0467B681B689A687B682B
:101240001B6808490A409A603B6AFB61FB6983F3AB
:101250001088C0467B68882220219950C046BD4630
:101260000AB080BDFFFF7FFF80B58EB000AF786011
:10127000EFF310837B617B697B630123BB61BB69F7
:1012800083F31088C0467B681B681A687B681B68FC
:1012900026490A401A607B6BFB61FB6983F3108867
:1012A000C046EFF310833B623B6A3B6301237B62E2
:1012B0007B6A83F31088C0467B681B689A687B68EA
:1012C0001B681B490A409A603B6BBB62BB6A83F395
:1012D0001088C0467B68DB6E012B18D1EFF31083BA
:1012E000BB60BB68FB620123FB60FB6883F3108873
:1012F000C0467B681B681A687B681B6810218A439C
:101300001A60FB6A3B613B6983F31088C0467B68C7
:101310008C22202199507B680022DA667B680022AB
:101320005A67C046BD460EB080BDC046DFFEFFFF17
:10133000FEFFFFEF80B594B000AF78607B689B6ADA
:10134000FB647B681B681B68202213406FD1FB6C19
:101350005E2200219952EFF31083BB61BB69BB642D
:101360000123FB61FB6983F31088C046FB6C1B689B
:101370001A68FB6C1B683A490A401A60BB6C3B62F6
:101380003B6A83F31088C046EFF310837B627B6A6D
:101390007B640123BB62BB6A83F31088C046FB6C8D
:1013A0001B689A68FB6C1B6801218A439A607B6CFE
:1013B000FB62FB6A83F31088C046EFF310833B6344
:1013C0003B6B3B6401237B637B6B83F31088C046DC
:1013D000FB6C1B689A68FB6C1B6840218A439A600F
:1013E0003B6CBB63BB6B83F31088C046FB6C8C22E9
:1013F00020219950FB6CDB6E012B18D1EFF3108389
:10140000FB60FB68FB6301233B613B6983F310884E
:10141000C046FB6C1B681A68FB6C1B6810218A4372
:101420001A60FB6B7B617B6983F31088C046FB6CA1
:1014300000221A67FB6CDB6E012B08D1FB6C5C226F
:101440009A5AFB6C11001800F1F7EEFE03E0FB6CFA
:101450001800F2F7F9F9C046BD4614B080BDC04689
:10146000FFFEFFFF80B584B000AF78607B689B6AA9
:10147000FB60FB6801221A67FB68DB6E012B0AD157
:10148000FB685C229B5A5B089AB2FB68110018004B
:10149000F1F7CAFE03E0FB681800FFF7D3F8C04677
:1014A000BD4604B080BD80B586B000AF78607B6873
:1014B0009B6A7B617B6988229B583B617B698C229C
:1014C0009B58FB607B691B689B6880221340802BC4
:1014D0000AD13B69212B07D17B6956220021995201
:1014E0007B691800FFF780FE7B691B689B684022C0
:1014F0001340402B0AD1FB68222B07D17B695E2267
:10150000002199527B691800FFF7AEFE7B6990229B
:101510009B5810221A437B6990215A507B6918000E
:10152000F2F728F9C046BD4606B080BD80B584B04C
:1015300000AF78607B689B6AFB60FB685E220021DD
:101540009952FB68562200219952FB681800F2F765
:1015500011F9C046BD4604B080BD80B58AB000AF69
:1015600078607B6888229B58212B4CD17B6856225F
:101570009B5A9BB2002B32D1EFF31083BB60BB6848
:101580007B620123FB60FB6883F31088C0467B68A5
:101590001B681A687B681B6880218A431A607B6A13
:1015A0003B613B6983F31088C046EFF310837B6196
:1015B0007B693B620123BB61BB6983F31088C04632
:1015C0007B681B681A687B681B6840210A431A60A5
:1015D0003B6AFB61FB6983F31088C04613E07B68BC
:1015E0001B6D1A787B681B689A627B681B6D5A1C9E
:1015F0007B681A657B6856229B5A9BB2013B99B265
:101600007B6856229952C046BD460AB080BD80B55F
:101610008CB000AF78607B6888229B58212B51D119
:101620007B6856229B5A9BB2002B32D1EFF310837A
:10163000FB60FB68BB6201233B613B6983F310885D
:10164000C0467B681B681A687B681B6880218A43D8
:101650001A60BB6A7B617B6983F31088C046EFF335
:101660001083BB61BB697B620123FB61FB6983F370
:101670001088C0467B681B681A687B681B6840211D
:101680000A431A607B6A3B623B6A83F31088C04658
:1016900018E07B681B6DFB62FB6A1B881A007B6885
:1016A0001B68D205D20D9A627B681B6D9A1C7B6801
:1016B0001A657B6856229B5A9BB2013B99B27B68A4
:1016C00056229952C046BD460CB080BD80B58CB044
:1016D00000AF78607B6888229B58212B65D12E2330
:1016E000FB187A686A21525A1A8059E07B685622A0
:1016F0009B5A9BB2002B33D1EFF31083FB60FB6846
:10170000BB6201233B613B6983F31088C0467B6861
:101710001B689A687B681B6826490A409A60BB6A06
:101720007B617B6983F31088C046EFF31083BB6154
:10173000BB697B620123FB61FB6983F31088C046B0
:101740007B681B681A687B681B6840210A431A6023
:101750007B6A3B623B6A83F31088C046C04624E044
:101760007B681B68DB698022134013D07B681B6D8C
:101770001A787B681B689A627B681B6D5A1C7B68B1
:101780001A657B6856229B5A9BB2013B99B27B68D3
:10179000562299522E217B181A887B18013A1A80FA
:1017A0002E23FB181B88002BA0D1C046BD460CB0D1
:1017B00080BDC046FFFF7FFF80B58CB000AF786072
:1017C0007B6888229B58212B6AD12E23FB187A68CC
:1017D0006A21525A1A805EE07B6856229B5A9BB25D
:1017E000002B33D1EFF31083BB60BB687B62012316
:1017F000FB60FB6883F31088C0467B681B689A68AF
:101800007B681B6828490A409A607B6A3B613B6998
:1018100083F31088C046EFF310837B617B693B62E2
:101820000123BB61BB6983F31088C0467B681B68DA
:101830001A687B681B6840210A431A603B6AFB6197
:10184000FB6983F31088C046C04629E07B681B68AB
:10185000DB698022134018D07B681B6DBB62BB6ABA
:101860001B881A007B681B68D205D20D9A627B68C0
:101870001B6D9A1C7B681A657B6856229B5A9BB22B
:10188000013B99B27B68562299522E217B181A8807
:101890007B18013A1A802E23FB181B88002B9BD142
:1018A000C046BD460CB080BDFFFF7FFF80B586B04F
:1018B00000AF7860EFF31083BB60BB687B610123EE
:1018C000FB60FB6883F31088C0467B681B681A685E
:1018D0007B681B6840218A431A607B693B613B69D6
:1018E00083F31088C0467B688822202199507B684A
:1018F00000229A677B681800F1F720FFC046BD46BA
:1019000006B080BD80B582B000AF7860C046BD46ED
:1019100002B080BD80B582B000AF7860C046BD46E1
:1019200002B080BD80B588B002AFF8603B1D196081
:101930005A601723FB1800221A70FB6884229B5CF4
:10194000012B01D102234CE0FB6884220121995430
:10195000FB68882224219950FB681B681A68FB6881
:101960001B6801218A431A60FB681B689B681F4A39
:10197000134019003B1D1A68FB681B680A439A60F4
:101980003B1D1B68002B05D13B1DF86819685A6880
:1019900000F0B6F9FB681B681A68FB681B68012138
:1019A0000A431A60FAF764F903003B613B6980223D
:1019B000D103F8680E4A00920022FFF7FFFA031ED7
:1019C00004D01723FB1803221A7003E0FB68882257
:1019D00020219950FB688422002199541723FB1879
:1019E0001B781800BD4606B080BDC046FFFFCFFF84
:1019F000FFFFFF0180B586B000AF78607B6884226E
:101A00009B5C012B01D1022321E07B688422012110
:101A10009954EFF31083BB60BB687B610123FB60CB
:101A2000FB6883F31088C0467B681B681A687B6874
:101A30001B6802210A431A607B693B613B6983F39F
:101A40001088C0467B688422002199540023180026
:101A5000BD4606B080BD80B586B000AF78607B68BB
:101A600084229B5C012B01D1022321E07B6884222C
:101A700001219954EFF31083BB60BB687B610123A4
:101A8000FB60FB6883F31088C0467B681B681A689C
:101A90007B681B6802218A431A607B693B613B6952
:101AA00083F31088C0467B68842200219954002368
:101AB0001800BD4606B080BD80B584B000AF786028
:101AC0007B6884229B5C012B01D1022327E07B6889
:101AD0008422012199547B688822242199507B68B3
:101AE0001B681B68FB607B681B681A687B681B6847
:101AF00001218A431A60FB680B4A1340FB607B6834
:101B000000225A667B681B68FA681A607B68882224
:101B1000202199507B6884220021995400231800C9
:101B2000BD4604B080BDC046FFFFFFDF80B584B076
:101B300000AF786039607B6884229B5C012B01D107
:101B400002232EE07B688422012199547B6888223D
:101B5000242199507B681B681B68FB607B681B68AD
:101B60001A687B681B6801218A431A607B681B68BE
:101B70009B68DB00D9087B681B683A680A439A6057
:101B80007B68180000F0E0F87B681B68FA681A6050
:101B90007B688822202199507B68842200219954F7
:101BA00000231800BD4604B080BD000080B584B09D
:101BB00000AF786039607B6884229B5C012B01D187
:101BC00002232FE07B688422012199547B688822BC
:101BD000242199507B681B681B68FB607B681B682D
:101BE0001A687B681B6801218A431A607B681B683E
:101BF0009B680E4A134019007B681B683A680A43C9
:101C00009A607B68180000F09FF87B681B68FA6890
:101C10001A607B688822202199507B6884220021E9
:101C2000995400231800BD4604B080BDFFFFFFF1AA
:101C3000B0B58AB000AFF860B960BB1D1A80FB6810
:101C40008C229B58202B56D1BB68002B03D0BB1D88
:101C50001B88002B01D101234EE0FB689A6880238A
:101C60005B019A4209D1FB681B69002B05D1BB6857
:101C70000122134001D001233EE0FB680122DA6615
:101C8000FB6800221A6727257C19BB1D1A88B968D2
:101C9000FB681800FFF702FA030023707B191B781A
:101CA000002B24D1FB68DB6E012B1CD1FB681B6869
:101CB00010221A62EFF310837B617B693B62012380
:101CC000BB61BB6983F31088C046FB681B681A6858
:101CD000FB681B6810210A431A603B6AFB61FB69C1
:101CE00083F3108803E02723FB1801221A702723AF
:101CF000FB181B7800E002231800BD460AB0B0BDF7
:101D000080B584B000AFF8603B1D19605A60FB6875
:101D10001B685B68102293431A003B1D9B881900C7
:101D2000FB681B680A435A60FB681B685B681B0200
:101D3000190A3B1D9B791A06FB681B680A435A6007
:101D4000C046BD4604B080BDF0B585B000AF786038
:101D50007B685B6E002B08D17B686A220121995257
:101D60007B6868220121995243E00F26BB190822A3
:101D70001A700E203B1808221A707B681B689B683B
:101D80005B0EDAB20D243B1907210A401A707B68FA
:101D90001B689B685B0FDAB20C257B1907210A4090
:101DA0001A703B181B787A19127814498A5C5A43C6
:101DB00010007B191B78124AD35C1900DEF754FA25
:101DC000030099B27B686A229952BB191B783A19B1
:101DD00012780A498A5C5A4310003B191B78084A5A
:101DE000D35C1900DEF740FA030099B27B686822E1
:101DF0009952C046BD4605B0F0BDC04684B2020847
:101E00008CB2020880B500AFE1F7FEFFFEE780B5B7
:101E100082B000AF7860FEE780B584B000AFF860B4
:101E2000B9607A6001235B421800BD4604B080BDF2
:101E300080B584B000AFF860B9607A6001235B427E
:101E40001800BD4604B080BD80B584B000AFF86016
:101E5000B9607A6001235B421800BD4604B080BDC2
:101E600080B582B000AF7860396001235B42180012
:101E7000BD4602B080BD80B582B000AF786000235F
:101E80001800BD4602B080BD80B500AF0123180028
:101E9000BD4680BD80B582B000AF786039603B68D8
:101EA000802292015A6000231800BD4602B080BD16
:101EB00080B582B000AF786001235B421800BD4658
:101EC00002B080BD10B5002101F01AFA10BD10B5A6
:101ED0000A22002101F0ACFA10BD10B50A2200213F
:101EE00001F0A6FA10BD000010B5034B0100186800
:101EF00000F00EF810BDC0467807002010B5034B67
:101F00000100186801F084FD10BDC046780700206C
:101F1000F0B50D0087B00B350190162D09D90723B8
:101F20009D4307D50C23019A13600024200007B0BD
:101F3000F0BD1025A942F5D8019800F0F9F9FC236D
:101F4000BA4E5B009D421DD22A000832B218110021
:101F500054680839EB088C4203D1D4680233A2429A
:101F600026D003226368A1689343E268E318CA603D
:101F70009160012259680A435A60019800F0E0F923
:101F80000834D3E73F236A0A03D0042A26D8AB09D2
:101F9000383303229446D9008919CC688C4206D084
:101FA000604662688243571B0F2F2FDD013B0133D0
:101FB00034699F498C4250D0032062688243501B91
:101FC0000F2831DD012367191D43034365607761E5
:101FD0003761F960B9607B60A050CEE7142A02D85F
:101FE00013005B33D5E7542A02D82B0B6E33D0E7AE
:101FF000AA235B009A4202D8EB0B7733C9E78D49DD
:102000007E238A42C5D8AB0C7C33C2E7E068002F40
:1020100008DBA368D86083600123A21851680B43D2
:102020005360AAE70400B9E7716131610028F3DA6F
:1020300071688C46802189008A4200D38AE0D108E9
:10204000500901228240604602437260CA00921920
:102050009168E260A1609460CC600122734899109D
:102060008A404168914226D30A4205D10324A34302
:10207000520004330A42FBD0DE008619B4460293B4
:102080006146CC68644500D09BE00834A446032434
:102090000299013102912142F2D1234200D0B7E0EE
:1020A000436893434360614B52005968914202D3A5
:1020B000002A00D0B8E00322836802935B68934350
:1020C0000393AB4203D35A1B0F2A00DD1FE1029B8F
:1020D000039A08209E18584B1B6810335F1901F0B3
:1020E0000BFC564B04901B68013303D0013F3B1897
:1020F00047421F403900019801F0AAFB0400431C2D
:1021000000D1DAE0864204D9484B029A9A4200D0C4
:10211000D3E04B4A1368FB181360049A013AA642B5
:1021200000D093E0164200D090E0404B9A68039BA9
:10213000DF1901233B435360414B424A1B6811683E
:102140008B4200D91360404A11688B4200D8B4E03A
:102150001360B2E0500A042811D891093831CF0039
:10216000BF19B868874225D1012289108A4061468B
:102170000A437260E760A060BC60C4606DE7142829
:1021800002D801005B31EAE7542802D8110B6E3106
:10219000E5E7AA214900884202D8D10B7731DEE772
:1021A000244F7E21B842DAD8910C7C31D7E7806881
:1021B000874204D003264168B1439142F7D8C768EB
:1021C000D8E703276168B9430391E768491B0F29E2
:1021D00010DD0122631915436560A5680A43EF60AD
:1021E000BD604361036112485A60D8609860039BE8
:1021F000E150C2E6002909DB039BE11801234A688C
:1022000013434B60A368DF60BB60B6E63C0039E770
:102210003168083E013BB14200D13EE743E7043359
:1022200052000A42FBD027E7029BFAE7F8010020A0
:102230000002002054050000D8930120F001002086
:10224000A8930120D4930120D09301203549086838
:10225000013040D10C600721260000230E400C42C3
:1022600002D008339B1BE418E1190591059F0499DE
:102270001740CB18DF1B17403900019801F0E8FA2E
:10228000431C07D1371E059804D030000027059B5A
:1022900008381818244A001B1368C019DB1913608A
:1022A0000122224B029910439C606060994200D148
:1022B00042E7039B0F2B13D8626003221B4B9B68E2
:1022C0005B6893435A1BAB4201D30F2A1FDC019872
:1022D00000F036F829E61449A61BF6180E60BAE796
:1022E0000721039B0C3B8B43029949680A400299E2
:1022F0001A434A60CA180521516091600F2B00D81B
:102300001AE702990198083101F082FB14E70123D2
:102310001800064928438C681343651960608D6076
:102320006B602AE6F0010020A8930120F80100204C
:1023300010B5024801F0DEFA10BDC0461C95012020
:1023400010B5024801F0D7FA10BDC0461C95012017
:10235000094B10B51C68094A983420686168084B1D
:10236000DEF706F9012200238018594120606160E0
:102370004800400810BDC046780700202D7F954CCE
:102380002DF4515810B5034B0A000100186800F0F5
:1023900003F810BD78070020F0B587B00C1E03903D
:1023A000059206D11100FFF7B3FD0700380007B012
:1023B000F0BD0398FFF7BCFF2300083B5F68029362
:1023C0003A0003239A43059B04920B33162B08D93A
:1023D00007229343019306D50C23039A1360002729
:1023E000E4E710230193059B019A9342F4D8049BE0
:1023F000019A934200DB6DE1049A029BBA489B1854
:10240000826894465A689C4506D001251100A9436C
:1024100059184968294244D103218A4304998E18E6
:1024200001999C4517D11031B1423CDC019A012140
:102430009446B61A2200029B0E4363448360083A16
:102440005E60536803980B4061460B435360FFF78F
:1024500077FF2700AAE7B14225DCDA689B68DA60DB
:102460009360019B029AF41A029B92195868012307
:1024700018400F2C00D82FE1019D029928434919DB
:10248000029D1C4368604C605068083103435360F0
:10249000039801F0BDFA0398FFF752FF029F083737
:1024A00084E700221300FF0700D5C6E021000320C7
:1024B00008390D6802994D1B6968814304980F180B
:1024C000002B00D184E0D6199C4548D1019B1033E4
:1024D000B3427DDCAA68EB682F00D3609A600200EB
:1024E000043A0837242A35D83B00132A08D9236830
:1024F000AB606368EB601B2A1AD82B0008341033DA
:1025000022681A6062685A60A2689A60019B764AE3
:10251000EB189360019AB61A012216435E606B684D
:102520001340019A13436B600398FFF709FF3DE7DF
:10253000A3682B61E3686B61242A03D02B0010345D
:102540001833DDE72369AB612B0062692033EA6150
:102550001834D5E72100380001F0A6F8D6E7019A33
:10256000B24235DC2800DA689B680830DA60936094
:10257000AA68EB68D3609A60049A043A242A23D8A4
:10258000132A07D92368AB606368EB601B2A09D85C
:10259000083408302368036063684360A36883607D
:1025A00002955EE7A3682B61E3686B61242A03D080
:1025B000280010341830EDE7280023692030AB6183
:1025C00063691834EB61E5E7210001F06DF8E7E796
:1025D000019BBB4231DC2800AA68EB680830D3605D
:1025E0009A60049A043A242A23D8132A07D9236824
:1025F000AB606368EB601B2A09D808340830236895
:10260000036063684360A36883603E00C8E7A36813
:102610002B61E3686B61242A03D028001034183042
:10262000EDE7280023692030AB6163691834EB6162
:10263000E5E7210001F038F8E7E705990398FFF78F
:1026400067FC071E03D10398FFF77AFEC7E6230055
:102650000122083B5B689343029AD3180200083AB0
:10266000934205D15E6803239E43049BF618F8E667
:10267000049A043A242A29D803002100132A08D9ED
:1026800023680360636843601B2A0DD80300083188
:1026900008330A681A604A685A608A689A6021009A
:1026A000039801F0B5F93FE7A3688360E368C3606E
:1026B000242A03D0030010311033EAE723691831CC
:1026C00003610300626918334261E2E7210000F010
:1026D000EBFFE4E7049EC4E6029906434E605168AE
:1026E0000B435360D7E6C046F801002070B51600D2
:1026F0000D0002F0EBF8002E0DD06B236A00520D96
:102700009B1A002B07DD0024034A1B059D182B0094
:102710002200DFF741FA70BD0000F03FF0B5A3B032
:102720001B92002200260027059009911E921D9100
:102730000A782B2A53D03FD80D2A39D8082A39D8FD
:10274000002A42D00022129200211D9D0C912A786D
:10275000302A00D083E06A7820318A43582A00D09A
:1027600073E00293129B954A01931EAB0093059868
:102770001FAB1DA901F066FA0F2302001A400400E6
:102780000692184205D0062A2BD1002301351D954B
:1027900012931B9B002B02D01D9B1B9A1360129B54
:1027A000002B19D0802330001B06F91823B0F0BD90
:1027B000202AC7D10131BAE72D2AC3D12C3A12926F
:1027C0004A1C1D924A78002ABED1099B1D93002302
:1027D00012931B9B002BDFD130003900E6E700226B
:1027E000EDE71E9A002A07D0352120A802F064F9EF
:1027F0001E99059801F052FD06981F9B0138042888
:1028000006D8DDF793FC12031C1E1200209E219FA8
:10281000E40502D580231B061F43694B3B42B8D118
:1028200001F03CF822230360B3E76649219A209E19
:102830000A4065495B181B051A431700E8E7604F1B
:10284000E6E70126614F7642E2E71D9B5A1C1D9286
:102850005B78302BF9D0002B9BD001230C93002503
:102860000A221D9B0D95139308951D98047823004B
:10287000303BD9B2092927D90122554900F04AFF36
:10288000002831D0002023008446089A0E9006923A
:102890002022190091430A0000210791452A00D007
:1028A000C0E0069B0C9A034313438B428DD01D9BC3
:1028B000099301331D93099B5B782B2B70D00C007F
:1028C0002D2B73D101246CE00899082909DC0D999E
:1028D00051435B180D93089B0130013308931D9001
:1028E000C3E755435D19F6E71D9B5A1C1D92089AD4
:1028F0005B78002A3AD00E9006921A00303A092AE4
:1029000012D901229446C3E71D9B01305A1C1D9227
:102910005B78302BF8D01A00313A082A3BD80E9059
:1029200000201D9A069013921A00411C303A302B59
:1029300016D00E9B5B180E93069B0A219C4684447E
:102940009C4515D10699069B013109181B18069163
:10295000082B19DC0A230D994B430021D3180D9342
:102960001D9B08005A1C1D925B78C6E70898D0E7AB
:102970005C1C082B04DC0D9B4B430D932300DFE70D
:10298000102CFBDC4D43F9E700210F2BE8DC0A2378
:102990005D435519E4E700220E9206920132B1E739
:1029A0000024099B02331D93099B9B781A00303A3F
:1029B000092A13D9099A1D92002232E0ECB20208CA
:1029C0000000F07FFFFFEFFF33040000FFFFFF7FF9
:1029D000D4B202081D9B5A1C1D925B78302BF9D093
:1029E000002207921A00313A082A1BD8303B109374
:1029F0001D9B07931D9B591C1D915B781A00303A53
:102A0000092A3AD9079A8A1AB4490791082A04DC94
:102A1000109A07928A4200DD0791002C02D0079A93
:102A200052420792069A002A4DD10C9A104300D0C8
:102A3000AFE66246002A00D0C7E6692B27D023DC28
:102A4000492B24D04E2B00D0BFE6A5491DA801F08C
:102A50002FFB002800D1B8E61D9B1B78282B2CD11A
:102A6000A04920AA1DA801F037FB052825D1219BEC
:102A70009D4A209E1A4317008BE60A2210994A436A
:102A8000D218303A1092B5E76E2BDED09DE697490A
:102A90001DA801F00DFB002800D196E61D9B94496E
:102AA000013B1DA81D9301F003FB002802D11D9BD3
:102AB00001331D9300268C4F6BE68E4800F038FFE3
:102AC00006000F0065E6079B0E9A9B1A0C93089B65
:102AD000002B01D1069B0893069C102C00DD1024CE
:102AE0000D98DFF749FF069B06000F00092B13DC4A
:102AF0000C9B002B00D14CE60C9B002B00DC7EE0F5
:102B0000162B63DC7C49DB00C91832000868496871
:102B10003B00DFF741F8D3E72200774B093AD200B8
:102B20009B181A685B68DFF737F8060028000F006B
:102B3000DFF722FF0B00020039003000DEF784F8D7
:102B4000069B06000F000F2BD2DD069B1C1B0C9B67
:102B5000E418002C00DC9BE00F22230013401442F9
:102B60000AD06549DB00C9183200086849683B0093
:102B7000DFF712F806000F000F239C4373D02633B3
:102B8000FF339C424BDD0023069307930D9308937C
:102B900022230026059A544F13600D9BB34200D1A7
:102BA000F7E51E99059801F079FB0899059801F061
:102BB00075FB0799059801F071FB0D99059801F0D7
:102BC0006DFB0699059801F069FBE2E52523069A5D
:102BD0009B1A0C9A9342B8DB0F24069B464DE41ACD
:102BE000E10069183200086849683B00DEF7D4FF4D
:102BF0000C9B1C1BE4002D192A686B6889E70C9B51
:102C00001633A2DB07990E9A3B4B521AD2009B183F
:102C100030001A685B683900DEF77AFB50E7002362
:102C200030003900354D24110993012C1EDC002B96
:102C300001D006000F00324B099AFF182F4BD50028
:102C40005D193200286869683B00DEF7A5FF264B56
:102C50002C4A06000B40934295D82B4A934213D935
:102C600001262A4F76420023099386E0012214426E
:102C700004D02A686B68DEF78FFF0123099A64107D
:102C8000013209920835D0E7D4239B04CF18EAE734
:102C9000002CE8D064420F2322001A401C420AD0C4
:102CA000154BD2009B1830001A685B683900DEF7BC
:102CB0002FFB06000F002411D5D01F2C28DD002388
:102CC000069307930D9308932223059A0026136019
:102CD0000D9B0027002B00D063E75AE51F4E000034
:102CE00005B60208D8B202080000F07FFDB5020860
:102CF0008BB6020887B6020830B5020808B502088C
:102D00000000B0FC0000A07C0000907CFFFFEF7F83
:102D1000102322001A4009921C4201D05A33099311
:102D2000300039000023BF4D0122144204D02A682C
:102D30006B68DEF731FF012364100835002CF3D1F6
:102D4000002B01D006000F00099B002B0DD06B2338
:102D50007A00520D39009B1A002B06DD1F2B5ADD1D
:102D60000026342B50DDDC27BF0400220023300076
:102D70003900DDF775FB0028A1D10D9B089A00935F
:102D80001399069B059801F0D7FA0D90002800D101
:102D9000F9E60C9B0799DA170E9B5B1A1A400C9BFD
:102DA0001792DB430C9ADB171A4000231A92069302
:102DB00007930D9B0598596801F048FA0890002880
:102DC00000D1E5E60D9B0C3019001A690C31023276
:102DD000920000F0A4FD20AB01931FAB00933200E2
:102DE0003B0005981096119701F0DCFD1E9000281D
:102DF00000D1CDE60121059801F03AFB07900028AB
:102E00000ED100230793C3E64B239A1A4C3B934001
:102E100019400F00A9E7012252429A401640A4E748
:102E20001F9B1A9A179DD41A002B01DB1A9C5D195F
:102E30000999209A5B1A36219B188A1A7A4901202F
:102E40008C460021013B16911490634506DA6146D9
:102E5000C91A521A1F293FDC88401490AB180E93F0
:102E6000A418099B0E9A1C192B00954200DD130033
:102E7000A34200DD2300002B04DD0E9AE41AD21ACF
:102E80000E92ED1A179B002B16DD1A000799059874
:102E900001F0B8FB07900028B3D001001E9A0598F6
:102EA00001F0FEFA1390002800D171E61E990598F2
:102EB00001F0F4F9139B1E930E9B002B12DC0C9B6C
:102EC000002B18DD1A9A0899059801F09BFB0890D1
:102ED000002810D100235AE65449CB1A010099402A
:102EE0001691BAE70E9A1E99059801F0CDFB1E9037
:102EF0000028E4D14CE6002C07DD22000899059853
:102F000001F0C2FB08900028E4D0002D08DD2A0063
:102F10000799059801F0B8FB0790002800D137E623
:102F2000089A1E99059801F037FC0690002800D1F8
:102F30002EE6C368079913930023C36001F010FCC9
:102F400000283BDA139B334367D13B0365D1D6227C
:102F5000374BD2043B4093425FD9069B5B69002B01
:102F600003D1069B1B69012B57DD069901220598A9
:102F700001F08AFB0799069001F0F2FB00284CDD76
:102F80002B4B099A3B40002A74D0D622D20493429C
:102F900070D8DC229204934200D895E630003900C4
:102FA000244B0022DEF7F8FD214B06000F000B42F8
:102FB00000D0F6E52223059A1360F2E50E9700286B
:102FC00075D1139A3B031B0B002A39D01A4A93423E
:102FD00038D10121099B494232000800002B0BD057
:102FE000D424134B08003B40E404A34204D86C30C3
:102FF0001B0DC31A99400800824223D10F4B0E9932
:10300000994202D1013200D1C2E5094B0E9A002645
:103010001A401300802252039F18099B002BBDD138
:10302000BFE5C04600B3020802FCFFFFE2FBFFFF62
:103030000000F07F00005039FFFF0F00FFFFEF7F1F
:1030400033439DD0169B002B1CD00E9B169A134227
:10305000E3D0139B30003900099A002B16D0FFF7FC
:1030600045FB02000B0010981199DDF7EDFD0600FD
:103070000F00D2E70126924A76429B18914A1A43E2
:103080001700CAE7149B3342C7D0E2E7FFF72EFBD5
:1030900002000B0010981199DFF746F80022002378
:1030A00006000F00DDF7DCF90028B6D00CE6079922
:1030B000069801F0D7FC80230022DB0504000D00F8
:1030C000DDF7DEF900286CD0139B002B77D1002EA2
:1030D00057D10E9B1B035AD10022200029007A4BA6
:1030E000DDF7C4F9002859D1200029000022774BD0
:1030F000DEF752FD04000D0080231B06EB180A9436
:103100000B930A9A0B9B14921593714A0E9B1340D2
:103110001693169A6F4B9A4200D087E06E4A0E9B28
:10312000944663441F003000190001F0CFFB0A9A57
:103130000B9BDEF731FD32003B00DDF785FD644A75
:10314000664B06000A409A4240D9119B644A93425A
:1031500003D1109B013300D11AE50126604F76425E
:103160001E99059801F09AF80899059801F096F8CB
:103170000799059801F092F80699059801F08EF8E4
:1031800017E6012E03D10E9B002B00D19CE50023F6
:10319000544C4D4D0A930B940024B2E700244B4D40
:1031A000AAE720002900494B0022DEF7F5FC139B1B
:1031B00004000D00002B9FD00A940B95A1E700237B
:1031C000414C25000A930B941C009AE7D4239B04DE
:1031D000CF18099B1097002BC2D13D4B169A3B404C
:1031E0009A42BDD120002900DDF70EFADDF746FA3C
:1031F00002000B0020002900DEF796FF3C03139B22
:10320000240B34430E900F91374A1C4352D0374B56
:10321000DDF72CF9002800D0C3E40E980F99344A4A
:103220002A4BDDF737F900289AD0BAE4099B002B26
:103230002AD0D423169ADB049A4225D820002900EC
:103240002C4A2D4BDDF71CF9002816D02000290050
:10325000DDF7BCF9002800D10130DFF78DFB139BAF
:1032600004000D00002B22D180231B06CB181890E0
:103270001993189A199B14921593D622159BD20470
:103280009B18169A9B1A159310981199149E159FC6
:1032900001F01CFB02000B0030003900DEF77CFC63
:1032A000109A119BDDF7D0FC06000F0091E71894EF
:1032B0001995DEE7114B0E980F99DDF7D7F8B2E7B5
:1032C0000000F0FFFFFF0F000000F03F0000E03FB4
:1032D0000000F07F0000E07F0000B0FCFFFF9F7C5B
:1032E000FFFFEF7F0000F0BF9535A094FFFFDF3FA9
:1032F00035E5AF350000C0FFFFFFDF41FFFFCF3FE7
:1033000010B5044C0A000100034B2068FFF706FAD1
:1033100010BDC046780700200C060020F0B585B02F
:1033200017001E0003900191242B44D80C00012BA0
:1033300041D03D4B08229C46230061461D78013454
:10334000485D010011401042F6D12D2D3AD125786B
:103350009C1C0123009310223300934309D1302D8C
:1033600036D1202123788B43582B31D11600657834
:1033700002342E4A009B94466344310018000293A5
:10338000DCF76EFF0022844610002B00303B092B37
:1033900025D81D00AE4231DD531C09D00122524216
:1033A000844505D301D1A94225DB012270432818A9
:1033B00025780134E9E700F071FA16230360002054
:1033C00005B0F0BD00912B2DC5D125789C1CC2E71E
:1033D000002ECED10836302DCBD00236C9E72B00D7
:1033E000413B192B01D8373DD4E72B00613B192B0A
:1033F00004D8573DCEE701225242D9E7531C08D1E9
:103400002223039A02981360002FD9D0631E0193E0
:1034100007E0009B002B00D04042002FD0D0002AB4
:10342000F4D1019B3B60CBE729B30208FFFFFF7F8C
:1034300010B5044C13000A0001002068FFF76EFF6E
:1034400010BDC04678070020002310B504000360BB
:103450004360836081814366C2810361436183610C
:10346000190008225C3000F032F90B4BE461236252
:103470000A4B63620A4BA3620A4BE3620A4B9C420B
:1034800005D00A4B9C4202D0094B9C4203D120003C
:10349000583000F02DFA10BD1136020839360208F6
:1034A000713602089D360208DC9301204494012005
:1034B000AC94012010B5034A0349044800F06CF8AD
:1034C00010BDC04600060020D15F02088007002022
:1034D00041680B4B10B50400994201D002F078FD11
:1034E000A168084B994202D0200002F071FDE1680A
:1034F000054B994202D0200002F06AFD10BDC04683
:10350000DC93012044940120AC94012010B5094BB8
:10351000094A04211A6009480022FFF795FF012299
:1035200009210748FFF790FF022212210548FFF703
:103530008BFF10BD14950120B5340208DC930120E7
:1035400044940120AC94012010B5024800F0D2F957
:1035500010BDC0461E95012010B5024800F0CBF901
:1035600010BDC0461E95012010B50400FFF7ECFF0A
:10357000636B002B02D0FFF7EFFF10BD044B6363BA
:10358000044B1B68002BF6D1FFF7C0FFF3E7C046E2
:10359000D134020814950120F7B5140000260090DC
:1035A0000191A5686768013F04D52468002CF8D113
:1035B0003000FEBDAB89012B08D90E22AB5E013372
:1035C00004D029000098019B984706436835EAE734
:1035D0000EB400B50B499CB01DAB0290069007914C
:1035E00004910948094904CB0591006802A9019397
:1035F00001F0B4FA0022029B1A701CB008BC03B0A0
:103600001847C046FFFFFF7F780700200802FFFF32
:1036100070B50C000E25495F00F006F9002803DBA9
:10362000236D1B18236570BDA389024A1340A38133
:10363000F9E7C046FFEFFFFFF8B51F008B890500D3
:103640000C001600DB0505D50E23C95E00220223FF
:1036500000F0D6F8A389054A28001340A381320060
:103660000E23E15E3B0000F005F9F8BDFFEFFFFF20
:1036700070B50C000E25495F00F0C2F8A389421C0A
:1036800003D1054A1340A38170BD80225201134328
:10369000A3812065F8E7C046FFEFFFFF10B50E23BA
:1036A000C95E00F09BF810BD10B5884206D8002313
:1036B0009A4208D0CC5CC4540133F9E78B18984285
:1036C000F5D2013A00D210BD8B5C8354F9E70300B8
:1036D0008218934200D1704719700133F9E7020054
:1036E00010B5137814000132002BFAD1CA5CE254F1
:1036F0000133002AFAD110BDC9B20378002B04D0DF
:103700008B4200D170470130F7E74B4259414942A3
:103710000840F7E730B50500101E0BD00024013A31
:103720002B5D085D834204D1A24202D00134002BFC
:10373000F6D1181A30BD030030B51D00002A06D09E
:103740000C78013A01332C700131002CF5D10021A5
:103750009A18934200D130BD19700133F9E7000087
:10376000034B10B51A680123503200F003F810BD66
:1037700078070020F0B5041E02D11468002C09D08F
:1037800020000E00057801343778002F04D1002D79
:103790000DD11560002006E00136BD42F4D1002BAA
:1037A000EED114600370F0BD0133002D02D10B0087
:1037B000267801341D78AE42F6D100231D009E42CA
:1037C00002D02300611E0D701360ECE79422024BBF
:1037D0005200985C7047C0460C060020002370B56C
:1037E000064D040008002B60FEF762FB431C03D16A
:1037F0002B68002B00D0236070BDC04618950120B7
:1038000070B50400080011001A000023054D2B605C
:10381000FEF71AFB431C03D12B68002B00D023605A
:1038200070BDC0461895012070B504000800110055
:103830001A000023054D2B60FEF7FAFA431C03D152
:103840002B68002B00D0236070BDC0461895012066
:10385000002370B5064D040008002B6004F09CFDA9
:10386000431C03D12B68002B00D0236070BDC046E1
:103870001895012070B50400080011001A000023FB
:10388000054D2B60FEF7C8FA431C03D12B68002BB3
:1038900000D0236070BDC04618950120014B186808
:1038A0007047C0467807002070B500260C4C0D4DBF
:1038B000641BA410A64209D1002604F07FFD0A4C27
:1038C0000A4D641BA410A64205D170BDB300EB588D
:1038D00098470136EEE7B300EB5898470136F2E718
:1038E00018B7020818B7020820B7020818B702086C
:1038F0007047704770477047802310B5082804D080
:10390000FFF7CCFF16230360173B180010BD030020
:103910000A7801311A700133002AF9D17047002367
:1039200010B59A4200D110BDCC5CC4540133F8E705
:10393000002001497047C0460000F87F034B10B5D6
:10394000002B02D0024800F005F810BD0000000076
:10395000FD610208002310B501001A00180002F0F2
:103960009FFC10BDF7B5040008200D00FFF7C4FF51
:1039700006002000FEF7DCFC0322224F3100BB686A
:103980005B68934318001138401B80190193DCF7E2
:10399000E1FB451E7543AE4204DD2000FEF7D0FC7E
:1039A0000020FEBD00212000FFF752FFBB68019AF6
:1039B0009B189842F1D120006942FFF749FF01307E
:1039C00010D100212000FFF743FFBA68811A0F29A8
:1039D000E3DD0D4D0D4B2D68401B186001230B439B
:1039E0005360DAE70126019BBA685B1B33435360DF
:1039F000064A200013685B1B1360FEF7A1FC300031
:103A0000CFE7C046F8010020F0010020A893012074
:103A1000F7B50D1E01902DD0FEF78AFC0123290079
:103A20009C4608394F6862463B0064469343C81879
:103A30004568023295434A4A2740966886421AD121
:103A40005B19002F06D10868091A8D681B18C86811
:103A5000E86085600120184348609160414A12681F
:103A60009A4204D8404B01981968FFF77BFF0198F0
:103A7000FEF766FCF7BD00264560B74209D10F6826
:103A80003A4CC91BDB198F68A7422CD0CC68FC606C
:103A9000A76047197C6801273C420BD15B198568F8
:103AA000002E22D1314CA5421FD13E00516111613F
:103AB000CD608D600125280018434860CB50002E52
:103AC000D5D180208000834213D2D8085B099D4065
:103AD00053681D43C3009B1855609A68CB608A6089
:103AE0009960D160C3E76646D3E7C068E860856047
:103AF000E0E75D0A042D12D898093830C600B618E0
:103B0000B5680327AE4225D1012380108340506859
:103B100003435360CE608D60B160E960A7E7142D68
:103B200002D828005B30E9E7542D02D8180B6E301C
:103B3000E4E7AA204000854202D8D80B7730DDE7C1
:103B40000B4E7E20B542D9D8980C7C30D6E7AD68B4
:103B5000AE4203D06A68BA439A42F8D8EE68D9E711
:103B6000F8010020F4010020D89301200002002079
:103B7000540500000200F0B5046985B014324B1101
:103B8000160002939C4231DD1F260F009B00A5000A
:103B9000D318374055190093019731420DD11600C3
:103BA00019008D4236D8009B0026033B9D4202D36C
:103BB000029BE41AA600961918E02021019E019F9D
:103BC000891B009E039102CE9446F940B54216D857
:103BD000009B002601339D4203D3029BE41AA600FA
:103BE000043E96193160002900D00436B11A8910BC
:103BF0000161964201D10023436105B0F0BD3768F1
:103C0000039B9F400F43614680C18C46019B02CEBF
:103C1000D940DBE780C980C6C3E70200303A030021
:103C2000092A02D8203BD8B270470200613A052A1F
:103C300001D8473BF7E71A00413A0020052AF3D89C
:103C4000273BF0E7F0B589B007930B68019203902A
:103C500006919A1C11000132501E00783028F9D0CC
:103C6000CB1A023B05930091FFF7D7FF00231D00FD
:103C7000029398421ED10122A6490098FFF74AFDFF
:103C80000700A84200D06AE0009B58785C1CFFF750
:103C9000C4FF01230293A8422FD00094009B187800
:103CA000302809D0FFF7B9FF4242424101232500E5
:103CB00002920593009C04E0009B01330093EDE722
:103CC00001342078FFF7A9FF071EF9D10122200057
:103CD0009049FFF71FFD00280DD1002D06D10134BA
:103CE00025002078FFF799FF002802D12D1BAF0097
:103CF00003E00134F5E7002DF8D1202223782600D7
:103D00009343502B1DD163782B2B2DD02D2B2FD0EF
:103D10000023661C04933078FFF77FFF431EDBB25D
:103D20000500182B2AD87078FFF777FF431EDBB207
:103D30000136103D182B1DD9049B002B00D06D427D
:103D40007F19069B1E60029B002B19D0059B06263F
:103D50005A4253415B421E40300009B0F0BD01237E
:103D60000027009C0293C8E700230493A61CD2E717
:103D70000123FAE70A235D432D18D4E72600E0E784
:103D8000009B0299E31A013B072B0ADC039800F021
:103D90005DFA051E08D12A00E4215F4B5F4802F05E
:103DA000BFFA01315B10EFE7030014330293059370
:103DB00000231E000493009BA34238D3059C029B62
:103DC00040C4E41AA41030002C6100F001FB019BF8
:103DD00064011B68261A00939E4252DDF61A3100D8
:103DE000280000F08AFE041E0FD001241F232000AB
:103DF000721E13409840030051110298890009581F
:103E0000194202D0A24234DC022431002800FFF71C
:103E1000B1FEBF19019B9B68BB4242DA290003989F
:103E200000F03CFA00230E9AA326136094E7013CAD
:103E300023782E2B12D0049B202B04D1059B40C34A
:103E40000026059304962078FFF7E7FE0F2318401D
:103E5000049B9840043306430493ACE7009BA342C1
:103E6000E9D8012220002B49FFF754FC0028E2D1B9
:103E7000A1E72800B11E00F040FE0028C4D00324B2
:103E8000C3E7009B00249E42C4DA9E1B2900320037
:103E9000039800F0F9FB030014330500BF1B0293E5
:103EA000B8E7019B5E68BE426FDD009BF61BB34224
:103EB00036DC019BDB68022B24D0032B26D0012BA0
:103EC00017D1009BB34214D1012B0BD1019B079A50
:103ED0005B68622613600123029A2B6113600E9BBC
:103EE0001D6039E700992800013900F006FE00281E
:103EF000ECD12900039800F0D1F900230E9A502646
:103F0000136029E70F9B002BF3D1DFE70F9B002BFA
:103F1000DCD1EEE7D4B2020831B4020842B40208A0
:103F2000771E002C2FD1002F04D03900280000F07C
:103F3000E4FD04001F237A111F401E3BBB40029981
:103F4000920052581A4201D002231C43009B3100B8
:103F50009B1B022628000093FFF70CFE019B5F6865
:103F6000002C3FD0019BDB68022B10D0032B12D01A
:103F7000012B06D1A20704D5029A126814431C42F1
:103F80000CD110232DE00124D4E70126E8E701231A
:103F90000F9A9B1A0F930F9B002BF2D02B690020D6
:103FA00002939B0004932B00049A143399181A6807
:103FB000541C1CD001321A602B001433022E3FD146
:103FC000019A00991268013A8A4209D10A001F2019
:103FD00010400122824049118900CB5813423DD143
:103FE00020231E430E9B1D60079B1F60B4E601C388
:103FF0009942DCD8AB68029A9A4218DB6968039848
:10400000013100F023F9041E04D1220084211D4B4C
:104010001D48C4E629002A690C31023292000C3096
:10402000FFF77DFC2900039800F038F925002B6983
:104030005A1C2A61012204339B00EB185A60BBE72B
:104040002A6902998A420BDD01212800FFF792FDBF
:10405000019B01379B68BB4200DADFE60126BFE720
:104060001F22009C009914401142F7D0049A9B181B
:10407000043B186800F0ACF920231B1B9842E3DBDB
:10408000ECE7C04631B4020842B40208082370B518
:1040900020259A1A9200AD1A436804681E00AE40AB
:1040A000D34034430460436004308842F4D370BD8D
:1040B00030B503680C780133002C02D10360012075
:1040C00030BD1A781500413D192D00D8203201313C
:1040D000A242EFD00020F3E7F0B50B688BB001925D
:1040E00001995A1192008A18029219001F22114058
:1040F00008900691134202D0029B04330293029B64
:1041000000251F1F3E003C00089B3D601B68079573
:1041100005930395059B01330993059B5B780493F5
:10412000002B28D00498FFF778FD002855D1049B78
:10413000202B19D8039B079A934212DDB44206D272
:10414000072D04DC2A0031002000FFF79FFF019BB0
:1041500008259C4205D9261F00253400039B3560A5
:104160000793099B0593D5E7049B292B5AD1059BFF
:10417000089A02331360039B002B53D0B44206D23B
:10418000072D04DC2A0031002000FFF77FFF019B90
:104190009C4236D91A00230002CB02C29F42FBD2B6
:1041A000029B611CDA1E0423914205D8029B043B4A
:1041B0001B1B9B0801339B00019AD318002204C3E8
:1041C0009F42FCD23B68002B04D1019B9F4227D128
:1041D00001233B6005200BB0F0BD039B013501338B
:1041E0000393082D06DD019B9C42BAD900230125CB
:1041F000043C23600F22236810401B01034323600B
:10420000AFE7069B002BDDD02023069A02999B1A6C
:1042100001225242DA4004390B6813400B60D1E7A7
:10422000043FCFE70420D6E782B0002900D101A9DE
:10423000101E06D0002B06D013780B601078431E9A
:10424000984102B0704702204042FAE7436C70B5D3
:1042500006000C00002B12D0736CA2009B1818688B
:10426000002815D101210D00A5406A1D30009200E3
:1042700002F074F8002809D0446085600AE0212229
:10428000042102F06BF870640028E5D1002070BDB5
:1042900002681A6000230361C360F8E7002906D0B2
:1042A0004A68436C92009B181A680A60196070474C
:1042B000F7B50F0001900C001E0000200D691437A7
:1042C0003B68013099B251431B0C534389190E0CC2
:1042D0009B191E0C89B21B045B1808C78542EFDCD2
:1042E000002E22D0A368AB4219DC6168019801312D
:1042F000FFF7ACFF071E05D13A00BA210C4B0D4861
:1043000002F00EF8210022690C31023292000C30CA
:10431000FFF705FB21000198FFF7C0FF3C002B1DB4
:104320009B00E31801355E6025612000FEBDC0469C
:1043300031B40208A2B40208F7B5070018000C0057
:104340000830092101931500DBF78EFF01230021BE
:1043500083420ADB3800FFF779FF011E08D10A000B
:10436000194B1A48D33101F0DBFF5B000131EFE755
:10437000089B436101230361092D18DD23000933E4
:104380001E000093641933780A223800303BFFF78F
:104390008FFF01360100A642F5D12C00009B083C9E
:1043A0001C192E00019B9E4204DB0800FEBD09255E
:1043B0000A34F6E7631B9B5D0A223800303BFFF7A7
:1043C00077FF01360100EDE731B40208A2B402081C
:1043D0008022030052020020934201D21B041030BD
:1043E00080225204934201D208301B0280225205DF
:1043F000934201D204301B018022D205934201D2A4
:1044000002309B00002B03DB0130134200D120203F
:1044100070470368010007221800104013420DD0B6
:10442000063A0020134205D10230034203D0D340A4
:1044300010000B6070479B080B60FBE79AB2002AE4
:1044400001D110201B0CDAB2002A01D108301B0A5E
:104450001A0701D104301B099A0701D102309B08C9
:10446000DA07E9D401305B08E6D12020E2E700005A
:1044700010B50C000121FFF7E9FE002807D1462105
:10448000054C0200054B2000FF3101F049FF0123DC
:104490004461036110BDC046A2B4020831B40208F1
:1044A000F0B514000A6923690D008BB09A4202DB53
:1044B00023000C001D0027692E696168BB19039356
:1044C000A368BA19934200DA0131FFF7BFFE0290E8
:1044D000002806D1B121494B4948029A490001F010
:1044E0001FFF029B002214339C46BB199B006344B0
:1044F0000493634604998B422AD32300BF001433EC
:1045000014350893B600DB190593AB1909930423FE
:1045100006932300059A153301959A4205D3131B80
:10452000153B9B0801339B000693019B099A93421C
:1045300010D3039B002B05DD049B043B04931B68F5
:10454000002B56D0029B039A18001A610BB0F0BDE5
:1045500004C3CFE7019B186880B200281ED06746CD
:104560000025089E02CE3B6807938BB243431A0096
:104570006B46090C9B8B4143D318079A5B19120CAD
:1045800089181A0C8A189BB2150C12041A43059B41
:1045900004C7B342E6D86346069A9D50019B18684B
:1045A000000C20D063462500614600271B681435A7
:1045B0002A680E6892B24243360C9219D219160438
:1045C0009BB21E430E6040CD4B68360C46439BB2F7
:1045D000120CF3189B18059A1F0C0431AA42E7D855
:1045E000624606995350019B0433019304239C4473
:1045F0009BE7039B013B03939BE7C04631B4020852
:10460000A2B40208F7B50323150007000E001A40F4
:104610001D4208D01A49013A920052580023310035
:10462000FFF746FE0600AD1027D03C6C002C07D1EA
:1046300038001449FFF71CFF0023040038640360AE
:1046400001231D420AD0310022003800FFF728FF65
:10465000310001903800FFF721FE019E6D100CD053
:104660002068002807D1220021003800FFF718FF3A
:104670000023206003600400E2E73000FEBDC04676
:10468000FCB4020871020000F0B50C0016002369AA
:10469000571185B0FB180193013300934968A36853
:1046A0000290009A934210DB0298FFF7CFFD00239F
:1046B000010005001A00143198420CD1EF212A00A4
:1046C000254B2648490001F02BFE01315B00E8E74D
:1046D00098000A500133BB42FADBFB43DB171F4053
:1046E000BF0023001F20C91937002269143392002C
:1046F0009A180740064229D00130C01B03908C460F
:1047000000201E68BE400643604640C08446039EAB
:1047100001CBF0409A42F4D8260015360423B24269
:1047200004D3131B153B9B0801339B00C850002882
:1047300002D0019B02330093009B0298013B2100B1
:104740002B61FFF7ABFD280005B0F0BD01CB01C127
:104750009A42FBD8F0E7C04631B40208A2B402087E
:1047600030B50B6904690200E01A9C420FD1143283
:104770009B0014311400C918D218043A0439156882
:104780000B689D4204D001209D4200D2023830BD0A
:104790009442F2D3FBE70000F0B50C0087B0009024
:1047A000110020001700FFF7DBFF051E10D10100EC
:1047B0000098FFF74BFD021E04D1404B4048414991
:1047C00001F0AEFD012345610361100007B0F0BDAB
:1047D0000026B04203DA23003C001F000136616866
:1047E0000098FFF733FD021E03D1344B344836499D
:1047F000E6E72369143400939B00E3182100019439
:104800003C0002933B6914349B00E31803930300BC
:10481000C6608C460020143304930593634620CB76
:10482000A9B20E009C4608CC2D0C99B2711A091839
:104830001B0C0814EB1A1B18181489B21B0419431B
:10484000059B02C30593039BA342E7D83900039C51
:10485000153104238C4204D3E31B153B9B08013321
:104860009B000199CD1804992E00CB181F000299C6
:104870008E4211D3029CE91E00208C4204D32100F9
:104880000331491B890888001B18043B196800295B
:1048900010D0009B136198E7844602CE88B2604432
:1048A00000140C0C04196144201489B2240421431F
:1048B00002C7DCE7009901390091E6E731B402084C
:1048C000A2B40208370200004502000010B500241F
:1048D0000C4B0D4A0B409B18A34206DC5B421A1599
:1048E000132A05DC80231B0313411900200010BD8F
:1048F000143A01241E2A02DC80242406D44000231A
:10490000F3E7C0460000F07F0000C0FCF7B50600EA
:10491000036914369B00F3181D1F2C680F0020003C
:104920000193FFF755FD2022121A3A6003001C4A3A
:104930000A2815DC0B212700091ACF403A438C4680
:1049400011000022AE4202D2019A083A12681533D1
:104950009C4063462700DA401743380003B0F0BD9F
:104960000027AE4202D2019D083D2F680B2149422B
:104970008C469C440B2B10D0614620238C405B1A44
:104980003900D9400C43224311000022B54201D91D
:10499000043D2A686446A740DDE722431100DCE7B6
:1049A0000000F03FF7B5012116001F00FFF74EFC95
:1049B000041E05D12200254B2548264901F0B0FCF4
:1049C0003B037D001B0B6D0D02D08022520313436D
:1049D0000193002E25D068460096FFF71AFD019B33
:1049E000009900281BD020221E00121A9640320087
:1049F000C3400A4362610193019EA661731E9E41FA
:104A000001362661002D14D03526134BED18089B76
:104A10002D181D60099B361A1E602000FEBD6161C5
:104A2000EAE701A8FFF7F5FC019B0126636120304E
:104A3000E7E70A4BC018089B1860094BF3189B0066
:104A4000E3185869FFF7C4FC7601E3E731B40208C4
:104A5000A2B402080F030000CDFBFFFFCEFBFFFF57
:104A6000FFFFFF3FF0B587B00F0004A90600FFF776
:104A70004DFF00900191009B019C380005A9029315
:104A80000394FFF743FF0D0002000B003069396902
:104A9000049E401A05994001711A41180805002921
:104AA00008DD01994118039102980399DCF730FC65
:104AB00007B0F0BD2B1AF7E770B5140005000139F7
:104AC000136949110131890014349B004118E3181E
:104AD000A3420DD81400113400259C4203D89B1A20
:104AE000113B9B089D0000234019814203D870BDF3
:104AF00040CC40C5ECE708C0F7E70200006910B5FC
:104B000014324B11984213DB0CDD1F2408002040A7
:104B1000214207D099008C582100C14081400120DA
:104B20008C4204D19B00D318934203D8002010BDBF
:104B30000300F7E7043B19680029F5D00120F6E7E8
:104B40000300081E05D0FF2A04D98A2201201A601A
:104B50004042704701200A70FBE70000F0B5DDB06D
:104B60001C000B9109920A9001F044FB03681800A5
:104B70002093DBF7D3FA0B9B18909B891B0617D564
:104B80000B9B1B69002B13D140210A98FDF7C0F93C
:104B90000B9B18601861002807D10C230A9A136038
:104BA00001235B421A9300F011FC40230B9A5361DE
:104BB00000230022329331930E9300231692179311
:104BC000002333AF30972393229314931D932193A3
:104BD0001A93099D2B78002B02D0252B00D090E052
:104BE000099BEE1A9D4216D03B60329B7E609B195A
:104BF0003293319B083701333193072B08DD0B9932
:104C00000A9830AA02F074FA002800D0D8E333AF33
:104C10001A9B9B191A932B78002B01D101F08AF96A
:104C200000231B220126691C1D0022A812181370E4
:104C3000764219934B1C15930B78109310982038DB
:104C40005A2801D900F002FEDBF77AFA9B00000631
:104C50000006A5000006000600068000000600060B
:104C6000A700AF000006AD00B4000006D000D200DF
:104C7000D200D200D200D200D200D200D200D200A4
:104C800000060006000600060006000600065401A5
:104C90000006FD000F0154015401540100060006F6
:104CA00000060006E40000060006D4040006000624
:104CB0000006180500063605000600066605000613
:104CC0000006000600060006000600060006540165
:104CD0000006FD001101540154015401E6001101C8
:104CE000F9000006F2000006B604D6040705F90034
:104CF00000061805A3003805000600065D00000642
:104D0000A300013566E7A54B280023932023184014
:104D10001D4201D100F003FD193B07349C432200E2
:104D200018CA069307940D92EB070AD5069B079ABB
:104D3000134306D0302229AB1A70109A5A700223FE
:104D40001D43974B02201D4000F066FC0A9801F0BD
:104D500051FA436818002193DBF7E0F91D900A9897
:104D600001F048FA836814931D9B002B11D0149B0B
:104D7000002B0ED01B78002B0BD08023DB001D43B3
:104D800007E01B2322AA9B181A78002A01D120329F
:104D90001A7015994EE70123F1E708CC1993002BFF
:104DA000F7DA5B4219930423E9E71B2322AA9B1835
:104DB0002B22EDE7159A159B1278013310922A2ABF
:104DC0000DD000260A21109A1593303A092A00D9ED
:104DD00034E74E43B6181A7801331092F3E740CC0B
:104DE000002E01DA012676421593D2E78023C6E72A
:104DF00000220A21159B1992199A10984A433038BB
:104E0000821819921A7801331092303A092AF3D98C
:104E1000159313E70823B2E7159B1B78682B05D180
:104E2000159B0133159380239B00A8E74023A6E739
:104E3000159B1B786C2B04D1159B013315932023F4
:104E40009DE710239BE7210004C943AB0D911B2173
:104E50001A70002222A809180A7001260C921B92CF
:104E60001292139211920993BEE110231D43AB06D7
:104E70002FD5072307349C43220018CA06930794B2
:104E80000D92079B0120002B0BDA069B079C00224A
:104E90005942A241069107921B222D2122ABD21822
:104EA0001170069A079B1A43711C01D101F052F848
:104EB00080212C008C43002A01D001F050F8002EF4
:104EC00001D100F0B9FC012801D001F04CF800F04C
:104ED0004DFC220008CA0D92EA0603D50693DB17A3
:104EE0000793CEE76A0601D51BB2F7E7AA05F5D509
:104EF0005BB2F3E7072307349C43220018CA0D92E4
:104F0000012216931794169B52422493179B5B0021
:104F10005B08259324982599224BDDF7A1FC0028F6
:104F200024D12498259901221E4B5242DBF7A8FA7E
:104F300000281BD11698179900220023DBF796FA58
:104F4000002804D01B2322AA9B182D221A70164B6E
:104F50000993109B472B01DD144B099380239D433C
:104F6000002303260C931B9301F02CF8169A179B31
:104F700010001900DDF774FC00281DD0179B002BD2
:104F800004DA1B2322AA9B182D221A70084B0993BE
:104F9000109B472BE2DD074BDFE7C04608B602084F
:104FA000FFFBFFFFFFFFEF7FF8B50208FCB502082B
:104FB00000B6020804B60208109B612B00D1E9E19B
:104FC0005822412B00D1E6E1731C00D109E22023D5
:104FD000109A0C909A43472A02D1002E00D1013634
:104FE00080235B002B431C93179B002B00DBFBE112
:104FF000802212069446169B1E93179B63441F93B0
:105000002D2327932023109A9A431292412A00D0ED
:1050100006E21E981F992AAA01F010F9FF23002228
:105020009B05DCF7B9FD002200230E900F91DBF702
:1050300017FA002801D001232A93CF4B1393109B1A
:10504000612B01D0CD4B1393099C731E00220E9847
:105050000F991193CA4BDCF79FFD0E900F91DDF76E
:1050600021FC1B90DDF75AFC02000B000E980F99F3
:10507000DDF75AF8139A0E900F911B99119B525C11
:105080002270013401330BD00E980F99119B00222E
:10509000013B26930023DBF7E3F9002800D1A9E1C7
:1050A00000220E980F99B74B2694DBF7F3F90028EE
:1050B0000CD10E980F990022B24BDBF7D1F90028E2
:1050C00000D1A8E11B9BDB0700D4A4E13020139B97
:1050D0002E94DB7B2E9A013A2E921178994200D1C0
:1050E0008AE14B1CDBB2392901D1139B9B7A1370E7
:1050F000269B099A9B1A0E932A9B1193129B472B6E
:1051000000D0DCE1119B033303DB119BB34200DCD5
:10511000FBE1109B023B1093119B40225C1E6B46EF
:1051200010999B18203A00201B782A94914341291A
:1051300002D10F33DBB201302CA90B702B23002CD2
:1051400003DA0124119BE41A2D234B70092C00DC97
:10515000CDE1372322AA9B181293129E2000731EC2
:105160000A211293DBF766F9731E303119702000A3
:105170000A211194DBF778F8119B0400632BECDC17
:105180002A2222A8B11E121837200B0030340C70CE
:1051900022AC0019834200D2A4E10023814203D84B
:1051A000393322AA9B189B1B2A2222A95218D318F2
:1051B0002CAA9B1A0E9A22939E18012A01DCEB0757
:1051C00001D5189BF61880226F4B52002B401A43D2
:1051D00000231C92129313931193279B002B00D052
:1051E000E4E100231C9D1B931B9B1C93B34200DA3C
:1051F0001C961B2322AA9B181B785A1E93411C9AAB
:10520000D3181C9302232B40269302231D4202D065
:105210001C9B02331C9384232B40279384231D4221
:105220001FD1199B1C9A9C1A002C1ADD3900319B46
:105230005648329A013308313860102C00DD17E3EC
:105240007C60A4180F0032943193072B09DD0B9971
:105250000A9830AA01F04CFF002801D000F049FE66
:1052600033AF1B2222A952181178329B002914D087
:105270003A6001229B183293319B7A609B183193DC
:105280000837072B09DD0B990A9830AA01F030FF87
:10529000002801D000F02DFE33AF269A329B002A61
:1052A00015D029AA3A6002229B183293319B7A606A
:1052B000013331930837072B09DD0B990A9830AA7F
:1052C00001F016FF002801D000F013FE33AF279B3A
:1052D000802B1FD1199B1C9A9C1A002C1ADD3900B7
:1052E000319B2B48329A013308313860102C00DD95
:1052F000D1E27C60A4180F0032943193072B09DDB2
:105300000B990A9830AA01F0F3FE002801D000F0B2
:10531000F0FD33AF1B9B9C1B002C1ADD3900319B29
:105320001B48329A013308313860102C00DDC5E289
:10533000A2187C6032920F003193072B09DD0B9984
:105340000A9830AA01F0D4FE002801D000F0D1FD67
:1053500033AF329B1B93EB0500D5CBE2099B7E60FC
:105360003B601B9BF618319B329601333193072B20
:1053700000DDA3E3083701E308B6020819B6020806
:10538000000030400000E03FFFFBFFFF3CB602089A
:105390002CB602087822302129AB19705A700223EA
:1053A0001D43632E15DD0A98711CFCF7B1FD0990B1
:1053B000002813D10B9B9A89402313430B9A9381A6
:1053C0000B9B9B895B0601D5FFF7EAFB1A985DB042
:1053D000F0BD00230C9343AB099301E6099B0C93AA
:1053E000FEE506260C90FBE5169B179C1E931F946A
:1053F000002306E6269B29E610706BE61870013341
:10540000CA1AFBD5119A0023013201DB119B01332B
:10541000E31826936CE6119A230030201119EFE768
:10542000129A34000323462A05D01400453C6242F8
:105430005441013B34192EAA04922BAA03922AAAA2
:10544000029200930A981E9A1F9B019401F062F841
:10545000129B0990472B19D1EB0701D42E9B48E6EC
:10546000099B1B190E9300221E981F990023DAF73F
:10547000F7FF002801D00E9B2E9330222E9B0E9911
:105480009942EBD9591C2E911A70F7E7099B1B1909
:105490000E93129B462BE6D1099B1B78302B0AD129
:1054A0001E981F9900220023DAF7DAFF002802D1A4
:1054B00001231B1B2A932A9B0E9AD318D2E7129B17
:1054C000462B00D028E601222B00119913403343CC
:1054D000002929DD002B42D0189A8B18F618662374
:1054E00010932DE01C7801331470013252E62A2209
:1054F00022ABD218002804D130232B228B7022AB90
:10550000D2183034531C147052E6119B0E9A9342F9
:105510000FDA0E9B189A9E1867231093119B002B8D
:105520000EDCF61A01360BE0002B1AD0189B013363
:10553000D4E76723119E1093EB0701D5189AB6188C
:1055400080232A00DB001A401392002212921D428F
:1055500000D142E6119B934225DC13923DE6119E59
:10556000BDE7662316001093EAE7119A93420FDA1B
:10557000D31A1193149B5B78002B10D0139B01332B
:105580001393149B01331493149B1B78FF2BECD1C2
:10559000129A139B9B181D9A53439E191DE6129B4A
:1055A00001331293F0E7129B1393EDE71B2322AA1A
:1055B0009B182D221A7014E6AB0609D523681A9A97
:1055C0001A60D2175A600434159B0993FFF701FB48
:1055D000EB0603D523681A9A1A60F4E76B0603D525
:1055E00023681A9A1A80EEE7AD05F3D523681A9A54
:1055F0001A70E8E710231D432023280018401D429D
:105600000FD0193B07349C43220018CA0693079415
:105610000D920020B34B1D401B2222AB0021D2185B
:105620003EE4220008CA29000D92102211401542C2
:1056300002D006930790ECE7402228001040154264
:1056400003D09BB206930791E3E7802229009200E2
:1056500011401542F6D0DBB2EBE7230004CBA249A0
:105660000D930023069229AA0793118002339F4AC3
:1056700018001D43763323921093CDE7230004CB0B
:1056800000240D931B23099222AA9B181C70731CE3
:105690000DD032002100099800F0C4FD0C90A0420A
:1056A00000D1E2E0099A861A23000C945BE4099881
:1056B000DAF734FD0600F7E710231D432023280006
:1056C00018401D4209D0193B07349C43220018CAD8
:1056D000069307940D9201209EE7230004CB290036
:1056E0000D93102319401D4202D006920790F2E755
:1056F0004023280018401D4203D093B2069307911F
:10570000E9E7802329009B0019401D4202D0D3B253
:105710000693EBE70692F2E7754BFFF7F5FA2300E5
:1057200004CB29000D93102319401D4203D006928B
:105730000790FFF7F9FA4023280018401D4204D0D3
:1057400093B206930791FFF7EFFA802329009B009D
:1057500019401D4202D0D3B20693E9E70692F1E761
:10576000079B002B0CD1069B092B09D8069B3033D5
:10577000DBB2E72222A952181370099200F01BFC39
:1057800000230E938023DB0023405CAD0C930A22A0
:10579000069807990023DAF7CBFE6B1E3032099387
:1057A0001A700E9B119001330E930C9B1291002BDB
:1057B0001DD0149B0E9A1B789A4218D1FF2A16D03E
:1057C000079B002B02D1069B092B10D9099B1D9A20
:1057D00021999B1A18000993FDF7ADFF0022149B35
:1057E0000E925B785A1E9341149AD3181493079B18
:1057F000002B03D1069B092B00D8DCE3119B099DEC
:105800000693129B0793C2E70F20099B239A013B43
:105810000993069B0340D35C099A1370079B1907F1
:10582000069B1A09079B11431B0907930B00079A54
:1058300006911343E9D1BEE35CAB0993002800D085
:10584000B9E3ED0700D4B6E3302392E7109B002BB9
:1058500000D16FE3109A1B2143AB1A70002222A8DB
:1058600009180A700D94FFF7F8FA0C9BFFF77BFB01
:1058700010201218786032923193072B08DD0B99B3
:105880000A9830AA01F034FC002800D031E333A993
:105890000F00103CCAE41020121878603292319345
:1058A000072B08DD0B990A9830AA01F021FC00288B
:1058B00000D01EE333A90F00103C10E51020121891
:1058C000786032923193072B08DD0B990A9830AA41
:1058D00001F00EFC002800D00BE333A90F00103CB0
:1058E0001CE5C046FFFBFFFF3078000008B6020849
:1058F00019B60208109B652B00DC4AE2169817992E
:1059000000220023DAF7ACFD002878D0CA4B1B9E9A
:105910003B6001237B60F618319B32960133319353
:105920000837072B08DD0B990A9830AA01F0E0FB35
:10593000002800D0DDE233AF2A9B0E9A934201DBB0
:10594000EB071BD5209B189A3B60189B7B60329B12
:1059500008379B183293319B01333193072B08DDB5
:105960000B990A9830AA01F0C3FB002800D0C0E2CE
:1059700033AF0E9B10265C1E002C2FDC6D0700D56C
:105980009AE2199B1C9A934200DA13001A9AD318D0
:105990001A93329B002B07D00B990A9830AA01F07A
:1059A000A7FB002800D0A4E2002331930C9B002B1E
:1059B00000D0BAE20D9C33AF06E610327E60329220
:1059C0003193072B08DD0B990A9830AA01F090FB60
:1059D000002800D08DE233A90F00103C3900319B24
:1059E0009648329A013308313860102CE5DC7C602F
:1059F000A4180F0032943193072BBFDD5EE02A9B81
:105A0000002B77DC8C4B1B9E3B6001237B60F618E0
:105A1000319B3296013331930837072B08DD0B9900
:105A20000A9830AA01F064FB002800D061E233AF8D
:105A30000E992A9B329A0B43012129400B439DD09A
:105A4000209B3B60189B7B609A18319B32920133FC
:105A500031930837072B08DD0B990A9830AA01F01B
:105A600047FB002800D044E233AF2A9C002C18DA10
:105A7000644238003199714A329E01310837026020
:105A8000102C25DC4460A41932943191072908DDDB
:105A90000B990A9830AA01F02BFB002800D028E2CD
:105AA00033AF099B329A3B600E9BD2183292319AE7
:105AB0007B6001323192072A00DC5BE40B990A9883
:105AC00030AA01F015FB002800D012E233AF55E7F1
:105AD0001023F618436032963191072908DD0B999F
:105AE0000A9830AA01F004FB002800D001E233AF8D
:105AF000103CBEE70E9A099B9446119C6344109398
:105B0000944200DD1400002C14DD099B7C603B6096
:105B10001B9B0837E618319B329601333193072BD4
:105B200008DD0B990A9830AA01F0E2FA002800D0AB
:105B3000DFE133AFE343DB171C40119B10261C1B36
:105B4000002C00DD8DE0119A099B94466344099373
:105B50006B050CD5139B002B00D09DE0129B002BF6
:105B600000D09CE0099B109A934200D909922A9B8D
:105B70000E9A934201DBEB0716D5209B189A3B60E7
:105B8000189B7B60329B08379B183293319B013303
:105B90003193072B08DD0B990A9830AA01F0A8FA77
:105BA000002800D0A5E133AF099A109B2A9E9B1ACA
:105BB0000E9A961B9E4200DD1E00329B002E13DDC6
:105BC000F3183293319B099A01333A607E60319326
:105BD0000837072B08DD0B990A9830AA01F088FADC
:105BE000002800D085E133AF0E9B2A9C1C1BF34399
:105BF000DB171E40A41B1026002C00DCBEE639007B
:105C0000319B0E48329A013308313860102C00DC89
:105C1000EDE610327E6032923193072B08DD0B994E
:105C20000A9830AA01F064FA002800D061E133A993
:105C30000F00103CE3E7C0462AB602082CB6020863
:105C400010327E6032923193072B08DD0B990A984F
:105C500030AA01F04DFA002800D04AE133A90F0024
:105C6000103C3900319BB948329A01330831386011
:105C7000102CE5DC7C60A4180F0032943193072BC4
:105C800000DC60E70B990A9830AA01F031FA00288D
:105C900000D02EE133AF56E7129B002B5FD0129B52
:105CA000013B1293219B1D9A3B601D9B7B60329BA5
:105CB00008379B183293319B01333193072B08DD52
:105CC0000B990A9830AA01F013FA002800D010E1CD
:105CD00033AF099A109B9B1A149A16789E4200DDE6
:105CE0001E00329B002E13DDF3183293319B099A6C
:105CF00001333A607E6031930837072B08DD0B993A
:105D00000A9830AA01F0F4F9002800D0F1E033AF8E
:105D1000149B1C78F343DB171E40A41B002C18DDDA
:105D20003900319B8948329A013308313860102C90
:105D30001CDC7C60A4180F0032943193072B08DD23
:105D40000B990A9830AA01F0D3F9002800D0D0E0CE
:105D500033AF149B099A1B78D3180993FAE6149B66
:105D6000013B1493139B013B13939BE710201218E4
:105D7000786032923193072B08DD0B990A9830AA8C
:105D800001F0B6F9002800D0B3E033A90F00103CB1
:105D9000C6E73C001B9E319B0E9A01360133083446
:105DA000012A03DC0122154200D180E0099A3296D3
:105DB0003A60012231937A60072B08DD0B990A982B
:105DC00030AA01F095F9002800D092E033AC209B76
:105DD000189A2360189B6360329B08349B18329397
:105DE000319B01333193072B07DD0B990A9830AAB9
:105DF00001F07EF900287CD133AC319B002216984B
:105E0000179910930E9B329E5F1E0023DAF728FB32
:105E1000002826D1099B109A013323600E9B013E76
:105E20000132F6186760329631920834072A07DD8E
:105E30000B990A9830AA01F05BF9002859D133ACCC
:105E40002CAB2360229B229A6360329B9B18329377
:105E5000319B01333193072B00DD2FE608342700F7
:105E60008CE50E9B1026012BEADD2100319B374883
:105E7000329A013308312060102F07DC67600C0074
:105E8000BA1832923193072BDADDD1E7103266600F
:105E900032923193072B07DD0B990A9830AA01F053
:105EA00027F9002825D133A90C00103FDDE7099917
:105EB000329606C73193E6E7199B1C9A10259C1A67
:105EC000002C00DC5DE5319B2149329A01333960B9
:105ED000102C19DC12197C6032923193072B00DCF4
:105EE0004FE50B990A9830AA01F002F9002800D179
:105EF00047E50C9B002B01D1FFF762FA19000A98C5
:105F0000FDF786FDFFF75CFA10327D603292319327
:105F10000837072B07DD0B990A9830AA01F0E8F83B
:105F20000028E6D133AF103CCDE70C990A98FDF775
:105F30006FFD3FE5329B002B01D1FFF741FA0B9932
:105F40000A9830AA01F0D4F8FFF73AFA2CB6020802
:105F50003CB602082C00002A01D1FEF7B4FF01284C
:105F600001D1FFF7FDFB5CAB0993022800D14BE4A4
:105F7000099A07211300013B0993069B0B400999DD
:105F800030330B70079949078C4665460699C80857
:105F900007990543C9080791290007980695014309
:105FA000E6D1E10707D5302B05D03021099B013B15
:105FB0001970931E0993099A5CAB1B969E1A0023D5
:105FC00025000C93129313931193FFF70DF9C0461C
:105FD00070B505000C1E19D0002804D0436B002BAF
:105FE00001D1FDF7C1FA636EDB0705D4A3899B05D8
:105FF00002D4A06DFDF77EFC0C22A35E002B08D11D
:10600000636EDB0702D4A06DFDF775FC002630003F
:1060100070BD2100280000F037F8E36A0600002B6D
:1060200006D02800E1699847002801DA0126764267
:10603000A3891B0603D528002169FDF7E9FC216B24
:10604000002908D023004033994202D02800FDF7F0
:10605000DFFC00232363616C002904D02800FDF7D6
:10606000D7FC00236364FDF76FFA0023A381636EFE
:10607000DB0702D4A06DFDF73EFCA06DFDF739FCF7
:10608000FDF76AFAC3E70000F7B50C228B5E050046
:106090000C001A075ED4802212011A438A814A68D2
:1060A000002A02DCCA6B002A52DDA76A002F4FD0FB
:1060B000002280202E682A601A004001E169024017
:1060C000034237D0226DA3895B0706D56368D21AD5
:1060D000236B002B01D0E36BD21A00232800A76AA0
:1060E000E169B847431C06D12A681D2A4AD82C4BBF
:1060F0001341DB0746D40C22A35E2A4A1A40A28130
:106100000022626022692260DB0405D5431C02D1B3
:106110002B68002B00D12065216B2E60002917D041
:1061200023004033994202D02800FDF771FC002380
:1061300023630DE001232800B8470200431CC2D1AD
:106140002B68002BBFD01D2B01D0162B1AD12E602F
:1061500000201EE00E69002EFAD00F680E60BA1BF8
:10616000019200229B0700D14A69A260019B002B8B
:10617000EEDD636A32001F002800019BE169B84729
:10618000002807DC40230120A289404213431BB2B0
:10619000A381FEBD019B36181B1A0193E6E7C0469A
:1061A000FEFFBFDFFFF7FFFF70B505000C00002802
:1061B00004D0436B002B01D1FDF7D6F90C22A35E6E
:1061C0001E1E15D0626ED20704D49B0502D4A06DAA
:1061D000FDF790FB21002800FFF756FF636E0600D5
:1061E000DB0705D4A3899B0502D4A06DFDF783FBD3
:1061F000300070BD00487047FC06002070B5074CA9
:10620000074D641BA410002C02D102F0DDF870BD14
:10621000013CA300EB589847F5E7C04624B70208B5
:1062200020B70208C9B28218904201D100207047FD
:1062300003788B42FBD00130F6E7000070B5140004
:1062400000252560104D4B000A005B08AB421AD8B0
:106250001D00054317D00D4D294209D100220C4BDA
:10626000DBF79AFC36250A004B006D425B0825607F
:10627000084D1B155B192568EB182360064B1A4067
:10628000064B1343190070BDFFFFEF7F0000F07F46
:106290000000504302FCFFFFFFFF0F800000E03FC3
:1062A000F7B51C4F04003868160001930091FDF704
:1062B00021FB194A1368002B01D1184B13605A684F
:1062C00038681F2A04DDFDF716FB01204042FEBDA1
:1062D000002C14D0910059180F0088373E60012718
:1062E0001E0097408536FF367568FC313D4375606A
:1062F000019DCD60022C02D1B1683943B160511CBF
:106300005960023200999200D150FDF7F4FA002052
:10631000DDE7C046A008002020950120249501203B
:106320007FB514001A00094B05001B680E00D868E1
:10633000074B002C01D1074B1C0007490193029425
:106340002B00009600F0C4FE01F0D9FE7807002073
:106350004CB6020887B6020859B60208F8B5002400
:106360000B0C160CA34233D1A64221D18BB291B2B1
:106370005943FBF7CDFD051E32D00300083B5A6898
:1063800003239A43043A242A32D80300132A0AD951
:106390000460446008331B2A05D98460C460242A41
:1063A00021D00300103300221A605A609A6018E06E
:1063B000331C0D1C89B292B29BB24A43ADB25D430D
:1063C000110C69180B0C07D1090492B21143D0E7E4
:1063D000002E01D1151CEDE7FDF760FA0C230360D8
:1063E00000252800F8BD0300046118334461DAE792
:1063F0000021FDF76CF9F4E7F0B502690F6987B089
:1064000006000B0000200291BA426DDB013FBC0088
:10641000143305931B190393330014331C19019390
:1064200023680493039B04981D6801352900D9F75C
:1064300091FE049B0090AB422BD3059B019D9C4693
:10644000002305930493624608CA28689446009A7C
:1064500099B25143059A1B0C8918009A53430A0CB0
:106460009B181A0C89B2059282B2521A0499000C38
:1064700052189BB21114C31A5B18191492B21B0460
:106480001A43039B049104C56345DCD22368002BA7
:1064900030D030000299FEF763F9002823DB340086
:1064A0000025029914341431236801C902936B4604
:1064B0001B8982B29A1A029B5219000C1B0C1B1AE0
:1064C00010141B181D1492B21B041A43039B04C41E
:1064D0008B42E9D2019ABB00D3181A68002A13D064
:1064E000009B01330093009807B0F0BD2368002B98
:1064F00004D1013F019B043CA342F7D33761C8E7B5
:106500001A68002A04D1013F019A043B9A42F7D34A
:106510003761E5E7F0B514001D00816B9DB00A946A
:106520000B95259E0390002909D00123C26B93404F
:106530004A608B60FDF7B2FE0023039A9363002D3F
:106540001EDA012333606B005B080B930B9FB64B85
:10655000B54A3B40934216D1B44B249A13603B0397
:106560001B0B234301D100F085FDB14B269A089304
:10657000002A02D0AF4B269A136008981DB0F0BDD8
:1065800000233360E2E70A9A0B9B1292139312984E
:10659000139900220023D9F763FF061E0BD00123B5
:1065A000249A1360269B002B02D0A34B269A1360DB
:1065B000A24B0893E1E71AAB01931BAB009303983E
:1065C000129A139BFEF7EEF97A000590520D00D156
:1065D0007BE0139B18961903994B090B0B439949C0
:1065E00057181298139919000022974BDBF79CFD5E
:1065F000964A974BDBF7D0FA964A974BDAF724FB8B
:10660000040038000D00DCF789F9944A944BDBF75D
:10661000C3FA02000B0020002900DAF715FB040082
:106620000D00DCF73FF90022049000232000290030
:10663000D9F71CFF00280BD00498DCF76FF92B006A
:106640002200D9F70DFF43425841049B1B1A0493C3
:1066500001231593049B162B10D812981399049AB2
:10666000804BD2009B181A685B68D9F7FFFE0028A0
:1066700047D0049B013B04930023159300221A9BEF
:106680000692DB1B5A1E3ED50122D31A0693002325
:106690000D93049B002B38DB049A0D9B94466344B6
:1066A0000D93002314920F93229B0124092B67D88A
:1066B000052B02DD0024043B2293229B981E032815
:1066C00067D8D9F733FD2B3A385B1B9B1A9EF61817
:1066D000654BF218202A0FDD40239B1A9F40634B25
:1066E0003800F318DC402043DCF746F90122604B08
:1066F000771ECB18189276E7202320009B1A98402B
:10670000F2E71590BAE70D92C3E7069B049A9B1A2D
:10671000069353420F9300231493C5E7002310936D
:10672000239B0E930993002B13DC01231A000E9375
:10673000099323920DE00123F1E70023239A10939C
:106740009446049B63440E9301330993002B00DCB1
:106750000123002104221000143098421DD9039B0C
:106760001800D963FDF772FD0890002818D1B021F8
:10677000404B4148089AFF31FFF7D2FD0123DDE786
:10678000002310942293013B0E93099300221333AC
:10679000CFE701231093023BF6E701315200DAE71D
:1067A000039B089A9A63099B0E2B00D9D7E0002C13
:1067B00000D1D4E0049B002B62DD0F21049A294B09
:1067C0000A40D2009B181E685F68049B02241D11BA
:1067D000DB050AD5294B0D401A6A5B6A129813999A
:1067E000DAF796FD0A900B910134244B0C93002D9F
:1067F00008D10A980B9932003B00DAF789FD0A901C
:106800000B9158E001231D4209D0E4180C9B300085
:106810001A685B683900DBF7BFF906000F000C9BB4
:106820006D100833E2E7C0460000F07F0F2700003C
:1068300091B6020894B602082BB602082AB60208DE
:106840000000F03F01FCFFFF0000F83F61436F6371
:10685000A787D23FB3C8608B288AC63FFB799F5079
:106860001344D33F30B50208320400001204000084
:10687000000010FE31B4020895B6020808B50208FF
:10688000049B0224002B16D0129813990F225D420C
:106890002A40C34BD2009B181A685B68DBF77CF96F
:1068A000012700230A900B91BE4E2D11002D00D020
:1068B000BAE0002BA3D10A9E0B9F159B002B00D1A1
:1068C000BDE0002230003900B74BD9F7CFFD0028DA
:1068D00000D1B4E0099B002B00D1B0E00E9B002B4F
:1068E00039DD049B0022013B0C933000AF4B390093
:1068F000DBF752F90A900B910E9B013420001193A3
:10690000DCF70CF80A9A0B9BDBF746F9A84B002240
:10691000DAF79AF9A74B0600CF18119B002B00D08D
:1069200091E00A980B990022A34BDBF7FDFB3200A4
:106930003B0004000D00D9F7ADFD002800D0A1E216
:10694000802109067B18320020002900D9F78EFD2E
:10695000002800D044E1129B139C0A930B941B9BCC
:10696000002B00DA7BE1049A0E2A00DD77E18C4BE4
:10697000D2009B185C681B6806930794239B002B2E
:1069800003DA099B002B00DC1AE10A9E0B9F099B8E
:10699000089D013B5B190A93069A079B300039005A
:1069A000DAF7B6FCDBF77EFF0990DBF7B7FF069A54
:1069B000079BDBF7F1F802000B0030003900DBF732
:1069C000B3FB2B00099A013530321A700A9A2C0059
:1069D0009A4200D035E102000B00DAF735F9069A49
:1069E000079B06000F00D9F755FD002800D013E1E2
:1069F000069A079B30003900D9F732FD002803D0F2
:106A0000099BDD0700D507E105990398FDF746FCD2
:106A100000232370049B249A01331360269B002BD0
:106A200000D1AAE51C60A8E53D4205D03268736834
:106A3000DBF7B2F83B0001346D10083636E7049BF3
:106A40000C93099B5AE7119A554B013AD2001099C1
:106A50009B181A685B68002950D000205749DAF764
:106A600057FC32003B00DBF75FFB089A06009446B8
:106A70000F00089B1693119B634411930A980B997E
:106A8000DBF710FF0500DBF749FF02000B000A9857
:106A90000B99DBF749FB169B30350A900B910200EE
:106AA0005C1C1D7030000B003900D9F7F3FC002886
:106AB0006CD10A9A0B9B00203B49DBF735FB0200A7
:106AC0000B0030003900D9F7E5FC002800D0A5E024
:106AD000119BA34200D13EE7002230003900334B26
:106AE000DBF75AF8002206000F000A980B992F4B8B
:106AF000DBF752F816940A900B91BFE7300039008B
:106B0000DBF74AF8089D119A2B00944616901791CE
:106B1000634419930A980B99DBF7C4FE0400DBF772
:106B2000FDFE0B0002000A980B99DBF7FDFA3034EA
:106B3000199B2C70013506000F00AB4229D1169825
:106B40001799089B119C9C4600221C4B6444DAF761
:106B50007BF802000B0030003900D9F79BFC0028BD
:106B60005CD1169A179B00201449DBF7DDFA02006E
:106B70000B0030003900D9F779FC002800D1EAE693
:106B80002300013C2278302AFAD01C000C9B04938D
:106B90003AE70022054BDAF7FFFF0A900B91B9E7BD
:106BA00030B5020808B502080000F03F000024409C
:106BB00000001C400000C0FC000014400000E03F4A
:106BC000099B002B0CD1069807990022BE4BDAF7DF
:106BD000E3FF0A9A0B9BD9F767FC002800D154E128
:106BE00000263700239B089CDB430C93002304936F
:106BF00031000398FDF752FB002FC7D0049B002BF8
:106C000005D0BB4203D019000398FDF747FB3900BC
:106C10000398FDF743FBB9E7049B0C9323001C008A
:106C2000013B1A78392A08D1089A9A42F7D10C9A6E
:106C3000089901320C9230220A701A7801321A70C7
:106C4000A4E70022A14BDAF7A7FF002200230600E9
:106C50000F00D9F705FC002800D19DE6D4E6109F6F
:106C60000F9D069C002F14D0229A012A00DDC8E057
:106C7000189A002A00D1BEE0954A9B18069A012175
:106C8000D21806920D9A0398D3180D93FDF7F0FBD6
:106C90000700002C0ED00D9B002B0BDD0D9A23005E
:106CA000944200DD1300069AE41AD21A06920D9A55
:106CB000D31A0D930F9B002B1FD0109B002B00D1DC
:106CC000B5E0002D10D039002A000398FDF79AFC9A
:106CD000059A010007000398FDF7E2FB06000599FD
:106CE0000398FDF7DBFA05960F9B5A1BAB4204D0C5
:106CF00005990398FDF786FC059001210398FDF79F
:106D0000B7FB149B0600002B00D1BDE11A00010067
:106D10000398FDF777FC229B06000025012B16DC6B
:106D200000250A9BAB420ED10B9B1B03AB420AD141
:106D3000684B0B9A134206D0069B0135013306932C
:106D40000D9B01330D93149B0120002B08D0336958
:106D500003339B00F3185868FDF73AFB2023181AF9
:106D60000D9B181802001F231A40184265D00133EA
:106D70009B1A042B5DDD1C239B1A069AE418D2187B
:106D800006920D9AD3180D93069B002B05DD1A0071
:106D900005990398FDF778FC05900D9B002B05DD08
:106DA00031001A000398FDF76FFC0600159B002BBD
:106DB00045D031000598FDF7D3FC00283FDA049B4D
:106DC0000A22013B0C93059900230398FDF770FA02
:106DD000109B0590002B00D15DE1002339000A22B1
:106DE0000398FDF765FA0E9B0700002B55DC229BEC
:106DF000022B2DDC51E036231A9A0F9D069C9B1A1C
:106E00003CE7099B5D1E0F9BAB4208DB5D1B099BAA
:106E1000069C002B00DB31E7E41A00232EE70F9BD2
:106E2000149AEB1AD3180F9514930025EFE70F9AD5
:106E30005EE7042BA8D01C339FE71300FBE7049BFD
:106E40000C93099B0E93002B23DC229B022B20DD4D
:106E50000E9B002B00D0C5E6310005220398FDF7FC
:106E600027FA060001000598FDF77AFC002800DCEF
:106E7000B8E6089B089A5C1C312313700C9B013305
:106E80000C93B3E6119E3700F3E7049B099E0C9325
:106E9000F9E7109B002B00D101E1002C05DD390042
:106EA00022000398FDF7F0FB07003800002D26D0E4
:106EB00079680398FDF7CAF9041E13D12200064B26
:106EC0000648074958E4C04600001440000024402A
:106ED000330400000000F07F31B4020895B60208C8
:106EE000EF02000039003A690C31023292000C3096
:106EF000FCF715FD012221000398FDF7C5FB089B57
:106F00000E9A0693013B9B180122049707000F93EA
:106F10000A9B13400E9331000598FFF76DFA049910
:106F200005000A900598FDF71BFC3A000D90310012
:106F30000398FDF731FC0122C36804003035099243
:106F4000002B04D101000598FDF70AFC09902100EF
:106F50000398FDF7A3F9069B099A5C1C229B134337
:106F60000E9A134309D1392D22D00D9B002B01DD40
:106F70000A9D3135069B1D703AE60D9B002B04DB04
:106F8000229A13430E9A13431ED1099B002BF1DD65
:106F9000059901220398FDF777FB31000590FDF775
:106FA000DFFB002802DCE5D1EB07E3D5392DDFD18B
:106FB0003923069A137023001C00013B1A78392AE2
:106FC0004FD001321A7013E6099B002B03DD392DD7
:106FD000EED00135CEE7069B069A1D700F9B9342BB
:106FE0002AD000230A2205990398FDF761F9049B32
:106FF0000590BB4209D100230A2204990398FDF7AA
:1070000057F904900700069485E7049900230A22A3
:107010000398FDF74DF9002304900A2239000398E4
:10702000FDF746F9EEE70E9B0124002B00DD1C0066
:10703000089B1C1900230493059901220398FDF76E
:1070400023FB31000590FDF78BFB0028B3DC01D159
:10705000ED07B0D423001C00013B1A78302AFAD087
:10706000C6E5089A9A42A7D10C9B01330C933123B1
:107070001370BDE5144B269A0893144B002A01D0D7
:10708000FFF779FAFFF779FA229B012B00DC47E63C
:107090000120149D64E60E9B002B00DCD5E6002445
:1070A00031000598FFF7A8F9089B303018550E9B62
:1070B000013405009C42B6DA00230A2205990398A0
:1070C000FDF7F6F80590EBE788B6020890B60208DF
:1070D0000EB417B5054C05AB04CB01002068019335
:1070E00000F0C0F81EBC08BC03B0184778070020A9
:1070F000F0B5136887B017000393936800220C0063
:1071000016000590029293420BD1002000237B6071
:1071100007B0F0BD039B1B680293039B5E680833B6
:107120000393A5682368002EF4D0AE4232D30C211D
:10713000625E9021C9000A422CD0032021695B1AAB
:10714000049363694343D80FC3185B100193049BF6
:10715000019801339B19834200D90193520530D520
:1071600001990598FAF7D4FE051E34D0049A2169D6
:10717000FCF7D5FBA2891E4B1A4080231343A38141
:10718000049B2561ED1825603500019B049A63611D
:107190009B1AA360B54200D935002A0002992068E5
:1071A000FCF782FAA3685B1BA36023685B1923606A
:1071B000029B9B190293BB689B1BBB60A5D000265A
:1071C000AFE7019A0598FBF7E7F8051ED8D12169CA
:1071D0000598FCF71DFC0C23059A01201360A28979
:1071E00034331343A38100234042BB608EE7C04683
:1071F0007FFBFFFFF0B5936885B001900D00140090
:10720000181E08D04B6E9B0427D51668A06800286E
:1072100005D10023A3600023636005B0F0BD002703
:1072200033680293736800939B080393039BBB42EC
:1072300008DC0323009A08369A431300A268D31A85
:10724000A360E3E70299BB00C9582A00019800F047
:107250002DFF431CDDD00137E8E7019800F030FD39
:10726000D7E70000F0B5C1B01C001D0006900491E6
:107270000792002804D0436B002B01D1FCF774F96E
:10728000049B5B6EDB0707D4049B9B899B0503D49F
:10729000049B986DFCF72EFB049B0C229A5E8023C6
:1072A0009B011A4207D11343049A9381536EA74A54
:1072B0001340049A5366049B9B891B0703D5049BC8
:1072C0001B69002B18D10499069800F053FE002882
:1072D00012D0049B5B6EDB0705D501235B4208934C
:1072E000089841B0F0BD049B9B899B05F5D4049B95
:1072F000986DFCF700FBF0E7049B0C229B5E1A22C2
:107300001A400A2A16D1049A0E21525E002A11DB75
:10731000049A526ED20705D49B0503D4049B986D42
:10732000FCF7E9FA2300079A0499069800F084FC18
:107330000890D5E7002317AE14961693159303967D
:107340000C930D930E930F930893079C2378002BB7
:1073500002D0252B00D087E0079BE71A9C4210D073
:10736000039A1360169B5760DB191693159B013324
:107370001593072B7ADC130008330393089BDB1962
:1073800008932378002B01D100F011FC002212A9F0
:10739000CA700121631C14004942059109925A1CCC
:1073A0001B780792180020385A2800D95CE3D8F7D8
:1073B000C7FEA0005B035B03A9005B035B035B03E9
:1073C00085005B035B03AB00B3005B03B100B70058
:1073D0005B03DC00DE00DE00DE00DE00DE00DE003F
:1073E000DE00DE00DE005B035B035B035B035B032D
:1073F0005B035B035B035B030601EA015B035B0367
:107400005B035B035B035B035B035B035B035B038C
:1074100041025B035B035B037A025B0394025B0341
:107420005B03C2025B035B035B035B035B035B0306
:107430005B035B035B035B030601EC015B035B0324
:107440005B03EF00EC0102015B03FB005B03260220
:1074500043026E0202015B037A02A70096025B03FD
:107460005B0367005B03A70001346FE7049906988C
:1074700014AAFFF7BFFE002800D073E317AB7CE728
:10748000334A20000C9220221040144200D154E2D2
:10749000193A0735954306CD00910192E20709D5C7
:1074A000009A01990A4305D013AA30215370022390
:1074B00011701C43274B1C400223CBE10698FEF7BA
:1074C00099FE436818000F93D8F728FE0E9006988F
:1074D000FEF790FE83680D930E9B002B10D00D9B42
:1074E000002B0DD01B78002B0AD08023DB001C431F
:1074F00006E012ABDA780333002A01D120321A7089
:10750000079B4CE70123F2E708CD0993002BF7DA3C
:107510005B4209930423EAE72B2212ABDA70EFE710
:10752000079B5A1C1B782A2B16D000210A20059194
:10753000190030390792092900D933E7059B4343E5
:107540005B18059313780132F2E7C046FFDFFFFFB7
:1075500008B60208FFFBFFFF08CD0593002B02DAF7
:1075600001235B4205930792CAE78023BFE700210E
:10757000079A09910A310998303B48431B1809932F
:1075800013780132180030380928F4D9079209E736
:10759000079B1B78682B05D1079B0133079380233A
:1075A0009B00A4E74023A2E7079B1B786C2B04D128
:1075B000079B01330793202399E7102397E704CD16
:1075C00027AB1A70002212A9CA7001211E00059172
:1075D0000B920B9B059A0A93934200DA0A9212AB24
:1075E00003331B785A1E93410A9AD3180A93022335
:1075F0002340109302231C4202D00A9B02330A93B9
:10760000842322001A4011921C4221D1099B0A9A1C
:107610009F1A002F1CDD169B03999C46CB48159B97
:10762000039A013308311060102F00DD29E2576002
:107630006744169715930391072B09DD0499069863
:1076400014AAFFF7D7FD002800D08BE217AB0393F5
:1076500012A9C878169A159B033100280DD00398FB
:107660000133016001215218416016921593072BD6
:1076700000DD19E20300083303931099169A159B55
:1076800000290ED0039813A901600221013352187A
:10769000416016921593072B00DD0EE203000833BC
:1076A0000393119B802B21D1099B0A9A9F1A002FCB
:1076B0001CDD169B03999C46A548159B039A013334
:1076C00008311060102F00DD00E257606744169704
:1076D00015930391072B09DD0499069814AAFFF767
:1076E00089FD002800D03DE217AB03930B9B059A60
:1076F0009F1A002F1CDD169B03999C469448159BEE
:10770000039A013308311060102F00DDF1E157605A
:107710006744169715930391072B09DD0499069882
:1077200014AAFFF767FD002800D01BE217AB0393F4
:10773000039A059B16605360169B059A9B18169337
:10774000159B01331593072B00DDE5E1039E0836F9
:10775000640700D5E9E1099B0A9A934200DA130015
:10776000089AD3180893169B002B07D00499069803
:1077700014AAFFF73FFD002800D0F3E10023159382
:1077800017AB0393E1E510231C43A30628D5072379
:1077900007359D430CCD00920193019A0123002AE5
:1077A00009DA009E019F00227142BA4100910192C4
:1077B0002D2112AAD1700199009A0A43059901312D
:1077C00000D102E2802127008F43002A00D000E28E
:1077D000059A002A00D13DE1012B00D0FCE1D8E060
:1077E00008CDE20603D50093DB170193D5E76206C7
:1077F00001D51BB2F7E7A205F5D55BB2F3E7A30607
:1078000006D52B68089A1A60D2175A6004359CE591
:10781000E30603D52B68089A1A60F7E7630603D5D9
:107820002B68089A1A80F1E7A405F3D52B68089A0B
:107830001A70EBE710231C432023200018401C4241
:107840000BD0193B07359D430CCD00920193414B62
:107850001C400023002112AAACE71022210008CD11
:107860001140144202D000930190F0E74022200022
:107870001040144203D09BB200930191E7E78022AD
:107880002100920011401442F6D0DBB2EBE708CDA4
:1078900031490093002313AA1180304A0193023327
:1078A0001C430C92D6E7002708CD1E0012ABDF70F8
:1078B000059B01330CD039003000059AFEF7B2FC6D
:1078C0000B90B84200D184E6831B05930B9780E6AA
:1078D0003000D8F723FC0590F8E710231C43202341
:1078E000200018401C4207D0193B07359D430CCDA2
:1078F000009201930123ADE71023210004CD19402C
:107900001C4203D0009201900F3BA3E740232000CC
:1079100018401C4203D093B200930191EAE7802300
:1079200021009B0019401C4203D0D3B20093019068
:10793000E0E70092F1E70A4AA3E51021270004CD11
:107940000F400C420ED000920190A7E5FDB6020850
:10795000EDB60208FFFBFFFF3078000008B6020812
:1079600019B602084021200008400C4203D092B210
:107970000092019792E58021270089000F400C4278
:10798000F6D0D2B2DFE7019B002B0BD1009B092B75
:1079900008D8009B3033DBB2B72212A95218160068
:1079A000137040E140AB1E0080230024DB003B400D
:1079B0000A930A22009801990023D8F7B9FD3300F1
:1079C0003032013B1E001A700A9B0B90109101345B
:1079D000002B1AD00D9B1B78A34216D1FF2C14D07C
:1079E000019B002B02D1009B092B0ED90E9A0F99F7
:1079F000B31A18001E00FBF79EFE0D9B00245B7857
:107A00005A1E93410D9AD3180D93019B002B03D15D
:107A1000009B092B00D806E10B9B0093109B019360
:107A2000C7E740AB1E000F203300013B1E00009B48
:107A30000C9A0340D35C3370019B1907009B1A0911
:107A4000019B11431B0901930B00019A0091134301
:107A5000EAD1E8E040AA1600002B00D0E3E0E407FA
:107A600000D4E0E0303397E7002B00D19FE027AA55
:107A70001370002312A9CB700121160005910B93FE
:107A8000A7E5102050606246121816921593072B36
:107A900007DD0499069814AAFFF7ACFB002861D112
:107AA00017A9103F0391B6E50499069814AAFFF7A9
:107AB000A1FB002856D117ABDEE50499069814AA5D
:107AC000FFF798FB00284DD117ABE9E51020506077
:107AD0006246121816921593072B07DD0499069833
:107AE00014AAFFF787FB00283CD117A9103F039188
:107AF000DFE5102050606246121816921593072B8E
:107B000007DD0499069814AAFFF774FB002829D111
:107B100017A9103F0391EEE50499069814AAFFF700
:107B200069FB00281ED117AE12E6099B0A9A10279E
:107B30009C1A002C00DC0EE615993E4A169B01317A
:107B40003260102C22DC7460E41816941591072919
:107B500000DC00E60499069814AAFFF74BFB002806
:107B600000D1F8E5049B5B6EDB0707D4049B9B897F
:107B70009B0503D4049B986DFBF7BDFE049B9B897A
:107B80005B0601D4FFF7ACFBFFF7A7FB1033776070
:107B9000169315910836072907DD0499069814AA4B
:107BA000FFF728FB0028DDD117AE103CC4E7169B79
:107BB000002B02D100231593D4E70499069814AA48
:107BC000FFF718FB0028F5D0CCE72700002A00D1EA
:107BD00002E6012B00D1D6E6022B00D121E740AB13
:107BE0001E0007239C463300013B32001E00634603
:107BF00000990B40019930334C0700993370C80845
:107C000001990443C908019121000198009401439E
:107C1000E9D1F90707D5302B05D033003021013BDE
:107C20001970931E1E00059B3C000B9340AB9B1BE1
:107C30000593CEE4FDB60208F0B5150002221E4CF5
:107C40001F008B89A54493436A4693814B6E0600BF
:107C50001993CB8916A8D381CB690C0007934B6A83
:107C600009931AAB009304938023DB0002930593DE
:107C700000230693FBF73CFE2A003B0069463000D8
:107C8000FFF7F0FA051E07DB69463000FEF78CFAB5
:107C9000002801D001256D426B469A8940231A4283
:107CA00002D0A2891343A3811698FBF722FE280075
:107CB000024B9D44F0BDC04694FBFFFF6C040000E6
:107CC000F0B5936887B00C0002900492002B02D1AB
:107CD000002007B0F0BD8B891B0756D50B69002B20
:107CE00053D0049B1B6801930C22A35E02221E004A
:107CF000164013426FD1012201211A400B4200D1DC
:107D0000A2E0300037000396002F00D10AE10028DE
:107D10000AD13A000A210398FEF784FA7E1C002853
:107D200002D0039B0130C61A0596BE4200D90597C2
:107D300020682269A5686369904200D8FBE0059A33
:107D4000ED18AA4200DCF6E003992A00FBF7ACFC30
:107D5000236821005B1902982360FEF725FA0028AA
:107D60006DD10120761B05D121000298FEF71CFA87
:107D7000002864D1039B049A5B190393049B7F1B27
:107D80009B685B1B9360BFD1A2E72100029800F0C3
:107D9000F1F80028A5D0012040429AE7019B1E6817
:107DA0005D6808330193676AE169002DF6D06E4A79
:107DB0002B00954200D9130032000298B8470028E2
:107DC0003DDD049B049A9B6836181B1A2D1A93609C
:107DD000002BE8D17CE700263500E4E7019B1B6817
:107DE0000393019B5D68083301930C22A35E206816
:107DF000A668002DF2D080229200134262D0AE42DB
:107E000037D89022D200134233D02169421A03207E
:107E1000059262694243D70FBF18059A7F1001325D
:107E20005219BA4200D917005B053CD539000298B7
:107E3000FAF76EF8061E0AD10C23029A136040234B
:107E4000A2891343A381A6E715000392CDE7059A03
:107E50002169FBF764FDA289444B1A408023134338
:107E6000A381059B2661F61826602E006761FF1A24
:107E7000A7602F00AE4200D92E003200039920687F
:107E8000FBF712FCA3689B1BA36023689B1923606C
:107E9000039B049ADB190393049BED1B9B68DB1B7C
:107EA0009360A2D114E73A000298FAF775FA061E19
:107EB000D7D121690298FBF7ABFD8022A3899343B8
:107EC000A381B9E72369834202D36769AF4216D918
:107ED000AE4200D92E0032000399FBF7E5FBA36800
:107EE00022689B1B92193700A3602260002BCFD120
:107EF00021000298FEF758F90028C9D09FE7802397
:107F000028001B069D4200D319483900D8F7ACF968
:107F10003B00666A4343039AE1690298B047071E33
:107F2000B6DC8CE7019B00201B680393019B5F6814
:107F300008330193E8E6059A934208DC656A039AE0
:107F4000E1690298A847051E00DD0AE777E7059A70
:107F50000399FBF7A9FB059AA36815009B1AA36078
:107F600023689B182360FCE600FCFF7F7FFBFFFF7C
:107F7000FFFFFF7F2D4B70B5050018680C0000282F
:107F800004D0436B002B01D1FBF7EEFA0C23E25E29
:107F9000130723D4D30607D409232B6040230120E1
:107FA0001343A38140423AE0520713D5216B0029C5
:107FB00008D023004033994202D02800FBF728FD67
:107FC000002323632422A3899343A38100236360B6
:107FD000236923600823A2891343A3812369002B0B
:107FE0000BD1A0218022A389890092000B409342EB
:107FF00003D02100280000F0CDF80C23E25E01211F
:1080000013000B400A420BD00023A36063695B425C
:10801000A36100202369834201D11306BED470BD41
:10802000910700D46369A360F3E7C0467807002096
:10803000F0B585B00E0014000190FBF7C7FB0500FA
:10804000012819D1731EFE2B16D802AB1E71002712
:10805000AF4221D003ABD95DA368013BA360002BE5
:1080600004DAA26993421ADB0A2918D023685A1C41
:10807000226019700137EBE72300320001985C336E
:1080800003A900F043F80500431CE0D14023A28976
:108090001343A38101267642300005B0F0BD2200D3
:1080A000019800F0B9F80130E4D1F3E7536E70B5F0
:1080B00005000E001400DB0705D493899B0502D44C
:1080C000906DFBF717FC0C23E25E80239B011A42A4
:1080D00004D11A43A281626E134363662800220012
:1080E0003100FFF7A5FF636E0500DB0705D4A38908
:1080F0009B0502D4A06DFBF7FEFB280070BD062097
:1081000010B500F005F9012000F056F97FB51D000B
:10811000084B04001E682B00002901D10A0001A9A8
:108120002000B047431C03D100232B608A33236017
:1081300004B070BDEC06002070B50E001D000E23CB
:10814000C95E140096B0002909DAB28980231100B3
:1081500019401A4218D18023DB00080010E06A465B
:1081600000F0E0F80028F0DBF02301991B02194031
:10817000074B8020C9184B42594180230001DB0086
:108180002960236016B070BD00214023E5E7C0469A
:1081900000E0FFFFF0B502268B8905000C0085B0DA
:1081A000334207D0230043332360236101236361FB
:1081B00005B0F0BD03AB02AAFFF7BEFF029F01901E
:1081C00039002800F9F7A4FE002808D10C22A35E8C
:1081D0009A05EDD4032293431E43A681E2E7802350
:1081E000A28920601343A381039B20616761002B58
:1081F0000CD028000E23E15E00F0A6F8002805D080
:108200000323A2899A43023B1343A381A389019AC2
:108210001343A381CCE70000F8B506000D0014005D
:10822000002804D0436B002B01D1FBF79DF9A36913
:10823000A360A3891B0702D52369002B09D1210064
:108240003000FFF797FE002803D001256D4228007B
:10825000F8BD0C23E25E80239B01EFB2EDB21A421F
:1082600005D11343A381134A636E134063662369E8
:108270002068C01A6369834205DC21003000FDF7E5
:1082800093FF0028E1D1A3680130013BA36023687C
:108290005A1C22601F706369834204D0A389DB07E4
:1082A000D5D50A2DD3D121003000FDF77DFF002860
:1082B000CDD0CAE7FFDFFFFF70B504000D001F2916
:1082C00004D9162303600120404270BD0300FC3333
:1082D000DB69002B04D08A009B181A68002A08D199
:1082E000200000F055F82A000100200000F03EF8C0
:1082F000EBE7012A09D0511C03D1162303600120AA
:10830000E3E700212800196090470020DDE7000026
:1083100010B5034B01001868FFF7CEFF10BDC04633
:1083200078070020002370B5064D040008001100F6
:108330002B60F9F7AFFD431C03D12B68002B00D055
:10834000236070BD18950120002370B5064D040010
:1083500008002B60F9F78FFD431C03D12B68002B1D
:1083600000D0236070BDC04618950120002370B571
:10837000064D0400080011002B60F9F771FD431C45
:1083800003D12B68002B00D0236070BD189501200D
:1083900010B5F9F779FD10BD054A030011680029F1
:1083A00001D1044911601068C31813607047C046BA
:1083B000B4960120B8960120FEE70000F8B5C0464B
:1083C000F8BC08BC9E467047F8B5C046F8BC08BC6F
:1083D0009E4670470000000001B40248844601BC7C
:0883E000604700BFA508002062
:1083E800081C3044586C8000000000000000483031
:1083F8003152300050303152300048323352300060
:108408004832335231004832335233004830375201
:108418003300483038523600503038523600483031
:10842800395230004830395239004831425236000A
:1084380048313252300048313352370048304652C2
:1084480031004830465236004830465237004831ED
:1084580041523200483041523900483144523100CB
:10846800483144523500483042523400483138527D
:1084780030004832365230004831355230004831E9
:1084880030523400483241523300483431523600B9
:10849800483342523600483138523100483146524A
:1084A80035004833425232004832315232004831A6
:1084B8003752310048313552380048324252300084
:1084C8004830355230004833425237004832425221
:1084D8003100483037523800483038523700483178
:1084E8003652360050303852370048313952300051
:1084F8005250490000000000000000000000000089
:10850800000000006D650000616C6C006966000089
:10851800666F72004D6F6E64617900005475657303
:10852800646179005765646E657364617900000061
:10853800546875727364617900000000467269645A
:1085480061790000536174757264617900000000FC
:1085580053756E64617900004A616E004665620079
:108568004D617200417072004D6179004A756E006C
:108578004A756C0041756700536570004F6374005D
:108588004E6F7600446563000D0A424F532E7265A4
:1085980073706F6E73653A20616C6C2C206D657317
:1085A800736167652C20636C692C206E6F6E650D96
:1085B8000A0000000D0A424F532E74726163653A37
:1085C80020616C6C2C206D6573736167652C20725B
:1085D8006573706F6E73652C206E6F6E650D0A0083
:1085E800424F532E636C6962617564726174653AB7
:1085F80020434C492062617564726174652E204481
:10860800656661756C742069732039323136303093
:108618002E205468697320616666656374732061EF
:108628006C6C20706F7274732E20496620796F7598
:10863800206368616E676520746869732076616C71
:1086480075652C2020202020202020202020207923
:108658006F75206D75737420636F6E6E656374201B
:10866800746F206120434C4920706F7274206F6EC4
:108678002065616368207374617274757020746F0B
:1086880020726573746F7265206F7468657220411B
:108698007272617920706F72747320696E746F20C2
:1086A80064656661756C7420626175647261746575
:1086B8000D0A0000424F532E6465626F756E636544
:1086C8003A2031202E2E2E2E2E2E2E2E2E2E2E2ECF
:1086D800203635353336206D7365630D0A0000008A
:1086E800424F532E73696E676C65636C69636B7474
:1086F800696D653A2031202E2E2E2E2E20363535E6
:108708003336206D7365630D0A000000424F532E07
:108718006D696E696E746572636C69636B74696D9B
:10872800653A2031202E2E2E20323535206D736586
:10873800630D0A00424F532E6D6178696E7465723D
:10874800636C69636B74696D653A2031202E2E2E37
:1087580020323535206D7365630D0A000A0D5468A3
:108768006973206D6F64756C652077696C6C206225
:108778006520666F7263656420696E746F20626F2E
:108788006F746C6F61646572206D6F64652E0A0D7D
:10879800506C656173652075736520746865202267
:1087A80053544D20466C617368204C6F6164657248
:1087B8002044656D6F6E73747261746F7222200944
:1087C80009097574696C69747920746F207570640F
:1087D80061746520746865206669726D7761726579
:1087E8002E0A0D0A092A2A2A20496D706F727461AF
:1087F8006E74202A2A2A0A0D496620746869732033
:108808006D6F64756C6520697320636F6E6E656348
:10881800746564206469726563746C7920746F2070
:10882800504320706C6561736520636C6F736520BD
:108838007468697320706F72742066697273742E1D
:108848000A0D00000A0D4D6F64756C6520256420C3
:1088580077696C6C20626520666F72636564206955
:108868006E746F20626F6F746C6F61646572206DD7
:108878006F64652E000000000A0D506C6561736519
:108888002075736520746865202253544D20466C0A
:10889800617368204C6F616465722044656D6F6E0A
:1088A80073747261746F7222207574696C6974795B
:1088B80020746F2075706461746520746865206623
:1088C80069726D776172652E0909090A0D0A092A0C
:1088D8002A2A20496D706F7274616E74202A2A2AC0
:1088E8000A0D2D2049662074686973206D6F6475C0
:1088F8006C6520697320636F6E6E656374656420B0
:108908006469726563746C7920746F2050432070B9
:108918006C6561736520636C6F7365207468697337
:1089280020706F72742066697273742E0A0D0909BB
:10893800092D20596F75206D75737420706F7765D8
:1089480072206379636C652074686520656E74694C
:108958007265204172726179206166746572207453
:108968006865207570646174652069732066696E36
:1089780069736865642E0A0D000000000A0D5265CF
:108988006D6F746520757064617465207669612007
:108998006D6F64756C652025642C20706F7274206F
:1089A8005025642077696C6C206265207472696751
:1089B80067657265642E00003D0000003E000000FF
:1089C8003C0000003E3D00003C3D0000213D000011
:1089D8000A0D284D6F64756C653A506F72742909D9
:1089E8000900000050256409000000000A0A0D0073
:1089F8004D6F64756C652025643A09000900000014
:108A08002564090025643A25640900000A0D000060
:108A18000A0000000A0D546865736520706F72744F
:108A280073206172652072657665727365643A00B9
:108A38000A0D4D6F64756C65202564203A20502519
:108A4800640000000A0A0D416C6C206F746865723E
:108A580020706F72747320617265206E6F726D6121
:108A68006C0A0D000A0D2A2A2A204D6F64756C6560
:108A780020256420537461747573202A2A2A0A00F9
:108A88000A0D436F6E6E65637465642076696120B4
:108A9800706F72743A205025640A0D000A0D4669F9
:108AA800726D776172652076657273696F6E3A20B0
:108AB80025642E25642E2564000000004D61792070
:108AC80032362032303235000A0D4669726D7761D0
:108AD800726520646174653A2020202025730000A7
:108AE80031323A33353A3331000000000A0D466915
:108AF800726D776172652074696D653A2020202057
:108B080025730A0D000000000A0D506F727473205F
:108B18005374617475733A0A0A0D00005025643A5B
:108B280020000000467265650A0D00005265636505
:108B38006976696E67206D657373616765730A0D81
:108B48000000000053747265616D696E670A0D005C
:108B5800526563656976696E67207573657220630F
:108B68006F6D6D616E64730A0D000000436F6E6E69
:108B7800656374656420746F206120627574746F16
:108B88006E2F7377697463680A0D00000A0D444DEF
:108B9800412053747265616D7320537461747573E9
:108BA8003A0A0D000A0D53747265616D696E67208B
:108BB800444D412025642069732066726565000074
:108BC8000A0D53747265616D696E6720444D4120CA
:108BD80025642069732073747265616D696E6720FE
:108BE80066726F6D2050256420746F2050256400D4
:108BF8000A0D546865736520706F72747320617212
:108C0800652072657665727365643A20000000001D
:108C180050256420000000004E6F6E6500000000C3
:108C280032540008405400084E5400085C540008B0
:108C38006A5400086D650000616C6C00065F0008EE
:108C4800945B0008B05B0008CE5B0008FC5B000882
:108C58002A5C00086A5C0008AA5C0008945B0008AB
:108C6800185F0008645D0008845D0008A65D0008C0
:108C7800D85D00080A5E00084E5E0008925E000893
:108C8800645D0008257320253032642F2530326456
:108C98002F25303464000000253032643A25303204
:108CA800643A253032640000081C3044586C800057
:108CB8000A0D0A0D3D3D3D3D3D3D3D3D3D3D3D3DA2
:108CC8003D3D3D3D3D3D3D3D3D3D3D3D3D3D3D3DCC
:108CD8003D3D3D3D3D3D3D3D3D3D3D3D3D3D3D3DBC
:108CE8003D3D3D3D3D3D3D3D0920202020200A0DD4
:108CF8003D3D3D3D3D3D3D3D3D3D3D3D3D3D3D3D9C
:108D08003D3D3D3D3D3D3D3D3D3D3D3D3D3D3D3D8B
:108D18003D3D3D3D3D3D3D3D3D3D3D3D3D3D3D3D7B
:108D28003D3D3D3D0920202020200A0D7C7C20204F
:108D38002020202020202020202057656C636F6D84
:108D48006520746F204269747A4F5320434C49213F
:108D580020202020202020202020202020207C7C53
:108D68000909200A0D7C7C2020202020202028436F
:108D78002920434F505952494748542048455841A3
:108D88004249545A20323031372D323032352E2074
:108D9800202020202020207C7C0920202020200A40
:108DA8000D7C7C2020202020202020202020202016
:108DB80020202020202020202020202020202020AB
:108DC800202020202020202020202020202020209B
:108DD8002020207C7C0909200A0D7C7C2020202072
:108DE8002020506C6561736520636865636B20742F
:108DF80068652070726F6A6563742077656273694D
:108E08007465206174202020202020207C7C0909A2
:108E1800200A0D7C7C2020202020202020202020BB
:108E28002020687474703A2F2F68657861626974BD
:108E38007A2E636F6D2F20202020202020202020D4
:108E480020202020207C7C0920202020200A0D7C46
:108E58007C202020202020202020202020202020AE
:108E680020202020202020202020202020202020FA
:108E780020202020202020202020202020202020EA
:108E8800207C7C0920202020200A0D7C7C202020AA
:108E9800547970652068656C7020666F7220612057
:108EA8006C697374206F6620617661696C61626CAD
:108EB8006520636F6D6D616E64732E20207C7C0964
:108EC80020202020200A0D3D3D3D3D3D3D3D3D3DBE
:108ED8003D3D3D3D3D3D3D3D3D3D3D3D3D3D3D3DBA
:108EE8003D3D3D3D3D3D3D3D3D3D3D3D3D3D3D3DAA
:108EF8003D3D3D3D3D3D3D3D3D3D3D092020202042
:108F0800200A0D3D3D3D3D3D3D3D3D3D3D3D3D3D09
:108F18003D3D3D3D3D3D3D3D3D3D3D3D3D3D3D3D79
:108F28003D3D3D3D3D3D3D3D3D3D3D3D3D3D3D3D69
:108F38003D3D3D3D3D3D3D0920202020200A0A0DB4
:108F4800000000000D0A00000D0A5B507265737383
:108F580020454E54455220746F20657865637574BA
:108F680065207468652070726576696F7573206313
:108F78006F6D6D616E6420616761696E5D0D0A3E9B
:108F880000000000436F6E6E656374656420746F43
:108F9800206D6F64756C6520256420282573292C45
:108FA80020706F7274205025642E0A0A0D3E00004E
:108FB800696620000A43616E6E6F742073746F7265
:108FC80065206D6F726520436F6D6D616E6420530F
:108FD8006E6970706574732E20506C6561736520BE
:108FE80064656C657465206578697374696E67205B
:108FF8006F6E657320616E64207472792061676199
:10900800696E2E0A0D000000656E64206966000016
:10901800000000000A436F6E646974696F6E616CCA
:109028002073746174656D656E7420616363657027
:1090380074656420616E6420616464656420746F83
:1090480020436F6D6D616E6420536E697070657436
:10905800732E0A0D00000000626F730057726F6E66
:1090680067206D6F64756C65206E616D6521205099
:109078006C656173652074727920616761696E2E11
:109088000A0D000057726F6E67206D6F64756C650E
:109098002049442120506C656173652074727920E1
:1090A800616761696E2E0A0D00000000436F6D6DE7
:1090B800616E642062726F616463617374656420B9
:1090C800746F20616C6C0A0D0000000025734D75EB
:1090D8006C74696361737420436F6D6D616E642095
:1090E800666F7277617264656420746F2067726F4F
:1090F80075702025730A0D00757064617465000031
:10910800436F6D6D616E6420666F7277617264651E
:109118006420746F204D6F64756C652025640A0D9A
:109128000000000025734D6F64756C652025642070
:109138006973206E6F7420726561636861626C6523
:109148002E0A0D00636C69636B656400646F756259
:109158006C6520636C69636B656400002000000027
:10916800506E00089C6D0008B26D0008C86D0008BC
:10917800EE6D0008046E00082A6E0008081C3044D2
:10918800586C80003D3D003E00003C00003E3D0024
:109198003C3D00213D00000072756E2D74696D65BF
:1091A8002D7374617473000072756E2D74696D652A
:1091B8002D73746174733A0D0A20446973706C617D
:1091C800792061207461626C652073686F77696EBD
:1091D8006720686F77206D7563682070726F6365AC
:1091E8007373696E672074696D65206561636820B3
:1091F8004672656552544F53207461736B206861E1
:109208007320757365640D0A0D0A0000A0910208A9
:10921800B091020845720008000000007461736B89
:109228002D737461747300007461736B2D737461B2
:1092380074733A0D0A20446973706C617920612057
:109248007461626C652073686F77696E67207468F3
:1092580065207374617465206F662065616368209A
:109268004672656552544F53207461736B0D0A0D35
:109278000A000000249202083092020805720008D1
:109288000000000070696E670000000070696E677A
:109298003A0D0A2050696E672061206D6F64756C05
:1092A800650D0A0D0A0000008C92020894920208CB
:1092B8008572000800000000757064617465000024
:1092C8007570646174653A0D0A205075742074686D
:1092D80065206D6F64756C6520696E2066616374C6
:1092E8006F727920626F6F746C6F61646572206D44
:1092F8006F646520746F207570646174652069748B
:1093080073206669726D776172652E0D0A0A090904
:109318000909090920202D205573652027236E2E61
:109328007570646174652720746F2075706461744A
:10933800652072656D6F7465206D6F64756C65204E
:109348006E2E204D616B652073757265207468659B
:109358002070726F6772616D6D696E6720706F72D1
:10936800742069732074686520696E636F6D696E17
:109378006720706F7274206F662074686973206D3F
:109388006F64756C652E0D0A090909090909202001
:109398002D20557365202775706461746520766982
:1093A8006120236E2070782720746F2075736520E4
:1093B80074686520535420466C617368204C6F6153
:1093C80064657220746F6F6C2077697468206D6FA4
:1093D80064756C65206E2C20706F72742078207410
:1093E8006F207570646174652061206E65696768B7
:1093F800626F72206D6F64756C652E205468697396
:109408002069732075736566756C20696620090983
:109418000909090909746172676574206D6F6475BB
:109428006C65206973206E6F742070617274206F90
:10943800662074686520746F706F6C6F6779206F31
:10944800722069662070726F6772616D6D696E67F0
:1094580020706F7274206973206E6F7420696E209B
:109468007468652073686F727465737420706174B2
:109478006820746F20746172676574206D6F6475FD
:109488006C652E0D0A0D0A00C0920208C8920208E7
:1094980021730008FF0000006578706C6F7265002A
:1094A8006578706C6F72653A0D0A204578706C6F3C
:1094B80072652074686520617272617920616E64DA
:1094C800206275696C642069747320746F706F6CA6
:1094D8006F67790D0A0D0A00A0940208A894020883
:1094E80021750008000000007265736574000000B3
:1094F80072657365743A0D0A205265736574207439
:109508006865206D6F64756C650D0A0D0A000000B2
:10951800F0940208F8940208197600080000000088
:109528006E616D65000000006E616D653A0D0A2080
:109538004E616D6520746865206D6F64756C65207B
:109548007769746820616E20616C696173202831C5
:109558007374207061722E290D0A0D0A0000000034
:1095680028950208309502082976000801000000B5
:1095780067726F757000000067726F75703A0D0A38
:109588002047726F7570206D756C7469706C6520FA
:109598006D6F64756C65732028326E642B20706162
:1095A800722E2920696E746F2061206E6577206F96
:1095B80072206578697374696E672067726F757059
:1095C8002028317374207061722E290D0A0D0A004B
:1095D800789502088095020811770008FF000000BE
:1095E80073746174757300007374617475733A0DE4
:1095F8000A20446973706C6179206D6F64756C65BD
:10960800207374617475730D0A0D0A00E8950208D9
:10961800F09502080D7A000800000000696E666F78
:1096280000000000696E666F3A0D0A204469737085
:109638006C617920617272617920696E666F726DF2
:109648006174696F6E0D0A0D0A0000002496020805
:109658002C960208297A0008000000006164642D35
:10966800627574746F6E00006164642D6275747441
:109678006F6E3A0D0A20446566696E652061206246
:109688007574746F6E206174206F6E65206F66202C
:1096980074686520617272617920706F7274732EBC
:1096A80020427574746F6E20747970652028276D58
:1096B8006F6D656E746172792D6E6F272C20276D22
:1096C8006F6D656E746172792D6E63272C20276F1C
:1096D8006E6F66662D6E6F272C20276F6E6F66661D
:1096E8002D6E63272928317374207061722E292CFE
:1096F80020427574746F6E20706F72742028326EF9
:1097080064207061722E290D0A0D0A006496020801
:1097180070960208257B00080200000072656D6FD4
:1097280076652D627574746F6E00000072656D6FDA
:1097380076652D627574746F6E3A0D0A2052656DE8
:109748006F7665206120627574746F6E207468612D
:1097580074207761732070726576696F75736C79A0
:1097680020646566696E6564206174207468697335
:1097780020706F72742028317374207061722E29E2
:109788000D0A0D0A00000000249702083497020809
:10979800757C000801000000736574007365743AF5
:1097A8000D0A20536574206120706172616D6574C3
:1097B80065722028317374207061722E29207769B0
:1097C8007468206120676976656E2076616C7565BE
:1097D8002028326E64207061722E290D0A0D0A004D
:1097E800A0970208A4970208097D0008FF0000005E
:1097F800676574006765743A0D0A204765742074BC
:1098080068652063757272656E742076616C756523
:10981800206F66206120706172616D6574657220C9
:1098280028317374207061722E290D0A0D0A000008
:10983800F8970208FC970208B1880008FF000000AA
:1098480064656661756C740064656661756C743A0C
:109858000D0A2054797065202764656661756C74FB
:1098680020706172616D732720746F207365742096
:10987800616C6C20706172616D65746572732074BF
:109888006F2064656661756C742076616C756573AC
:109898000D0A2054797065202764656661756C74BB
:1098A8002061727261792720746F2072656D6F76FE
:1098B800652063757272656E7420746F706F6C6F5B
:1098C80067790D0A0D0A00004898020850980208A6
:1098D8004D8C00080100000074696D6500000000EF
:1098E80074696D653A0D0A20446973706C6179205A
:1098F80063757272656E742074696D6520696E2077
:1099080048483A4D4D3A53532D6D73656320666F41
:10991800726D61740D0A0D0A00000000E0980208DB
:10992800E8980208458D000800000000646174652D
:1099380000000000646174653A0D0A204469737080
:109948006C61792063757272656E742064617465E8
:1099580020696E205765656B646179204D4D2F44F1
:10996800442F5959595920666F726D61740D0A0D4B
:109978000A000000349902083C9902081D8E00086C
:10998800000000007365742D62617564726174650E
:10999800000000007365742D6261756472617465FE
:1099A8003A0D0A205365742055415254206261755E
:1099B80064726174650D0A092831737420706172CC
:1099C800616D65746572293A20503120746F20509A
:1099D800360D0A0928326E6420706172616D6574F3
:1099E8006572293A2062617564726174650D0A0DA9
:1099F8000A0000008C9902089C990208518E000800
:109A080002000000757569640000000075756964DE
:109A18003A0D0A20446973706C6179204D435520D2
:109A2800756E69717565205549440D0A0D0A000067
:109A38000C9A0208149A0208118F0008000000000E
:109A48006964636F646500006964636F64653A0DF7
:109A58000A20446973706C6179204D43552049444C
:109A6800434F444520284445565F494420616E646D
:109A7800205245565F4944290D0A0D0A000000008E
:109A8800489A0208509A0208A18F000800000000B6
:109A9800666C6173682D73697A650000666C617322
:109AA800682D73697A653A0D0A20446973706C6190
:109AB80079204D435520466C6173682073697A6537
:109AC80020696E204B62797465730D0A0D0A0000D7
:109AD800989A0208A49A02081D9000080000000045
:109AE800736E697000000000736E69703A0D0A2089
:109AF800446973706C61792061206C697374206F9C
:109B0800662073746F72656420436F6D6D616E6457
:109B180020536E69707065747320746F2065646972
:109B280074206F722064656C6574650D0A0D0A00F7
:109B3800E89A0208F09A0208519000080000000014
:109B48006163742D736E6970000000006163742D89
:109B5800736E69703A0D0A204163746976617465A1
:109B6800206120436F6D6D616E6420536E69707063
:109B780065740D0A0D0A0000489B0208549B0208F0
:109B88002D9300080100000070617573652D736ED8
:109B98006970000070617573652D736E69703A0D98
:109BA8000A205061757365206120436F6D6D616E89
:109BB8006420536E69707065740D0A0D0A00000008
:109BC800909B02089C9B0208E59300080100000096
:109BD80064656C2D736E69700000000064656C2DFF
:109BE800736E69703A0D0A2044656C65746520616E
:109BF80020436F6D6D616E6420536E69707065747B
:109C08000D0A0D0A00000000D89B0208E49B020818
:109C18009D94000801000000627269646765000095
:109C28006272696467653A0D0A2042726964676501
:109C38002074776F20617272617920706F7274730B
:109C48000D0A0D0A00000000209C0208289C02084A
:109C58007196000802000000756E6272696467659B
:109C680000000000756E6272696467653A0D0A202B
:109C7800556E2D6272696467652074776F20617212
:109C880072617920706F7274730D0A0D0A000000FA
:109C9800609C02086C9C02088D9700080200000076
:109CA800746573742D706F7274000000746573743A
:109CB8002D706F72743A0D0A207465737420706F7A
:109CC80072742066756E6374696F6E616C697479FD
:109CD8002E20796F752063616E2063686F6F7365DE
:109CE8002065697468657220746F207465737420C8
:109CF8006F6E6520737065636966696320706F7243
:109D080074206F7220746F207465737420616C6C9A
:109D180020706F7274732E20706C65617365207487
:109D2800797065205078207768657265207820738F
:109D380074616E647320666F7220746865206E7536
:109D48006D626572206F6620706F7274206F72206A
:109D580074797065203C616C6C3E20746F2074656A
:109D6800737420616C6C20706F72740D0A0D0A0098
:109D7800A89C0208B49C0208A998000801000000E9
:109D8800726561642D61646300000000726561643E
:109D98002D6164633A0D0A20526561642041444391
:109DA8002056616C75652066726F6D20506F7274F5
:109DB8002032206F7220506F7274203320616E64DD
:109DC8002063686F6F7365207468652073696465C4
:109DD800207768657265617320746F70206F7220D8
:109DE800626F74746F6D0D0A0D0A0000889D020879
:109DF800949D0208819B000802000000726561645E
:109E08002D74656D70000000726561642D74656D58
:109E1800703A0D0A205265616420696E7465726E2D
:109E2800616C2074656D70657261747572650D0A78
:109E38000D0A0000049E0208109E0208AD9C00084E
:109E480000000000726561642D767265660000008E
:109E5800726561642D767265663A0D0A20526561F5
:109E68006420696E7465726E616C207265666572D5
:109E7800656E636520566F6C746167650D0A0D0A1F
:109E8800000000004C9E0208589E0208019D000830
:109E980000000000726561642D6164632D70657255
:109EA80063656E7461676500726561642D616463E2
:109EB8002D70657263656E746167653A0D0A204797
:109EC80065742070657263656E746167652076617C
:109ED8006C75652066726F6D20706F727420322009
:109EE8006F7220706F727420330D0A0D0A00000023
:109EF8009C9E0208B09E0208559D000802000000C2
:109F08005461736B205374617465205072696F7269
:109F180069747920537461636B20230D0A2A2A2AF5
:109F28002A2A2A2A2A2A2A2A2A2A2A2A2A2A2A2A89
:109F38002A2A2A2A2A2A2A2A2A2A2A2A2A2A2A2A79
:109F48002A2A2A2A2A2A2A2A2A2A2A2A2A0D0A00D0
:109F58005461736B204162732054696D652025201C
:109F680054696D650D0A2A2A2A2A2A2A2A2A2A2A9F
:109F78002A2A2A2A2A2A2A2A2A2A2A2A2A2A2A2A39
:109F88002A2A2A2A2A2A2A2A2A2A2A2A2A2A0D0A66
:109F98000000000076696100200000004D6F6475C4
:109FA8006C6573205B0000002C2000000A0D4E75C4
:109FB8006D626572206F66206D6F64756C65733AAB
:109FC8002025640A000000000A0D417272617920A0
:109FD800746F706F6C6F67793A0A0000436F756C25
:109FE80064206E6F74207265616420706F72747380
:109FF80020646972656374696F6E20666F7220737E
:10A008006F6D65206D6F64756C65732120506C658C
:10A018006173652074727920616761696E0A0D0049
:10A028006D6F6D656E746172792D6E6F0000000042
:10A038006D6F6D656E746172792D6E63000000003E
:10A048006F6E6F66662D6E6F000000006F6E6F6634
:10A05800662D6E6300000000626F732E0000000022
:10A06800726573706F6E736500000000616C6C0040
:10A078006D65737361676500636C69006E6F6E650B
:10A08800000000007472616365000000636C69621F
:10A0980061756472617465006465626F756E63658D
:10A0A8000000000073696E676C65636C69636B74AC
:10A0B800696D65006D696E696E746572636C69635C
:10A0C8006B74696D650000006D6178696E74657206
:10A0D800636C69636B74696D65000000616D0000F5
:10A0E800706D00006D6F6E64617900007475657342
:10A0F800646179007765646E657364617900000056
:10A10800746875727364617900000000667269642E
:10A1180061790000736174757264617900000000F0
:10A1280073756E64617900006A616E756172790099
:10A138003120000066656272756172790000000066
:10A14800322000006D617263680000003320000057
:10A15800617072696C000000342000006D61790044
:10A16800352000006A756E6500000000362000008A
:10A178006A756C790000000037200000617567750A
:10A18800737400003820000073657074656D626533
:10A1980072000000392000006F63746F62657200FE
:10A1A800313000006E6F76656D62657200000000E8
:10A1B80031310000646563656D62657200000000FE
:10A1C800313200006D73670025640A0D000000003D
:10A1D80025732325640A0D00706172616D73000098
:10A1E8006172726179000000414D0000504D00001D
:10A1F8002573000025732530385800000D0A00002B
:10A2080053544D333247304231000000554E4B4EC7
:10A218004F574E00506175736564004163746976E9
:10A228006500000048000000746F7000626F74746D
:10A238006F6D00004144432076616C7565203D20B8
:10A2480025302E3266200D0A00000000696E746504
:10A25800726E616C2074656D70657261747572657B
:10A2680020697320252E326643200D0A0000000065
:10A27800696E7465726E616C207265666572656E72
:10A28800636520766F6C74616765206973203D2073
:10A29800252E326656200D0A000000004144432056
:10A2A80076616C75652070657263656E746167654B
:10A2B800206973203D20252E3266252520250D0A8C
:10A2C8000000000048692066726F6D206D6F64752C
:10A2D8006C652025640D0A0048692066726F6D2040
:10A2E8006D6F64756C6520256420282573290D0A17
:10A2F80000000000557064617465206669726D77AE
:10A3080061726520666F72206D6F64756C652025BB
:10A31800640A0D0057726F6E672076616C7565214F
:10A328000A0D00000A54686520617272617920691B
:10A3380073206265696E67206578706C6F726564FA
:10A348002E20506C6561736520776169742E2E2EFE
:10A358000A0D00000A5468652061727261792065EF
:10A3680078706C6F726174696F6E20737563636562
:10A37800656465642E204920666F756E64202564C7
:10A38800206D6F64756C657320696E636C756469A4
:10A398006E67206D7973656C662E2048657265203E
:10A3A80069732074686520646973636F7665726584
:10A3B8006420746F706F6C6F67793A0A0D00000043
:10A3C8000A546865206172726179206578706C6FD3
:10A3D800726174696F6E206661696C65642E2050C5
:10A3E8006C6561736520646F75626C652063686570
:10A3F800636B20636F6E6E656374696F6E732C2078
:10A40800726573657420746865206D6F64756C651A
:10A418007320616E642074727920616761696E2EA1
:10A428000A0D00004D6F64756C6520256420697302
:10A43800206E616D65642025730A0D0025732069FF
:10A4480073206120726573657276656420424F538C
:10A45800206B6579776F72642120506C6561736534
:10A4680020757365206120646966666572656E741F
:10A4780020616C6961730A0D000000002573206972
:10A488007320616C7265616479207573656421203D
:10A49800506C656173652075736520612064696619
:10A4A800666572656E7420616C6961730A0D0000DF
:10A4B800257320697320616E206578697374696EED
:10A4C8006720434C4920636F6D6D616E6421205095
:10A4D8006C656173652075736520612064696666C3
:10A4E8006572656E7420616C6961730A0D00000005
:10A4F800257320697320612077726F6E67206D6FF6
:10A5080064756C65204944206F7220616C696173C1
:10A518000A0D0000506C6561736520656E74657284
:10A5280020736F6D65206D6F64756C652049447389
:10A5380020746F2061646420746F2025730A0D00F5
:10A548005D20616464656420746F206E65772067A0
:10A55800726F75702025730A0D0000005D2061641C
:10A5680064656420746F206578697374696E672008
:10A5780067726F75702025730A0D000041206E65A3
:10A588007720257320627574746F6E206E616D6517
:10A5980064204225642077617320646566696E656E
:10A5A8006420617420706F7274205025640A0D0055
:10A5B800427574746F6E204225642077617320722F
:10A5C800656D6F7665642066726F6D20706F72744A
:10A5D800205025640A0D00002573207761732073CD
:10A5E800657420746F2025730A0D00000A596F7571
:10A5F800206D757374207265737461727420746F42
:10A6080020656E61626C6520746865206E657720D0
:10A6180062617564726174652E0A0D00546869730D
:10A62800206166666563747320616C6C20706F725C
:10A6380074732E20496620796F75206368616E6790
:10A648006520746869732076616C75652066726F21
:10A658006D2064656661756C742C20090909090907
:10A6680009090909090909202020796F75206D75E4
:10A67800737420636F6E6E65637420746F2061203D
:10A68800434C4920706F7274206F6E206561636857
:10A69800207374617274757020746F20726573749E
:10A6A8006F7265206F7468657220617272617920BB
:10A6B800706F72747320696E746F2064656661755B
:10A6C8006C742062617564726174650A0D00000023
:10A6D80057726F6E6720706172616D657465722163
:10A6E8000A0D000025730A0D00000000257320677D
:10A6F800726F757020646F6573206E6F7420657853
:10A70800697374210A0D000047726F7570202573F4
:10A71800206D656D626572733A0A0D0025732069B4
:10A72800732073657420746F20612077726F6E6771
:10A738002076616C7565210A0D000000416C6C2063
:10A74800706172616D6574657273207365742074CD
:10A758006F2064656661756C742076616C756573CD
:10A768000A0D000043757272656E74206172726121
:10A778007920746F706F6C6F6779207761732072BE
:10A78800656D6F7665642E20506C65617365207207
:10A7980065626F6F7420616C6C206D6F64756C6599
:10A7A800730A0D0043757272656E742074696D6565
:10A7B80020697320253032643A253032643A2530D6
:10A7C80032642D253033640A0D000000437572721F
:10A7D800656E742074696D65206973202530326454
:10A7E8003A253032643A253032642D2530336420DE
:10A7F80025730A0D0000000043757272656E74209F
:10A80800646174652069732025730A0D00000000D7
:10A8180057726F6E6720706172616D657465722121
:10A828000D0A0000426175647261746520666F727A
:10A8380020706F72742050256420776173207365CF
:10A848007420746F2025640D0A0000004D435520C4
:10A85800555549442069730A0D0000004D435520A1
:10A868004445565F49442069732025730A0D00004A
:10A8780025734D4355205245565F4944206973203E
:10A8880025642E300A0D00004D435520466C617337
:10A89800682073697A65206973202564204B627982
:10A8A8007465730A0D00000054686520666F6C6C4F
:10A8B8006F77696E6720436F6D6D616E6420536EAC
:10A8C800697070657473206172652073746F726546
:10A8D8006420696E206D656D6F72793A0A0A0D0001
:10A8E8005B253032645D2025730A0D002573696687
:10A8F800206225642E636C69636B65640000000048
:10A9080025736966206225642E646F75626C652004
:10A91800636C69636B656400257369662025732021
:10A92800257320252E31660025730A0D092573002D
:10A938000A0D656E642069660A0A0D00546F20646A
:10A94800656C657465206120536E69707065742C40
:10A9580020747970653A2064656C2D736E69702077
:10A96800780A0D546F20616374697661746520619B
:10A9780020536E69707065742C20747970653A2064
:10A98800090909090909090909090909090961637D
:10A99800742D736E697020780A0D546F207061757C
:10A9A8007365206120536E69707065742C2074790A
:10A9B80070653A2070617573652D736E69702078C3
:10A9C8000A0A0D77686572652078206973207468B3
:10A9D8006520536E6970706574206E756D6265725E
:10A9E8002066726F6D20746865206C6973740A0D37
:10A9F8000000000025736966206225642E72656C6C
:10AA0800656173656420666F72202564000000002C
:10AA180025736966206225642E7072657373656498
:10AA280020666F7220256400536E6970706574200B
:10AA3800776173206163746976617465642E20544C
:10AA480079706520736E697020746F2076696577F8
:10AA58002075706461746564206C6973740A0D00F4
:10AA680054686520536E6970706574206E756D62E8
:10AA7800657220776173206E6F7420666F756E64DF
:10AA88000A0D0000536E6970706574207761732039
:10AA98007061757365642E205479706520736E69D2
:10AAA8007020746F207669657720757064617465AD
:10AAB80064206C6973740A0D00000000536E69709D
:10AAC800706574207761732064656C657465642EA5
:10AAD800205479706520736E697020746F207669D0
:10AAE80065772075706461746564206C6973740A95
:10AAF8000D00000050256420616E642050256420FC
:10AB0800617265206272696467656420746F676545
:10AB1800746865720A0D000057726F6E672073794A
:10AB28006E7461780A0D0000506F72742062726949
:10AB38006467696E67206661696C65640A0D000068
:10AB480050256420616E6420502564206172652060
:10AB5800756E2D627269646765640A0D00000000F5
:10AB6800506F727420756E6272696467696E6720CF
:10AB78006661696C65640A0D000000005025642058
:10AB8800697320776F726B696E6720636F72726585
:10AB980063746C790A0D0000502564207465737421
:10ABA800206661696C65640A0D000000506C65617F
:10ABB80073652073686F7274656E20746865206EA3
:10ABC80065787420706F727420616E64207072658D
:10ABD800737320616E79206B657920746F20636FC1
:10ABE8006E74696E75652074657374696E67207418
:10ABF8006865206E657874206F6E650A0D0A0D0011
:10AC080074686520706F7274206E756D626572204D
:10AC180069732077726F6E670A0D000057726F6E46
:10AC28006720506172616D657465720A0D000000DD
:10AC380057726F6E6720506F7274206E756D626503
:10AC480072200A0D00000000081C3044586C800077
:10AC580044656661756C745461736B004261636B23
:10AC6800456E645461736B00557365725461736B00
:10AC780000000000436C695461736B0050314D73E0
:10AC8800675461736B00000050324D7367546173F1
:10AC98006B00000050334D73675461736B00000004
:10ACA80050344D73675461736B00000050354D7319
:10ACB800675461736B00000050364D7367546173BD
:10ACC8006B000000081C3044586C80005374726597
:10ACD800616D54696D6572008AAA00082AAA000885
:10ACE8003AAA00084AAA00085AAA00086AAA00084C
:10ACF8007AAA0008081C3044586C8000486920660D
:10AD0800726F6D206D6F64756C652025640D0A0087
:10AD180048692066726F6D206D6F64756C652025BB
:10AD28006420282573290D0A00000000746F700044
:10AD3800626F74746F6D0000C808010808C30008CA
:10AD480046C30008CCC30008DEC30008F0C30008EF
:10AD58002808010828080108280801082808010807
:10AD680002C4000830C5000828CA0008F4CA000850
:10AD7800C0CB00081ECF000882CC000850CD0008C8
:10AD8800280801086ECE000882CE0008CAD0000844
:10AD9800DCD00008F4D000088CD2000878D3000872
:10ADA8008ED3000830D4000814DC000828080108F5
:10ADB80020DE0008DEE50008DEEC000802FB0008E3
:10ADC800280801082CFB00082808010828080108A1
:10ADD80028080108280801088AFB00081CFC00084C
:10ADE8001CFC00082808010828FC000832FC0008A0
:10ADF8003CFC000892070108DE070108CCE50008C2
:10AE080008DF00082CDF000852DF00088ADF00088E
:10AE1800D4DF000822E0000870E0000808DF00081E
:10AE2800D2E50008A8E10008CCE10008F2E100083A
:10AE38002AE2000862E20008B0E20008FEE2000828
:10AE4800A8E10008D8E5000828E400084CE4000858
:10AE580072E40008AAE40008E2E4000830E500080B
:10AE68007EE5000828E4000850E6000858E60008D7
:10AE78008EE60008C6E6000844E70008A0E70008D8
:10AE880044E80008E8E8000858E60008C6EC0008AE
:10AE9800B2E90008E6E900081CEA000876EA0008BA
:10AEA800E0EA000882EB000824EC0008B2E9000898
:10AEB800AAF5000896ED000890EE000876EF000865
:10AEC80084F0000894F10008F4F2000846F4000841
:10AED80096ED0008B8FA00089CF70008CAF70008C1
:10AEE800FAF7000852F80008ACF8000864F90008FE
:10AEF80004FA00089CF7000876FC000898FD000892
:10AF08006CFE0008F8FE00083C000108FC0001087F
:10AF1800F0010108C4040108C2FC0008081C304400
:10AF2800586C80006C0B0108740B01087C0B01083D
:10AF3800840B01088C0B0108E20B0108EA0B0108DD
:10AF4800F20B0108FA0B0108020C0108081C304436
:10AF5800586C8000746F7000626F74746F6D0000BD
:10AF6800081C3044586C80005265737461727469AF
:10AF78006E672E2E2E0D0A00486172644661756C4C
:10AF880074204572726F720D0A0000005374616379
:10AF98006B204F766572666C6F770D0A00000000B3
:10AFA800486561702073697A6520657863656564B2
:10AFB80065640D0A00000000081C3044586C8000CD
:10AFC8004D617920323620323032350031323A3311
:10AFD800353A323700000000081C3044586C8000B5
:10AFE800DE490108C6490108CA490108CE490108D5
:10AFF800D2490108D6490108DA490108081C304439
:10B00800586C8000000000000000000000000000F4
:10B018000000000000000000000000000000000028
:10B028000000000001000000020000000300000012
:10B0380004000000060000000700000008000000EF
:10B0480009000000000000000000000000000000EF
:10B0580000000000010000000200000003000000E2
:10B0680004000000081C3044586C800068656C704F
:10B07800000000000D0A68656C703A0D0A204C69E2
:10B0880073747320616C6C207468652072656769DD
:10B0980073746572656420636F6D6D616E64732E81
:10B0A8002054797065202768656C70207061726122
:10B0B8006D732720746F206C6973742061766169E1
:10B0C8006C61626C6520706172616D657465727324
:10B0D80020616E6420746865697220706F7373698B
:10B0E800626C652076616C7565730D0A0D0A000047
:10B0F80074B002087CB00208BD890108FF00000096
:10B10800496E636F727265637420636F6D6D616EF3
:10B118006420706172616D657465722873292E20D0
:10B1280020456E746572202268656C702220746FE9
:10B1380020766965772061206C697374206F6620BA
:10B14800617661696C61626C6520636F6D6D616EBB
:10B1580064732E0D0A0D0A00436F6D6D616E6420D5
:10B168006E6F74207265636F676E697365642E20F5
:10B1780020456E746572202268656C702220746F99
:10B1880020766965772061206C697374206F66206A
:10B19800617661696C61626C6520636F6D6D616E6B
:10B1A80064732E0D0A0D0A00706172616D730000E0
:10B1B80049444C4500000000092563092575092507
:10B1C800750925750D0A0000C8AE0108D2AE010840
:10B1D800DCAE0108E6AE0108F0AE010809257509E4
:10B1E80009257525250D0A0009257509093C31250C
:10B1F800250D0A00FAB10108BCB10108CAB101085D
:10B20800D6B10108DEB1010802B30108C4B20108D1
:10B21800D2B20108DEB20108E6B20108546D72200C
:10B228005376630054B9010854B9010854B90108A8
:10B23800B8B90108CCB90108FCB9010854B901082A
:10B2480054B90108B8B90108CCB90108546D725154
:10B2580000000000081C3044586C80000100020007
:10B268000400060008000A000C001000200040003E
:10B2780080000001081C3044586C80000101010363
:10B28800070100000804020408010101F81300087E
:10B29800EA130008C8130008F4130008C8130008CC
:10B2A800DE160008C8130008F4130008EA130008A3
:10B2B800EA130008DE160008F4130008B0130008AB
:10B2C800B0130008B0130008501700082E00000043
:10B2D80034000000CEFBFFFFCB030000010000009C
:10B2E8000000000035000000CEFBFFFFCB0300008C
:10B2F8000100000000000000BC89D897B2D29C3C35
:10B3080033A7A8D523F649393DA7F444FD0FA53244
:10B318009D978CCF08BA5B25436FAC6428066811EB
:10B32800002020202020202020202828282828200D
:10B338002020202020202020202020202020202005
:10B34800208810101010101010101010101010106D
:10B35800100404040404040404040410101010105D
:10B368001010414141414141010101010101010127
:10B378000101010101010101010101011010101079
:10B3880010104242424242420202020202020202F9
:10B39800020202020202020202020202101010104D
:10B3A8002000000000000000000000000000000075
:10B3B8000000000000000000000000000000000085
:10B3C8000000000000000000000000000000000075
:10B3D8000000000000000000000000000000000065
:10B3E8000000000000000000000000000000000055
:10B3F8000000000000000000000000000000000045
:10B408000000000000000000000000000000000034
:10B418000000000000000000000000000000000024
:10B42800004300504F5349580042616C6C6F6320D1
:10B43800737563636565646564002F6275696C6420
:10B448002F676E752D746F6F6C732D666F722D7309
:10B45800746D33325F31322E332E72656C312E3279
:10B46800303234303932362D313731352F737263FB
:10B478002F6E65776C69622F6E65776C69622F6CC9
:10B488006962632F7374646C69622F6764746F6197
:10B498002D6765746865782E63002F6275696C6422
:10B4A8002F676E752D746F6F6C732D666F722D73A9
:10B4B800746D33325F31322E332E72656C312E3219
:10B4C800303234303932362D313731352F7372639B
:10B4D8002F6E65776C69622F6E65776C69622F6C69
:10B4E8006962632F7374646C69622F6D707265632F
:10B4F8002E63000005000000190000007D00000018
:10B508000080E03779C34143176E05B5B5B8934657
:10B51800F5F93FE9034F384D321D30F94877825A23
:10B528003CBF737FDD4F1575000000000000F03F41
:10B538000000000000002440000000000000594006
:10B548000000000000408F40000000000088C34059
:10B5580000000000006AF8400000000080842E41CE
:10B5680000000000D01263410000000084D797411A
:10B578000000000065CDCD41000000205FA0024220
:10B58800000000E876483742000000A2941A6D4295
:10B59800000040E59C30A2420000901EC4BCD64288
:10B5A80000003426F56B0C430080E03779C3414333
:10B5B80000A0D8855734764300C84E676DC1AB43A9
:10B5C800003D9160E458E143408CB5781DAF1544C7
:10B5D80050EFE2D6E41A4B4492D54D06CFF08044A2
:10B5E800F64AE1C7022DB544B49DD9794378EA44B7
:10B5F800494E4600696E66004E414E006E616E000F
:10B6080030313233343536373839616263646566D0
:10B6180000303132333435363738394142434445C6
:10B62800460030003030303030303030303030305C
:10B6380030303030202020202020202020202020C2
:10B64800202020202C2066756E6374696F6E3A2066
:10B6580000617373657274696F6E202225732220EE
:10B668006661696C65643A2066696C652022257399
:10B67800222C206C696E65202564257325730A00C9
:10B68800496E66696E697479004E614E002F627565
:10B69800696C642F676E752D746F6F6C732D666F90
:10B6A800722D73746D33325F31322E332E72656CA6
:10B6B800312E32303234303932362D313731352F60
:10B6C8007372632F6E65776C69622F6E65776C692C
:10B6D800622F6C6962632F7374646C69622F64747F
:10B6E8006F612E63003030303030303030303030E1
:10B6F80030303030302020202020202020202020F2
:08B70800202020202000000099
:08B71000984FFD7F01000000CD
:08B718003D390208E9000008B8
:04B72000C10000085C
:10B724001C850208248502082C8502083885020835
:10B73400448502084C850208588502086085020881
:10B7440064850208688502086C8502087085020811
:10B7540074850208788502087C85020880850208C1
:10B7640084850208888502088C8502089085020871
:10B77400BC850208E8850208BC860208E88602083F
:10B78400148702083C870208648702084C88020870
:10B794008088020884890208FF001000010100006B
:10B7A4001E00320005FA000000100E000018000010
:10B7B400000000000000000000000000B88C020837
:10B7C4004C8F0208508F0208CCA20208E0A20208A3
:10B7D400FCA202081CA302082CA302085CA3020812
:10B7E400C8A302082CA4020844A4020884A40208E2
:10B7F400B8A40208F8A402081CA5020848A5020877
:10B8040064A5020844A4020884A40208B8A4020897
:10B8140084A50208B8A50208E0A50208F4A5020858
:10B8240024A60208D8A602081CA30208ECA6020853
:10B83400F4A6020810A70208D8A6020824A7020842
:10B8440044A702086CA702081CA30208ACA70208BC
:10B85400D4A7020800A8020818A802082CA8020805
:10B8640054A8020864A8020878A8020890A802084C
:10B87400B0A80208E8A80208F4A8020808A9020867
:10B8840020A9020830A9020838A9020844A902081C
:10B89400FCA9020818AA020830AA020868AA020829
:10B8A4008CAA020868AA0208C4AA020868AA0208A4
:10B8B400FCAA020820AB020830AB020848AB02081D
:10B8C40020AB020868AB020884AB0208A0AB0208F4
:10B8D400B4AB020808AC020820AB020824AC02088E
:10B8E40038AC020838AC02080100000070AF02084E
:10B8F4000024F40020000000F8B00208000000005A
:10B90400D8010020AAAAAAAA04000000010000008D
:10B91400FFFFFFFF00000200000000000000000025
:10B92400F8010020F801002000020020000200209D
:10B93400080200200802002010020020100200204B
:10B9440018020020180200202002002020020020FB
:10B9540028020020280200203002002030020020AB
:10B96400380200203802002040020020400200205B
:10B97400480200204802002050020020500200200B
:10B9840058020020580200206002002060020020BB
:10B99400680200206802002070020020700200206B
:10B9A400780200207802002080020020800200201B
:10B9B40088020020880200209002002090020020CB
:10B9C4009802002098020020A0020020A00200207B
:10B9D400A8020020A8020020B0020020B00200202B
:10B9E400B8020020B8020020C0020020C0020020DB
:10B9F400C8020020C8020020D0020020D00200208B
:10BA0400D8020020D8020020E0020020E00200203A
:10BA1400E8020020E8020020F0020020F0020020EA
:10BA2400F8020020F8020020000300200003002098
:10BA34000803002008030020100300201003002046
:10BA440018030020180300202003002020030020F6
:10BA540028030020280300203003002030030020A6
:10BA64003803002038030020400300204003002056
:10BA74004803002048030020500300205003002006
:10BA840058030020580300206003002060030020B6
:10BA94006803002068030020700300207003002066
:10BAA4007803002078030020800300208003002016
:10BAB40088030020880300209003002090030020C6
:10BAC4009803002098030020A0030020A003002076
:10BAD400A8030020A8030020B0030020B003002026
:10BAE400B8030020B8030020C0030020C0030020D6
:10BAF400C8030020C8030020D0030020D003002086
:10BB0400D8030020D8030020E0030020E003002035
:10BB1400E8030020E8030020F0030020F0030020E5
:10BB2400F8030020F8030020000400200004002093
:10BB34000804002008040020100400201004002041
:10BB440018040020180400202004002020040020F1
:10BB540028040020280400203004002030040020A1
:10BB64003804002038040020400400204004002051
:10BB74004804002048040020500400205004002001
:10BB840058040020580400206004002060040020B1
:10BB94006804002068040020700400207004002061
:10BBA4007804002078040020800400208004002011
:10BBB40088040020880400209004002090040020C1
:10BBC4009804002098040020A0040020A004002071
:10BBD400A8040020A8040020B0040020B004002021
:10BBE400B8040020B8040020C0040020C0040020D1
:10BBF400C8040020C8040020D0040020D004002081
:10BC0400D8040020D8040020E0040020E004002030
:10BC1400E8040020E8040020F0040020F0040020E0
:10BC2400F8040020F804002000050020000500208E
:10BC3400080500200805002010050020100500203C
:10BC440018050020180500202005002020050020EC
:10BC5400280500202805002030050020300500209C
:10BC6400380500203805002040050020400500204C
:10BC740048050020480500205005002050050020FC
:10BC840058050020580500206005002060050020AC
:10BC9400680500206805002070050020700500205C
:10BCA400780500207805002080050020800500200C
:10BCB40088050020880500209005002090050020BC
:10BCC4009805002098050020A0050020A00500206C
:10BCD400A8050020A8050020B0050020B00500201C
:10BCE400B8050020B8050020C0050020C0050020CC
:10BCF400C8050020C8050020D0050020D00500207C
:10BD0400D8050020D8050020E0050020E00500202B
:10BD1400E8050020E8050020F0050020F0050020DB
:10BD24000000000003000000DC9301204300000039
:10BD340000000000000000000000000000000000FF
:10BD440000000000000000000000000043000000AC
:10BD540000000000000000000000000000000000DF
:10BD6400000000000000000000000000430000008C
:10BD740000000000000000000000000000000000BF
:10BD8400000000000000000000000000430000006C
:10BD9400000000000000000000000000000000009F
:10BDA400000000000000000000000000430000004C
:10BDB400000000000000000000000000000000007F
:10BDC400000000000000000000000000430000002C
:10BDD400000000000000000000000000000000005F
:10BDE400000000000000000000000000430000000C
:10BDF400000000000000000000000000000000003F
:10BE0400000000000000000000000000414B020898
:10BE1400294202080000000028B30208D4B2020834
:10BE240087B6020887B6020887B6020887B60208F2
:10BE340087B6020887B6020887B6020887B60208E2
:10BE440087B60208FFFFFFFFFFFFFFFFFFFFFFFFB3
:10BE5400FFFF000001004153434949000000000076
:10BE640000000000000000000000000000000000CE
:10BE74000000000000004153434949000000000055
:10BE840000000000000000000000000000000000AE
:10BE940000000000000000008007002000000000F7
:10BEA40000000000DC93012044940120AC940120A4
:10BEB400000000000000000000000000000000007E
:10BEC400000000000000000000000000000000006E
:10BED400000000000000000000000000000000005E
:10BEE400000000000000000000000000000000004E
:10BEF400000000000000000000000000000000003E
:10BF0400000000000000000000000000000000002D
:10BF1400000000000000000000000000000000001D
:10BF2400000000000000000000000000000000000D
:10BF340000000000000000000100000000000000FC
:10BF44000E33CDAB34126DE6ECDE05000B000000C1
:10BF540000000000000000000000000000000000DD
:10BF640000000000000000000000000000000000CD
:10BF740000000000000000000000000000000000BD
:10BF840000000000000000000000000000000000AD
:10BF9400000000000000000000000000000000009D
:10BFA400000000000000000000000000000000008D
:10BFB400000000000000000000000000000000007D
:10BFC4001D95012080B588B000AF786039601F23CB
:10BFD400FB1800221A707B68BB613B687B611A4BBB
:10BFE4005A69194B8021C9020A435A61EFF310833D
:10BFF400FB60FB683B6172B6C0460FE07A69BB69BF
:10C0040012681A607B6904337B61BB690433BB61CA
:10C014001F217B181A787B1801321A701F23FB1812
:10C024001B783F2BEAD9C046074B1A69C0239B02F1
:10C034001340F9D13B69BB60BB6883F31088C046E9
:0CC04400C046BD4608B080BD0020024090
:0400000508014CC9D9
:00000001FF
